#
# There is insufficient memory for the Java Runtime Environment to continue.
# Native memory allocation (mmap) failed to map 65536 bytes. Error detail: Failed to commit metaspace.
# Possible reasons:
#   The system is out of physical RAM or swap space
#   This process is running with CompressedOops enabled, and the Java Heap may be blocking the growth of the native heap
# Possible solutions:
#   Reduce memory load on the system
#   Increase physical memory or swap space
#   Check if swap backing store is full
#   Decrease Java heap size (-Xmx/-Xms)
#   Decrease number of Java threads
#   Decrease Java thread stack sizes (-Xss)
#   Set larger code cache with -XX:ReservedCodeCacheSize=
#   JVM is running with Unscaled Compressed Oops mode in which the Java heap is
#     placed in the first 4GB address space. The Java Heap base address is the
#     maximum limit for the native heap growth. Please use -XX:HeapBaseMinAddress
#     to set the Java Heap base and to place the Java Heap above 4GB virtual address.
# This output file may be truncated or incomplete.
#
#  Out of Memory Error (virtualSpaceNode.cpp:110), pid=23908, tid=14032
#
# JRE version: OpenJDK Runtime Environment Temurin-17.0.16+8 (17.0.16+8) (build 17.0.16+8)
# Java VM: OpenJDK 64-Bit Server VM Temurin-17.0.16+8 (17.0.16+8, mixed mode, sharing, tiered, compressed oops, compressed class ptrs, g1 gc, windows-amd64)
# No core dump will be written. Minidumps are not enabled by default on client versions of Windows
#

---------------  S U M M A R Y ------------

Command Line: --add-opens=java.base/java.lang=ALL-UNNAMED --add-opens=java.base/java.lang.invoke=ALL-UNNAMED --add-opens=java.base/java.util=ALL-UNNAMED --add-opens=java.prefs/java.util.prefs=ALL-UNNAMED --add-exports=jdk.compiler/com.sun.tools.javac.api=ALL-UNNAMED --add-exports=jdk.compiler/com.sun.tools.javac.util=ALL-UNNAMED --add-opens=java.base/java.util=ALL-UNNAMED --add-opens=java.prefs/java.util.prefs=ALL-UNNAMED --add-opens=java.base/java.nio.charset=ALL-UNNAMED --add-opens=java.base/java.net=ALL-UNNAMED --add-opens=java.base/java.util.concurrent=ALL-UNNAMED --add-opens=java.base/java.util.concurrent.atomic=ALL-UNNAMED --add-opens=java.xml/javax.xml.namespace=ALL-UNNAMED -XX:MaxMetaspaceSize=512m -Xmx2048m -Dfile.encoding=windows-1252 -Duser.country=US -Duser.language=en -Duser.variant -javaagent:C:\Users\dell\.gradle\wrapper\dists\gradle-9.0.0-bin\d6wjpkvcgsg3oed0qlfss3wgl\gradle-9.0.0\lib\agents\gradle-instrumentation-agent-9.0.0.jar org.gradle.launcher.daemon.bootstrap.GradleDaemon 9.0.0

Host: Intel(R) Core(TM) i5-8265U CPU @ 1.60GHz, 8 cores, 7G,  Windows 11 , 64 bit Build 26100 (10.0.26100.7705)
Time: Sun Mar  8 15:07:55 2026 E. Africa Standard Time elapsed time: 7350.332461 seconds (0d 2h 2m 30s)

---------------  T H R E A D  ---------------

Current thread (0x000002c106cca480):  JavaThread "WorkerExecutor Queue Thread 12" [_thread_in_vm, id=14032, stack(0x000000e166100000,0x000000e166200000)]

Stack: [0x000000e166100000,0x000000e166200000]
Native frames: (J=compiled Java code, j=interpreted, Vv=VM code, C=native code)
V  [jvm.dll+0x683169]
V  [jvm.dll+0x839ac8]
V  [jvm.dll+0x83b573]
V  [jvm.dll+0x83bbe3]
V  [jvm.dll+0x2473ff]
V  [jvm.dll+0x83589d]
V  [jvm.dll+0x627dae]
V  [jvm.dll+0x1bf274]
V  [jvm.dll+0x62a71f]
V  [jvm.dll+0x628776]
V  [jvm.dll+0x244cec]
V  [jvm.dll+0x6d9aed]
V  [jvm.dll+0x6da4cf]
V  [jvm.dll+0x372825]
V  [jvm.dll+0x3718a4]
V  [jvm.dll+0x371848]
V  [jvm.dll+0x3819aa]
C  0x000002c148e7b8ae

The last pc belongs to new (printed below).
Java frames: (J=compiled Java code, j=interpreted, Vv=VM code)
j  org.jetbrains.kotlin.diagnostics.PositioningStrategies.<clinit>()V+1174
v  ~StubRoutines::call_stub
j  org.jetbrains.kotlin.diagnostics.SourceElementPositioningStrategies.<clinit>()V+20
v  ~StubRoutines::call_stub
j  org.jetbrains.kotlin.fir.analysis.diagnostics.FirErrors.<clinit>()V+20
v  ~StubRoutines::call_stub
j  org.jetbrains.kotlin.analysis.api.fir.components.KaFirResolver.createKtDiagnostic(Lorg/jetbrains/kotlin/fir/diagnostics/FirDiagnosticHolder;Lorg/jetbrains/kotlin/psi/KtElement;)Lorg/jetbrains/kotlin/analysis/api/diagnostics/KaDiagnostic;+134
j  org.jetbrains.kotlin.analysis.api.fir.components.KaFirResolver.toKtCallInfo$transformErrorReference(Lorg/jetbrains/kotlin/analysis/api/fir/components/KaFirResolver;Lorg/jetbrains/kotlin/psi/KtElement;ZLorg/jetbrains/kotlin/fir/FirElement;Lorg/jetbrains/kotlin/fir/references/FirNamedReference;)Lorg/jetbrains/kotlin/analysis/api/resolution/KaCallInfo;+19
j  org.jetbrains.kotlin.analysis.api.fir.components.KaFirResolver.toKtCallInfo(Lorg/jetbrains/kotlin/fir/FirElement;Lorg/jetbrains/kotlin/psi/KtElement;ZZ)Lorg/jetbrains/kotlin/analysis/api/resolution/KaCallInfo;+510
J 72747 c1 org.jetbrains.kotlin.analysis.api.fir.components.KaFirResolver.access$toKtCallInfo(Lorg/jetbrains/kotlin/analysis/api/fir/components/KaFirResolver;Lorg/jetbrains/kotlin/fir/FirElement;Lorg/jetbrains/kotlin/psi/KtElement;ZZ)Lorg/jetbrains/kotlin/analysis/api/resolution/KaCallInfo; (10 bytes) @ 0x000002c1469bac94 [0x000002c1469bac40+0x0000000000000054]
J 69863 c1 org.jetbrains.kotlin.analysis.api.fir.components.KaFirResolver.doResolveCall(Lorg/jetbrains/kotlin/psi/KtElement;)Lorg/jetbrains/kotlin/analysis/api/resolution/KaCallInfo; (645 bytes) @ 0x000002c14809336c [0x000002c148090540+0x0000000000002e2c]
J 61188 c1 org.jetbrains.kotlin.analysis.api.impl.base.components.KaBaseResolver.resolveToCall(Lorg/jetbrains/kotlin/psi/KtElement;)Lorg/jetbrains/kotlin/analysis/api/resolution/KaCallInfo; (175 bytes) @ 0x000002c1434dccc4 [0x000002c1434dbf40+0x0000000000000d84]
J 73127 c1 org.jetbrains.uast.kotlin.FirKotlinUastResolveProviderService.resolveToClassIfConstructorCall(Lorg/jetbrains/kotlin/psi/KtCallElement;Lorg/jetbrains/uast/UElement;)Lcom/intellij/psi/PsiClass; (1527 bytes) @ 0x000002c148a750e4 [0x000002c148a6abe0+0x000000000000a504]
J 61099 c1 org.jetbrains.uast.kotlin.KotlinUFunctionCallExpression.getClassReference()Lorg/jetbrains/uast/UReferenceExpression; (125 bytes) @ 0x000002c146b643cc [0x000002c146b642c0+0x000000000000010c]
J 71857 c1 org.jetbrains.uast.UCallExpression.accept(Lorg/jetbrains/uast/visitor/UastVisitor;)V (83 bytes) @ 0x000002c14872154c [0x000002c148720780+0x0000000000000dcc]
j  org.jetbrains.uast.kotlin.KotlinUField.accept(Lorg/jetbrains/uast/visitor/UastVisitor;)V+37
J 71386 c2 org.jetbrains.uast.internal.ImplementationUtilsKt.acceptList(Ljava/util/List;Lorg/jetbrains/uast/visitor/UastVisitor;)V (49 bytes) @ 0x000002c14bfab850 [0x000002c14bfab7a0+0x00000000000000b0]
j  org.jetbrains.uast.kotlin.AbstractKotlinUClass.accept(Lorg/jetbrains/uast/visitor/UastVisitor;)V+42
J 71386 c2 org.jetbrains.uast.internal.ImplementationUtilsKt.acceptList(Ljava/util/List;Lorg/jetbrains/uast/visitor/UastVisitor;)V (49 bytes) @ 0x000002c14bfab850 [0x000002c14bfab7a0+0x00000000000000b0]
j  org.jetbrains.uast.UFile.accept(Lorg/jetbrains/uast/visitor/UastVisitor;)V+44
j  com.android.tools.lint.detector.api.UastLintUtilsKt.acceptSourceFile(Lorg/jetbrains/uast/UFile;Lorg/jetbrains/uast/visitor/UastVisitor;)V+148
j  com.android.tools.lint.client.api.UElementVisitor$visitFile$2.run()V+24
j  com.android.tools.lint.client.api.LintClient.runReadAction(Ljava/lang/Runnable;)V+8
j  com.android.tools.lint.LintCliClient.runReadAction(Ljava/lang/Runnable;)V+59
j  com.android.tools.lint.client.api.LintDriver$LintClientWrapper.runReadAction(Ljava/lang/Runnable;)V+12
j  com.android.tools.lint.client.api.UElementVisitor.visitFile(Lcom/android/tools/lint/detector/api/JavaContext;)V+105
j  com.android.tools.lint.client.api.LintDriver$visitUastDetectors$1.run()V+28
j  com.android.tools.lint.client.api.LintClient.runReadAction(Ljava/lang/Runnable;)V+8
j  com.android.tools.lint.LintCliClient.runReadAction(Ljava/lang/Runnable;)V+59
j  com.android.tools.lint.client.api.LintDriver$LintClientWrapper.runReadAction(Ljava/lang/Runnable;)V+12
j  com.android.tools.lint.client.api.LintDriver.visitUastDetectors(Ljava/util/List;Lcom/android/tools/lint/client/api/UElementVisitor;)Z+45
j  com.android.tools.lint.client.api.LintDriver.visitUast(Lcom/android/tools/lint/detector/api/Project;Lcom/android/tools/lint/detector/api/Project;Lcom/android/tools/lint/client/api/UastParser$UastSourceList;Ljava/util/List;)V+66
j  com.android.tools.lint.client.api.LintDriver.runFileDetectors(Lcom/android/tools/lint/detector/api/Project;Lcom/android/tools/lint/detector/api/Project;Ljava/util/List;)V+1063
j  com.android.tools.lint.client.api.LintDriver.checkProject(Lcom/android/tools/lint/detector/api/Project;Lcom/android/tools/lint/detector/api/Project;)V+393
j  com.android.tools.lint.client.api.LintDriver.checkProjectRoot(Lcom/android/tools/lint/detector/api/Project;)V+105
j  com.android.tools.lint.client.api.LintDriver.access$checkProjectRoot(Lcom/android/tools/lint/client/api/LintDriver;Lcom/android/tools/lint/detector/api/Project;)V+2
j  com.android.tools.lint.client.api.LintDriver$analyzeOnly$1.invoke(Ljava/util/Collection;)V+15
j  com.android.tools.lint.client.api.LintDriver$analyzeOnly$1.invoke(Ljava/lang/Object;)Ljava/lang/Object;+5
j  com.android.tools.lint.client.api.LintDriver.doAnalyze(ZLkotlin/jvm/functions/Function1;)V+123
j  com.android.tools.lint.client.api.LintDriver.analyzeOnly()V+78
j  com.android.tools.lint.LintCliClient$analyzeOnly$1.invoke()V+7
j  com.android.tools.lint.LintCliClient$analyzeOnly$1.invoke()Ljava/lang/Object;+1
j  com.android.tools.lint.LintCliClient.run(Lcom/android/tools/lint/client/api/IssueRegistry;Lcom/android/tools/lint/client/api/LintRequest;Lkotlin/jvm/functions/Function0;Lkotlin/jvm/functions/Function0;)I+85
j  com.android.tools.lint.LintCliClient.analyzeOnly(Lcom/android/tools/lint/client/api/IssueRegistry;Lcom/android/tools/lint/client/api/LintRequest;)I+69
j  com.android.tools.lint.Main.run(Lcom/android/tools/lint/LintCliClient;Lcom/android/tools/lint/client/api/LintRequest;Lcom/android/tools/lint/Main$ArgumentState;)I+56
j  com.android.tools.lint.Main.run([Ljava/lang/String;)I+105
v  ~StubRoutines::call_stub
J 2319  jdk.internal.reflect.NativeMethodAccessorImpl.invoke0(Ljava/lang/reflect/Method;Ljava/lang/Object;[Ljava/lang/Object;)Ljava/lang/Object; java.base@17.0.16 (0 bytes) @ 0x000002c14951dec7 [0x000002c14951de40+0x0000000000000087]
J 17746 c2 jdk.internal.reflect.NativeMethodAccessorImpl.invoke(Ljava/lang/Object;[Ljava/lang/Object;)Ljava/lang/Object; java.base@17.0.16 (137 bytes) @ 0x000002c149f463d8 [0x000002c149f46360+0x0000000000000078]
J 11089 c2 jdk.internal.reflect.DelegatingMethodAccessorImpl.invoke(Ljava/lang/Object;[Ljava/lang/Object;)Ljava/lang/Object; java.base@17.0.16 (10 bytes) @ 0x000002c149555ae4 [0x000002c149555aa0+0x0000000000000044]
j  java.lang.reflect.Method.invoke(Ljava/lang/Object;[Ljava/lang/Object;)Ljava/lang/Object;+59 java.base@17.0.16
j  com.android.build.gradle.internal.lint.AndroidLintWorkAction.invokeLintMainRunMethod(Ljava/lang/ClassLoader;Ljava/util/List;)I+104
j  com.android.build.gradle.internal.lint.AndroidLintWorkAction.runLint(Ljava/util/List;Z)I+60
j  com.android.build.gradle.internal.lint.AndroidLintWorkAction.execute()V+148
j  org.gradle.workers.internal.DefaultWorkerServer.execute(Lorg/gradle/workers/internal/SimpleActionExecutionSpec;)Lorg/gradle/workers/internal/DefaultWorkResult;+123
j  org.gradle.workers.internal.NoIsolationWorkerFactory$1$1.create()Lorg/gradle/workers/internal/DefaultWorkResult;+29
j  org.gradle.workers.internal.NoIsolationWorkerFactory$1$1.create()Ljava/lang/Object;+1
j  org.gradle.internal.classloader.ClassLoaderUtils.executeInClassloader(Ljava/lang/ClassLoader;Lorg/gradle/internal/Factory;)Ljava/lang/Object;+15
j  org.gradle.workers.internal.NoIsolationWorkerFactory$1.lambda$execute$0(Ljava/lang/ClassLoader;Lorg/gradle/workers/WorkerExecutor;Lorg/gradle/workers/internal/IsolatedParametersActionExecutionSpec;)Lorg/gradle/workers/internal/DefaultWorkResult;+10
j  org.gradle.workers.internal.NoIsolationWorkerFactory$1$$Lambda$2762+0x000002c15b1275f0.execute(Lorg/gradle/workers/internal/IsolatedParametersActionExecutionSpec;)Lorg/gradle/workers/internal/DefaultWorkResult;+13
j  org.gradle.workers.internal.AbstractWorker$1.call(Lorg/gradle/internal/operations/BuildOperationContext;)Lorg/gradle/workers/internal/DefaultWorkResult;+8
j  org.gradle.workers.internal.AbstractWorker$1.call(Lorg/gradle/internal/operations/BuildOperationContext;)Ljava/lang/Object;+2
J 14182 c2 org.gradle.internal.operations.DefaultBuildOperationRunner$CallableBuildOperationWorker.execute(Lorg/gradle/internal/operations/BuildOperation;Lorg/gradle/internal/operations/BuildOperationContext;)V (10 bytes) @ 0x000002c149584090 [0x000002c149584020+0x0000000000000070]
J 22292 c2 org.gradle.internal.operations.DefaultBuildOperationRunner.execute(Lorg/gradle/internal/operations/BuildOperationDescriptor$Builder;Lorg/gradle/internal/operations/BuildOperationState;Lorg/gradle/internal/operations/DefaultBuildOperationRunner$BuildOperationExecution;)Ljava/lang/Object; (147 bytes) @ 0x000002c14a277580 [0x000002c14a276d80+0x0000000000000800]
J 21003 c2 org.gradle.internal.operations.DefaultBuildOperationRunner.call(Lorg/gradle/internal/operations/CallableBuildOperation;)Ljava/lang/Object; (24 bytes) @ 0x000002c14a0e2020 [0x000002c14a0e1e20+0x0000000000000200]
j  org.gradle.workers.internal.AbstractWorker.executeWrappedInBuildOperation(Lorg/gradle/workers/internal/IsolatedParametersActionExecutionSpec;Lorg/gradle/internal/operations/BuildOperationRef;Lorg/gradle/workers/internal/AbstractWorker$Work;)Lorg/gradle/workers/internal/DefaultWorkResult;+15
j  org.gradle.workers.internal.NoIsolationWorkerFactory$1.execute(Lorg/gradle/workers/internal/IsolatedParametersActionExecutionSpec;Lorg/gradle/internal/operations/BuildOperationRef;)Lorg/gradle/workers/internal/DefaultWorkResult;+17
j  org.gradle.workers.internal.DefaultWorkerExecutor.lambda$submitWork$0(Lorg/gradle/workers/internal/WorkerFactory;Lorg/gradle/workers/internal/WorkerRequirement;Lorg/gradle/workers/internal/IsolatedParametersActionExecutionSpec;Lorg/gradle/internal/operations/BuildOperationRef;)Lorg/gradle/workers/internal/DefaultWorkResult;+13
j  org.gradle.workers.internal.DefaultWorkerExecutor$$Lambda$2758+0x000002c15b126960.call()Ljava/lang/Object;+16
J 66269 c2 java.util.concurrent.FutureTask.run()V java.base@17.0.16 (123 bytes) @ 0x000002c14b946874 [0x000002c14b9465e0+0x0000000000000294]
j  org.gradle.internal.work.DefaultConditionalExecutionQueue$ExecutionRunner.runExecution(Lorg/gradle/internal/work/ConditionalExecution;)V+6
j  org.gradle.internal.work.DefaultConditionalExecutionQueue$ExecutionRunner.access$700(Lorg/gradle/internal/work/DefaultConditionalExecutionQueue$ExecutionRunner;Lorg/gradle/internal/work/ConditionalExecution;)V+2
j  org.gradle.internal.work.DefaultConditionalExecutionQueue$ExecutionRunner$1.run()V+14
J 31233 c1 org.gradle.internal.Factories$1.create()Ljava/lang/Object; (11 bytes) @ 0x000002c14229b5c4 [0x000002c14229b4c0+0x0000000000000104]
J 17234 c1 org.gradle.internal.work.DefaultWorkerLeaseService.withLocks(Ljava/util/Collection;Lorg/gradle/internal/Factory;)Ljava/lang/Object; (53 bytes) @ 0x000002c142f492a4 [0x000002c142f48e40+0x0000000000000464]
J 13881 c1 org.gradle.internal.work.DefaultWorkerLeaseService.runAsWorkerThread(Lorg/gradle/internal/Factory;)Ljava/lang/Object; (37 bytes) @ 0x000002c1430d4394 [0x000002c1430d3de0+0x00000000000005b4]
j  org.gradle.internal.work.DefaultWorkerLeaseService.runAsWorkerThread(Ljava/lang/Runnable;)V+5
j  org.gradle.internal.work.DefaultConditionalExecutionQueue$ExecutionRunner.runBatch(Lorg/gradle/internal/work/ConditionalExecution;)V+16
j  org.gradle.internal.work.DefaultConditionalExecutionQueue$ExecutionRunner.run()V+11
J 30344 c2 java.util.concurrent.Executors$RunnableAdapter.call()Ljava/lang/Object; java.base@17.0.16 (14 bytes) @ 0x000002c14aafa29c [0x000002c14aafa220+0x000000000000007c]
J 50348 c1 java.util.concurrent.FutureTask.run()V java.base@17.0.16 (123 bytes) @ 0x000002c145e721dc [0x000002c145e72040+0x000000000000019c]
J 30320 c2 org.gradle.internal.concurrent.AbstractManagedExecutor$1.run()V (57 bytes) @ 0x000002c14aaf2a8c [0x000002c14aaf2940+0x000000000000014c]
j  java.util.concurrent.ThreadPoolExecutor.runWorker(Ljava/util/concurrent/ThreadPoolExecutor$Worker;)V+92 java.base@17.0.16
J 23405 c1 java.util.concurrent.ThreadPoolExecutor$Worker.run()V java.base@17.0.16 (9 bytes) @ 0x000002c143f9553c [0x000002c143f954c0+0x000000000000007c]
J 23332 c1 java.lang.Thread.run()V java.base@17.0.16 (17 bytes) @ 0x000002c143f78bfc [0x000002c143f78ac0+0x000000000000013c]
v  ~StubRoutines::call_stub
new  187 new  [0x000002c148e7b720, 0x000002c148e7b940]  544 bytes
[MachCode]
  0x000002c148e7b720: 4883 ec08 | c5fa 1104 | 24eb 1f48 | 83ec 10c5 | fb11 0424 | eb14 4883 | ec10 4889 | 0424 48c7 
  0x000002c148e7b740: 4424 0800 | 0000 00eb | 0150 410f | b755 010f | cac1 ea10 | 488b 4de8 | 488b 4908 | 488b 4908 
  0x000002c148e7b760: 488b 4108 | 807c 1004 | 070f 85df | 0000 0066 | 8b54 d148 | 488b 4928 | 488b 4cd1 | 0851 80b9 
  0x000002c148e7b780: 3301 0000 | 040f 85c2 | 0000 008b | 5108 f7c2 | 0100 0000 | 0f85 b300 | 0000 498b | 8708 0100 
  0x000002c148e7b7a0: 0048 8d1c | 1049 3b9f | 1801 0000 | 0f87 9b00 | 0000 4989 | 9f08 0100 | 00e9 0000 | 0000 4883 
  0x000002c148e7b7c0: ea10 0f84 | 0f00 0000 | 33c9 c1ea | 0348 894c | d008 48ff | ca75 f648 | c700 0100 | 0000 5933 
  0x000002c148e7b7e0: f689 700c | 49ba 0000 | 0059 c102 | 0000 492b | ca89 4808 | 49ba c3c6 | d436 fe7f | 0000 4180 
  0x000002c148e7b800: 3a00 0f84 | 4000 0000 | 5048 8bc8 | 4883 ec20 | f7c4 0f00 | 0000 0f84 | 1a00 0000 | 4883 ec08 
  0x000002c148e7b820: 49ba 708d | 8a36 fe7f | 0000 41ff | d248 83c4 | 08e9 0d00 | 0000 49ba | 708d 8a36 | fe7f 0000 
  0x000002c148e7b840: 41ff d248 | 83c4 2058 | e9cd 0000 | 0059 488b | 55e8 488b | 5208 488b | 5208 450f | b745 0141 
  0x000002c148e7b860: 0fc8 41c1 | e810 e805 | 0000 00e9 | aa00 0000 | 488d 4424 | 084c 896d | c049 8bcf | c5f8 7749 
  0x000002c148e7b880: 89af a802 | 0000 4989 | 8798 0200 | 0048 83ec | 20f7 c40f | 0000 000f | 841a 0000 | 0048 83ec 
  0x000002c148e7b8a0: 0849 ba20 | 1954 36fe | 7f00 0041 | ffd2 4883 | c408 e90d | 0000 0049 | ba20 1954 | 36fe 7f00 
  0x000002c148e7b8c0: 0041 ffd2 | 4883 c420 | 49c7 8798 | 0200 0000 | 0000 0049 | c787 a802 | 0000 0000 | 0000 49c7 
  0x000002c148e7b8e0: 87a0 0200 | 0000 0000 | 00c5 f877 | 4981 7f08 | 0000 0000 | 0f84 0500 | 0000 e901 | 56fe ff49 
  0x000002c148e7b900: 8b87 f002 | 0000 49c7 | 87f0 0200 | 0000 0000 | 004c 8b6d | c04c 8b75 | c8c3 410f | b65d 0349 
  0x000002c148e7b920: 83c5 0349 | ba10 37d7 | 36fe 7f00 | 0041 ff24 | da0f 1f80 | 0000 0000 | 0000 0000 | 0000 0000 
[/MachCode]

Compiled method (c1) 7351779 72747       3       org.jetbrains.kotlin.analysis.api.fir.components.KaFirResolver::access$toKtCallInfo (10 bytes)
 total in heap  [0x000002c1469baa90,0x000002c1469bae08] = 888
 relocation     [0x000002c1469babf0,0x000002c1469bac28] = 56
 main code      [0x000002c1469bac40,0x000002c1469bad20] = 224
 stub code      [0x000002c1469bad20,0x000002c1469bad68] = 72
 oops           [0x000002c1469bad68,0x000002c1469bad70] = 8
 metadata       [0x000002c1469bad70,0x000002c1469bad78] = 8
 scopes data    [0x000002c1469bad78,0x000002c1469bada0] = 40
 scopes pcs     [0x000002c1469bada0,0x000002c1469badf0] = 80
 dependencies   [0x000002c1469badf0,0x000002c1469badf8] = 8
 nul chk table  [0x000002c1469badf8,0x000002c1469bae08] = 16

[Constant Pool (empty)]

[MachCode]
[Verified Entry Point]
  # {method} {0x000002c119cebdf0} 'access$toKtCallInfo' '(Lorg/jetbrains/kotlin/analysis/api/fir/components/KaFirResolver;Lorg/jetbrains/kotlin/fir/FirElement;Lorg/jetbrains/kotlin/psi/KtElement;ZZ)Lorg/jetbrains/kotlin/analysis/api/resolution/KaCallInfo;' in 'org/jetbrains/kotlin/analysis/api/fir/components/KaFirResolver'
  # parm0:    rdx:rdx   = 'org/jetbrains/kotlin/analysis/api/fir/components/KaFirResolver'
  # parm1:    r8:r8     = 'org/jetbrains/kotlin/fir/FirElement'
  # parm2:    r9:r9     = 'org/jetbrains/kotlin/psi/KtElement'
  # parm3:    rdi       = boolean
  # parm4:    rsi       = boolean
  #           [sp+0x50]  (sp of caller)
  0x000002c1469bac40: 8984 2400 | 90ff ff55 | 4883 ec40 

  0x000002c1469bac4c: ;   {metadata(method data for {method} {0x000002c119cebdf0} 'access$toKtCallInfo' '(Lorg/jetbrains/kotlin/analysis/api/fir/components/KaFirResolver;Lorg/jetbrains/kotlin/fir/FirElement;Lorg/jetbrains/kotlin/psi/KtElement;ZZ)Lorg/jetbrains/kotlin/analysis/api/resolution/KaCallInfo;' in 'org/jetbrains/kotlin/analysis/api/fir/components/KaFirResolver')}
  0x000002c1469bac4c: 48bb d8df | 9d1c c102 | 0000 8b83 | cc00 0000 | 83c0 0289 | 83cc 0000 | 0081 e0fe | 0700 0083 
  0x000002c1469bac6c: f800 0f84 | 3300 0000 

  0x000002c1469bac74: ; implicit exception: dispatches to 0x000002c1469bacc5
  0x000002c1469bac74: 483b 0248 

  0x000002c1469bac78: ;   {metadata(method data for {method} {0x000002c119cebdf0} 'access$toKtCallInfo' '(Lorg/jetbrains/kotlin/analysis/api/fir/components/KaFirResolver;Lorg/jetbrains/kotlin/fir/FirElement;Lorg/jetbrains/kotlin/psi/KtElement;ZZ)Lorg/jetbrains/kotlin/analysis/api/resolution/KaCallInfo;' in 'org/jetbrains/kotlin/analysis/api/fir/components/KaFirResolver')}
  0x000002c1469bac78: 8bda 48b8 | d8df 9d1c | c102 0000 | 4883 8010 | 0100 0001 

  0x000002c1469bac8c: ;   {optimized virtual_call}
  0x000002c1469bac8c: 6666 90e8 

  0x000002c1469bac90: ; ImmutableOopMap {}
                      ;*invokespecial toKtCallInfo {reexecute=0 rethrow=0 return_oop=0}
                      ; - org.jetbrains.kotlin.analysis.api.fir.components.KaFirResolver::access$toKtCallInfo@6 (line 89)
  0x000002c1469bac90: 9100 0000 | 4883 c440 

  0x000002c1469bac98: ;   {poll_return}
  0x000002c1469bac98: 5d49 3ba7 | 4803 0000 | 0f87 2400 

  0x000002c1469baca4: ;   {metadata({method} {0x000002c119cebdf0} 'access$toKtCallInfo' '(Lorg/jetbrains/kotlin/analysis/api/fir/components/KaFirResolver;Lorg/jetbrains/kotlin/fir/FirElement;Lorg/jetbrains/kotlin/psi/KtElement;ZZ)Lorg/jetbrains/kotlin/analysis/api/resolution/KaCallInfo;' in 'org/jetbrains/kotlin/analysis/api/fir/components/KaFirResolver')}
  0x000002c1469baca4: 0000 c349 | bae8 bdce | 19c1 0200 | 004c 8954 | 2408 48c7 | 0424 ffff 

  0x000002c1469bacbc: ;   {runtime_call counter_overflow Runtime1 stub}
  0x000002c1469bacbc: ffff e8bd 

  0x000002c1469bacc0: ; ImmutableOopMap {rdx=Oop r8=Oop r9=Oop }
                      ;*synchronization entry
                      ; - org.jetbrains.kotlin.analysis.api.fir.components.KaFirResolver::access$toKtCallInfo@-1
  0x000002c1469bacc0: 115a 02eb 

  0x000002c1469bacc4: ;   {runtime_call throw_null_pointer_exception Runtime1 stub}
  0x000002c1469bacc4: afe8 d6c0 

  0x000002c1469bacc8: ; ImmutableOopMap {rdx=Oop r8=Oop r9=Oop }
                      ;*invokespecial toKtCallInfo {reexecute=0 rethrow=0 return_oop=0}
                      ; - org.jetbrains.kotlin.analysis.api.fir.components.KaFirResolver::access$toKtCallInfo@6 (line 89)
                      ;   {internal_word}
  0x000002c1469bacc8: 5902 49ba | 99ac 9b46 | c102 0000 | 4d89 9760 

  0x000002c1469bacd8: ;   {runtime_call SafepointBlob}
  0x000002c1469bacd8: 0300 00e9 | 20cd 4f02 | 9090 498b | 87d8 0300 | 0049 c787 | d803 0000 | 0000 0000 | 49c7 87e0 
  0x000002c1469bacf8: 0300 0000 | 0000 0048 | 83c4 405d 

  0x000002c1469bad04: ;   {runtime_call unwind_exception Runtime1 stub}
  0x000002c1469bad04: e9f7 d450 | 02f4 f4f4 | f4f4 f4f4 | f4f4 f4f4 | f4f4 f4f4 | f4f4 f4f4 | f4f4 f4f4 
[Stub Code]
  0x000002c1469bad20: ;   {no_reloc}
  0x000002c1469bad20: 0f1f 4400 

  0x000002c1469bad24: ;   {static_stub}
  0x000002c1469bad24: 0048 bb08 | dfcd 19c1 

  0x000002c1469bad2c: ;   {runtime_call I2C/C2I adapters}
  0x000002c1469bad2c: 0200 00e9 | b329 4f02 
[Exception Handler]
  0x000002c1469bad34: ;   {runtime_call handle_exception_from_callee Runtime1 stub}
  0x000002c1469bad34: e847 de59 

  0x000002c1469bad38: ;   {external_word}
  0x000002c1469bad38: 0248 b9a0 | e9ae 36fe | 7f00 0048 

  0x000002c1469bad44: ;   {runtime_call}
  0x000002c1469bad44: 83e4 f049 | ba10 7977 | 36fe 7f00 | 0041 ffd2 

  0x000002c1469bad54: ;   {section_word}
  0x000002c1469bad54: f449 ba55 | ad9b 46c1 | 0200 0041 

  0x000002c1469bad60: ;   {runtime_call DeoptimizationBlob}
  0x000002c1469bad60: 52e9 3abf | 4f02 f4f4 
[/MachCode]


Compiled method (c1) 7351791 69863   !   3       org.jetbrains.kotlin.analysis.api.fir.components.KaFirResolver::doResolveCall (645 bytes)
 total in heap  [0x000002c14808f690,0x000002c14809dfa8] = 59672
 relocation     [0x000002c14808f7f0,0x000002c148090530] = 3392
 main code      [0x000002c148090540,0x000002c148098f60] = 35360
 stub code      [0x000002c148098f60,0x000002c1480995e8] = 1672
 oops           [0x000002c1480995e8,0x000002c148099660] = 120
 metadata       [0x000002c148099660,0x000002c148099808] = 424
 scopes data    [0x000002c148099808,0x000002c14809bc18] = 9232
 scopes pcs     [0x000002c14809bc18,0x000002c14809d1f8] = 5600
 dependencies   [0x000002c14809d1f8,0x000002c14809d220] = 40
 handler table  [0x000002c14809d220,0x000002c14809ddf0] = 3024
 nul chk table  [0x000002c14809ddf0,0x000002c14809dfa8] = 440

[Constant Pool (empty)]

[MachCode]
[Entry Point]
  # {method} {0x000002c119cdcc18} 'doResolveCall' '(Lorg/jetbrains/kotlin/psi/KtElement;)Lorg/jetbrains/kotlin/analysis/api/resolution/KaCallInfo;' in 'org/jetbrains/kotlin/analysis/api/fir/components/KaFirResolver'
  # this:     rdx:rdx   = 'org/jetbrains/kotlin/analysis/api/fir/components/KaFirResolver'
  # parm0:    r8:r8     = 'org/jetbrains/kotlin/psi/KtElement'
  #           [sp+0x280]  (sp of caller)
  0x000002c148090540: 448b 5208 | 49bb 0000 | 0059 c102 | 0000 4d03 | d34c 3bd0 

  0x000002c148090554: ;   {runtime_call ic_miss_stub}
  0x000002c148090554: 0f85 260b | e200 660f | 1f44 0000 
[Verified Entry Point]
  0x000002c148090560: 8984 2400 | 90ff ff55 | 4881 ec70 | 0200 0048 | 8994 24f0 | 0000 004c | 8984 24f8 

  0x000002c14809057c: ;   {metadata(method data for {method} {0x000002c119cdcc18} 'doResolveCall' '(Lorg/jetbrains/kotlin/psi/KtElement;)Lorg/jetbrains/kotlin/analysis/api/resolution/KaCallInfo;' in 'org/jetbrains/kotlin/analysis/api/fir/components/KaFirResolver')}
  0x000002c14809057c: 0000 0048 | bee0 b28b | 1cc1 0200 | 008b becc | 0000 0083 | c702 89be | cc00 0000 | 81e7 fe07 
  0x000002c14809059c: 0000 83ff | 000f 84f4 

  0x000002c1480905a4: ;   {metadata(method data for {method} {0x000002c119cdcc18} 'doResolveCall' '(Lorg/jetbrains/kotlin/psi/KtElement;)Lorg/jetbrains/kotlin/analysis/api/resolution/KaCallInfo;' in 'org/jetbrains/kotlin/analysis/api/fir/components/KaFirResolver')}
  0x000002c1480905a4: 7500 0048 | bee0 b28b | 1cc1 0200 | 0048 8386 | 1001 0000 

  0x000002c1480905b8: ;   {metadata(method data for {method} {0x000002c10ae0b7a8} 'checkNotNullParameter' '(Ljava/lang/Object;Ljava/lang/String;)V' in 'kotlin/jvm/internal/Intrinsics')}
  0x000002c1480905b8: 0148 be60 | f31a 0bc1 | 0200 008b | becc 0000 | 0083 c702 | 89be cc00 | 0000 81e7 | feff 1f00 
  0x000002c1480905d8: 83ff 000f | 84db 7500 | 0049 83f8 

  0x000002c1480905e4: ;   {metadata(method data for {method} {0x000002c10ae0b7a8} 'checkNotNullParameter' '(Ljava/lang/Object;Ljava/lang/String;)V' in 'kotlin/jvm/internal/Intrinsics')}
  0x000002c1480905e4: 0048 be60 | f31a 0bc1 | 0200 0048 | c7c7 1001 | 0000 0f85 | 0700 0000 | 48c7 c720 | 0100 0048 
  0x000002c148090604: 8b04 3e48 | 8d40 0148 | 8904 3e0f | 85ff 0100 

  0x000002c148090614: ;   {metadata(method data for {method} {0x000002c10ae0b7a8} 'checkNotNullParameter' '(Ljava/lang/Object;Ljava/lang/String;)V' in 'kotlin/jvm/internal/Intrinsics')}
  0x000002c148090614: 0048 be60 | f31a 0bc1 | 0200 0048 | 8386 3001 

  0x000002c148090624: ;   {metadata(method data for {method} {0x000002c10ae0b918} 'throwParameterIsNullNPE' '(Ljava/lang/String;)V' in 'kotlin/jvm/internal/Intrinsics')}
  0x000002c148090624: 0000 0148 | bee8 f41a | 0bc1 0200 | 008b becc | 0000 0083 | c702 89be | cc00 0000 | 81e7 feff 
  0x000002c148090644: 1f00 83ff | 000f 848e | 7500 0090 

  0x000002c148090650: ;   {no_reloc}
  0x000002c148090650: e9b8 7500 | 0000 0000 | 0000 498b | 8708 0100 | 0048 8d78 | 3049 3bbf | 1801 0000 | 0f87 a575 
  0x000002c148090670: 0000 4989 | bf08 0100 | 0048 c700 | 0100 0000 | 488b ca49 | ba00 0000 | 59c1 0200 | 0049 2bca 
  0x000002c148090690: 8948 0848 | 33c9 8948 | 0c48 33c9 | 4889 4810 | 4889 4818 | 4889 4820 | 4889 4828 

  0x000002c1480906ac: ;   {metadata(method data for {method} {0x000002c10ae0b918} 'throwParameterIsNullNPE' '(Ljava/lang/String;)V' in 'kotlin/jvm/internal/Intrinsics')}
  0x000002c1480906ac: 48ba e8f4 | 1a0b c102 | 0000 4883 | 8210 0100 

  0x000002c1480906bc: ;   {oop("psi"{0x00000000849d3f88})}
  0x000002c1480906bc: 0001 48ba | 883f 9d84 | 0000 0000 | 4889 8424 | e800 0000 | 0f1f 8000 

  0x000002c1480906d4: ;   {static_call}
  0x000002c1480906d4: 0000 00e8 

  0x000002c1480906d8: ; ImmutableOopMap {[232]=Oop [240]=Oop [248]=Oop }
                      ;*invokestatic createParameterIsNullExceptionMessage {reexecute=0 rethrow=0 return_oop=0}
                      ; - kotlin.jvm.internal.Intrinsics::throwParameterIsNullNPE@5 (line 140)
                      ; - kotlin.jvm.internal.Intrinsics::checkNotNullParameter@5 (line 131)
                      ; - org.jetbrains.kotlin.analysis.api.fir.components.KaFirResolver::doResolveCall@4
  0x000002c1480906d8: a412 e200 | 4c8b 8424 | e800 0000 

  0x000002c1480906e4: ;   {metadata(method data for {method} {0x000002c10ae0b918} 'throwParameterIsNullNPE' '(Ljava/lang/String;)V' in 'kotlin/jvm/internal/Intrinsics')}
  0x000002c1480906e4: 48ba e8f4 | 1a0b c102 | 0000 4883 | 8220 0100 | 0001 4c8b | c048 8b94 | 24e8 0000 | 0066 0f1f 
  0x000002c148090704: ;   {optimized virtual_call}
  0x000002c148090704: 4400 00e8 

  0x000002c148090708: ; ImmutableOopMap {[232]=Oop [240]=Oop [248]=Oop }
                      ;*invokespecial <init> {reexecute=0 rethrow=0 return_oop=0}
                      ; - kotlin.jvm.internal.Intrinsics::throwParameterIsNullNPE@8 (line 140)
                      ; - kotlin.jvm.internal.Intrinsics::checkNotNullParameter@5 (line 131)
                      ; - org.jetbrains.kotlin.analysis.api.fir.components.KaFirResolver::doResolveCall@4
  0x000002c148090708: 740c e200 

  0x000002c14809070c: ;   {metadata(method data for {method} {0x000002c10ae0b918} 'throwParameterIsNullNPE' '(Ljava/lang/String;)V' in 'kotlin/jvm/internal/Intrinsics')}
  0x000002c14809070c: 48ba e8f4 | 1a0b c102 | 0000 4883 | 8230 0100 

  0x000002c14809071c: ;   {metadata(method data for {method} {0x000002c10ae1c908} 'sanitizeStackTrace' '(Ljava/lang/Throwable;)Ljava/lang/Throwable;' in 'kotlin/jvm/internal/Intrinsics')}
  0x000002c14809071c: 0001 48ba | c8fb 1a0b | c102 0000 | 8bb2 cc00 | 0000 83c6 | 0289 b2cc | 0000 0081 | e6fe ff1f 
  0x000002c14809073c: 0083 fe00 | 0f84 de74 

  0x000002c148090744: ;   {oop(a 'java/lang/Class'{0x000000009bbaf400} = 'kotlin/jvm/internal/Intrinsics')}
  0x000002c148090744: 0000 48ba | 00f4 ba9b | 0000 0000 

  0x000002c148090750: ;   {metadata(method data for {method} {0x000002c10ae1c908} 'sanitizeStackTrace' '(Ljava/lang/Throwable;)Ljava/lang/Throwable;' in 'kotlin/jvm/internal/Intrinsics')}
  0x000002c148090750: 488b f248 | bfc8 fb1a | 0bc1 0200 | 0048 8387 | 1001 0000 

  0x000002c148090764: ;   {metadata(method data for {method} {0x000002c15943def0} 'getName' '()Ljava/lang/String;' in 'java/lang/Class')}
  0x000002c148090764: 0148 be18 | d505 74c1 | 0200 008b | becc 0000 | 0083 c702 | 89be cc00 | 0000 81e7 | feff 1f00 
  0x000002c148090784: 83ff 000f | 84b8 7400 | 008b 522c | 4883 fa00 

  0x000002c148090794: ;   {metadata(method data for {method} {0x000002c15943def0} 'getName' '()Ljava/lang/String;' in 'java/lang/Class')}
  0x000002c148090794: 48be 18d5 | 0574 c102 | 0000 48c7 | c710 0100 | 000f 8407 | 0000 0048 | c7c7 2001 | 0000 488b 
  0x000002c1480907b4: 1c3e 488d | 5b01 4889 | 1c3e 0f84 | 1800 0000 

  0x000002c1480907c4: ;   {metadata(method data for {method} {0x000002c15943def0} 'getName' '()Ljava/lang/String;' in 'java/lang/Class')}
  0x000002c1480907c4: 48be 18d5 | 0574 c102 | 0000 ff86 | 3001 0000 | 488b f2e9 | 2b00 0000 

  0x000002c1480907dc: ;   {oop(a 'java/lang/Class'{0x000000009bbaf400} = 'kotlin/jvm/internal/Intrinsics')}
  0x000002c1480907dc: 48ba 00f4 | ba9b 0000 | 0000 488b 

  0x000002c1480907e8: ;   {metadata(method data for {method} {0x000002c15943def0} 'getName' '()Ljava/lang/String;' in 'java/lang/Class')}
  0x000002c1480907e8: f248 bf18 | d505 74c1 | 0200 0048 | 8387 4801 | 0000 010f 

  0x000002c1480907fc: ;   {optimized virtual_call}
  0x000002c1480907fc: 1f40 00e8 

  0x000002c148090800: ; ImmutableOopMap {[232]=Oop [240]=Oop [248]=Oop }
                      ;*invokevirtual initClassName {reexecute=0 rethrow=0 return_oop=0}
                      ; - java.lang.Class::getName@14 (line 863)
                      ; - kotlin.jvm.internal.Intrinsics::sanitizeStackTrace@3 (line 253)
                      ; - kotlin.jvm.internal.Intrinsics::throwParameterIsNullNPE@11 (line 140)
                      ; - kotlin.jvm.internal.Intrinsics::checkNotNullParameter@5 (line 131)
                      ; - org.jetbrains.kotlin.analysis.api.fir.components.KaFirResolver::doResolveCall@4
  0x000002c148090800: 7c0b e200 | 488b f048 | 8b84 24e8 | 0000 00e9 | 6172 0000 | 488b 9424 | f000 0000 

  0x000002c14809081c: ;   {metadata(method data for {method} {0x000002c119cdcc18} 'doResolveCall' '(Lorg/jetbrains/kotlin/psi/KtElement;)Lorg/jetbrains/kotlin/analysis/api/resolution/KaCallInfo;' in 'org/jetbrains/kotlin/analysis/api/fir/components/KaFirResolver')}
  0x000002c14809081c: 488b f248 | bfe0 b28b | 1cc1 0200 | 0048 8387 | 2001 0000 

  0x000002c148090830: ;   {metadata(method data for {method} {0x000002c119cf2d58} 'getAnalysisSession' '()Lorg/jetbrains/kotlin/analysis/api/KaSession;' in 'org/jetbrains/kotlin/analysis/api/impl/base/components/KaBaseSessionComponent')}
  0x000002c148090830: 0148 be00 | 4210 1cc1 | 0200 008b | becc 0000 | 0083 c702 | 89be cc00 | 0000 81e7 | feff 1f00 
  0x000002c148090850: 83ff 000f | 8412 7400 | 0048 8bf2 

  0x000002c14809085c: ;   {metadata(method data for {method} {0x000002c119cf2d58} 'getAnalysisSession' '()Lorg/jetbrains/kotlin/analysis/api/KaSession;' in 'org/jetbrains/kotlin/analysis/api/impl/base/components/KaBaseSessionComponent')}
  0x000002c14809085c: 48bf 0042 | 101c c102 | 0000 4883 | 8710 0100 | 0001 8b72 | 0c48 3b06 

  0x000002c148090874: ;   {metadata(method data for {method} {0x000002c119cf2d58} 'getAnalysisSession' '()Lorg/jetbrains/kotlin/analysis/api/KaSession;' in 'org/jetbrains/kotlin/analysis/api/impl/base/components/KaBaseSessionComponent')}
  0x000002c148090874: 488b fe48 | bb00 4210 | 1cc1 0200 | 008b 7f08 | 49ba 0000 | 0059 c102 | 0000 4903 | fa48 3bbb 
  0x000002c148090894: 5801 0000 | 750d 4883 | 8360 0100 | 0001 e966 | 0000 0048 | 3bbb 6801 | 0000 750d | 4883 8370 
  0x000002c1480908b4: 0100 0001 | e950 0000 | 0048 81bb | 5801 0000 | 0000 0000 | 7517 4889 | bb58 0100 | 0048 c783 
  0x000002c1480908d4: 6001 0000 | 0100 0000 | e92c 0000 | 0048 81bb | 6801 0000 | 0000 0000 | 7517 4889 | bb68 0100 
  0x000002c1480908f4: 0048 c783 | 7001 0000 | 0100 0000 | e908 0000 | 0048 8383 | 4801 0000 | 0148 8bd6 | 0f1f 4400 
  0x000002c148090914: 0048 b810 | a238 5cc1 

  0x000002c14809091c: ;   {virtual_call}
  0x000002c14809091c: 0200 00e8 

  0x000002c148090920: ; ImmutableOopMap {[248]=Oop [240]=Oop }
                      ;*invokeinterface invoke {reexecute=0 rethrow=0 return_oop=0}
                      ; - org.jetbrains.kotlin.analysis.api.impl.base.components.KaBaseSessionComponent::getAnalysisSession@4 (line 18)
                      ; - org.jetbrains.kotlin.analysis.api.fir.components.KaFirResolver::doResolveCall@16 (line 165)
  0x000002c148090920: 7cf6 6c02 | 4883 f800 

  0x000002c148090928: ;   {metadata(method data for {method} {0x000002c119cf2d58} 'getAnalysisSession' '()Lorg/jetbrains/kotlin/analysis/api/KaSession;' in 'org/jetbrains/kotlin/analysis/api/impl/base/components/KaBaseSessionComponent')}
  0x000002c148090928: 7516 48bf | 0042 101c | c102 0000 | 808f 7901 | 0000 01e9 | ee00 0000 

  0x000002c148090940: ;   {metadata('org/jetbrains/kotlin/analysis/api/KaSession')}
  0x000002c148090940: 48bb c0b7 | 215c c102 | 0000 8b78 | 0849 ba00 | 0000 59c1 | 0200 0049 | 03fa 483b | 5f20 0f84 
  0x000002c148090960: 1b00 0000 | 483b fb0f | 8412 0000 

  0x000002c14809096c: ;   {runtime_call slow_subtype_check Runtime1 stub}
  0x000002c14809096c: 0057 53e8 | 0c8e ec00 | 5f5f 83ff | 000f 8493 

  0x000002c14809097c: ;   {metadata(method data for {method} {0x000002c119cf2d58} 'getAnalysisSession' '()Lorg/jetbrains/kotlin/analysis/api/KaSession;' in 'org/jetbrains/kotlin/analysis/api/impl/base/components/KaBaseSessionComponent')}
  0x000002c14809097c: 0000 0048 | bf00 4210 | 1cc1 0200 | 008b 5808 | 49ba 0000 | 0059 c102 | 0000 4903 | da48 3b9f 
  0x000002c14809099c: 9001 0000 | 750d 4883 | 8798 0100 | 0001 e97f | 0000 0048 | 3b9f a001 | 0000 750d | 4883 87a8 
  0x000002c1480909bc: 0100 0001 | e969 0000 | 0048 81bf | 9001 0000 | 0000 0000 | 7517 4889 | 9f90 0100 | 0048 c787 
  0x000002c1480909dc: 9801 0000 | 0100 0000 | e945 0000 | 0048 81bf | a001 0000 | 0000 0000 | 7517 4889 | 9fa0 0100 
  0x000002c1480909fc: 0048 c787 | a801 0000 | 0100 0000 | e921 0000 | 00e9 1c00 

  0x000002c148090a10: ;   {metadata(method data for {method} {0x000002c119cf2d58} 'getAnalysisSession' '()Lorg/jetbrains/kotlin/analysis/api/KaSession;' in 'org/jetbrains/kotlin/analysis/api/impl/base/components/KaBaseSessionComponent')}
  0x000002c148090a10: 0000 48bf | 0042 101c | c102 0000 | 4883 af80 | 0100 0001 | e968 7200 | 00e9 0000 | 0000 488b 
  0x000002c148090a30: d048 83fa 

  0x000002c148090a34: ;   {metadata(method data for {method} {0x000002c119cdcc18} 'doResolveCall' '(Lorg/jetbrains/kotlin/psi/KtElement;)Lorg/jetbrains/kotlin/analysis/api/resolution/KaCallInfo;' in 'org/jetbrains/kotlin/analysis/api/fir/components/KaFirResolver')}
  0x000002c148090a34: 0075 1648 | bfe0 b28b | 1cc1 0200 | 0080 8f51 | 0100 0001 | e9d2 0000 

  0x000002c148090a4c: ;   {metadata('org/jetbrains/kotlin/analysis/api/fir/KaFirSession')}
  0x000002c148090a4c: 0048 bba0 | 9735 5cc1 | 0200 008b | 7208 49ba | 0000 0059 | c102 0000 | 4903 f248 | 3bde 0f85 
  0x000002c148090a6c: 9300 0000 

  0x000002c148090a70: ;   {metadata(method data for {method} {0x000002c119cdcc18} 'doResolveCall' '(Lorg/jetbrains/kotlin/psi/KtElement;)Lorg/jetbrains/kotlin/analysis/api/resolution/KaCallInfo;' in 'org/jetbrains/kotlin/analysis/api/fir/components/KaFirResolver')}
  0x000002c148090a70: 48bf e0b2 | 8b1c c102 | 0000 8b5a | 0849 ba00 | 0000 59c1 | 0200 0049 | 03da 483b | 9f68 0100 
  0x000002c148090a90: 0075 0d48 | 8387 7001 | 0000 01e9 | 7f00 0000 | 483b 9f78 | 0100 0075 | 0d48 8387 | 8001 0000 
  0x000002c148090ab0: 01e9 6900 | 0000 4881 | bf68 0100 | 0000 0000 | 0075 1748 | 899f 6801 | 0000 48c7 | 8770 0100 
  0x000002c148090ad0: 0001 0000 | 00e9 4500 | 0000 4881 | bf78 0100 | 0000 0000 | 0075 1748 | 899f 7801 | 0000 48c7 
  0x000002c148090af0: 8780 0100 | 0001 0000 | 00e9 2100 | 0000 e91c 

  0x000002c148090b00: ;   {metadata(method data for {method} {0x000002c119cdcc18} 'doResolveCall' '(Lorg/jetbrains/kotlin/psi/KtElement;)Lorg/jetbrains/kotlin/analysis/api/resolution/KaCallInfo;' in 'org/jetbrains/kotlin/analysis/api/fir/components/KaFirResolver')}
  0x000002c148090b00: 0000 0048 | bfe0 b28b | 1cc1 0200 | 0048 83af | 5801 0000 | 01e9 8071 | 0000 e900 | 0000 0048 
  0x000002c148090b20: 3b02 488b 

  0x000002c148090b24: ;   {metadata(method data for {method} {0x000002c119cdcc18} 'doResolveCall' '(Lorg/jetbrains/kotlin/psi/KtElement;)Lorg/jetbrains/kotlin/analysis/api/resolution/KaCallInfo;' in 'org/jetbrains/kotlin/analysis/api/fir/components/KaFirResolver')}
  0x000002c148090b24: f248 bfe0 | b28b 1cc1 | 0200 0048 | 8387 9001 

  0x000002c148090b34: ;   {metadata(method data for {method} {0x000002c119ba20a8} 'getCacheStorage' '()Lorg/jetbrains/kotlin/analysis/api/fir/components/KaFirInternalCacheStorage;' in 'org/jetbrains/kotlin/analysis/api/fir/KaFirSession')}
  0x000002c148090b34: 0000 0148 | bed8 af9d | 1cc1 0200 | 008b becc | 0000 0083 | c702 89be | cc00 0000 | 81e7 feff 
  0x000002c148090b54: 1f00 83ff | 000f 8449 | 7100 008b | 9298 0000 | 0048 3b02 

  0x000002c148090b68: ;   {metadata(method data for {method} {0x000002c119ba20a8} 'getCacheStorage' '()Lorg/jetbrains/kotlin/analysis/api/fir/components/KaFirInternalCacheStorage;' in 'org/jetbrains/kotlin/analysis/api/fir/KaFirSession')}
  0x000002c148090b68: 488b f248 | bfd8 af9d | 1cc1 0200 | 008b 7608 | 49ba 0000 | 0059 c102 | 0000 4903 | f248 3bb7 
  0x000002c148090b88: 2001 0000 | 750d 4883 | 8728 0100 | 0001 e966 | 0000 0048 | 3bb7 3001 | 0000 750d | 4883 8738 
  0x000002c148090ba8: 0100 0001 | e950 0000 | 0048 81bf | 2001 0000 | 0000 0000 | 7517 4889 | b720 0100 | 0048 c787 
  0x000002c148090bc8: 2801 0000 | 0100 0000 | e92c 0000 | 0048 81bf | 3001 0000 | 0000 0000 | 7517 4889 | b730 0100 
  0x000002c148090be8: 0048 c787 | 3801 0000 | 0100 0000 | e908 0000 | 0048 8387 | 1001 0000 | 010f 1f40 | 0048 b820 
  0x000002c148090c08: 1a8e 5bc1 

  0x000002c148090c0c: ;   {virtual_call}
  0x000002c148090c0c: 0200 00e8 

  0x000002c148090c10: ; ImmutableOopMap {[248]=Oop [240]=Oop }
                      ;*invokeinterface getValue {reexecute=0 rethrow=0 return_oop=0}
                      ; - org.jetbrains.kotlin.analysis.api.fir.KaFirSession::getCacheStorage@6 (line 114)
                      ; - org.jetbrains.kotlin.analysis.api.fir.components.KaFirResolver::doResolveCall@22 (line 165)
  0x000002c148090c10: 8cb5 7203 | 4883 f800 

  0x000002c148090c18: ;   {metadata(method data for {method} {0x000002c119ba20a8} 'getCacheStorage' '()Lorg/jetbrains/kotlin/analysis/api/fir/components/KaFirInternalCacheStorage;' in 'org/jetbrains/kotlin/analysis/api/fir/KaFirSession')}
  0x000002c148090c18: 7516 48bf | d8af 9d1c | c102 0000 | 808f 4101 | 0000 01e9 | d200 0000 

  0x000002c148090c30: ;   {metadata('org/jetbrains/kotlin/analysis/api/fir/components/KaFirInternalCacheStorage')}
  0x000002c148090c30: 48bb 9099 | 3a5c c102 | 0000 8b70 | 0849 ba00 | 0000 59c1 | 0200 0049 | 03f2 483b | de0f 8593 
  0x000002c148090c50: ;   {metadata(method data for {method} {0x000002c119ba20a8} 'getCacheStorage' '()Lorg/jetbrains/kotlin/analysis/api/fir/components/KaFirInternalCacheStorage;' in 'org/jetbrains/kotlin/analysis/api/fir/KaFirSession')}
  0x000002c148090c50: 0000 0048 | bfd8 af9d | 1cc1 0200 | 008b 5808 | 49ba 0000 | 0059 c102 | 0000 4903 | da48 3b9f 
  0x000002c148090c70: 5801 0000 | 750d 4883 | 8760 0100 | 0001 e97f | 0000 0048 | 3b9f 6801 | 0000 750d | 4883 8770 
  0x000002c148090c90: 0100 0001 | e969 0000 | 0048 81bf | 5801 0000 | 0000 0000 | 7517 4889 | 9f58 0100 | 0048 c787 
  0x000002c148090cb0: 6001 0000 | 0100 0000 | e945 0000 | 0048 81bf | 6801 0000 | 0000 0000 | 7517 4889 | 9f68 0100 
  0x000002c148090cd0: 0048 c787 | 7001 0000 | 0100 0000 | e921 0000 | 00e9 1c00 

  0x000002c148090ce4: ;   {metadata(method data for {method} {0x000002c119ba20a8} 'getCacheStorage' '()Lorg/jetbrains/kotlin/analysis/api/fir/components/KaFirInternalCacheStorage;' in 'org/jetbrains/kotlin/analysis/api/fir/KaFirSession')}
  0x000002c148090ce4: 0000 48bf | d8af 9d1c | c102 0000 | 4883 af48 | 0100 0001 | e9d1 6f00 | 00e9 0000 | 0000 488b 
  0x000002c148090d04: d048 3b02 

  0x000002c148090d08: ;   {metadata(method data for {method} {0x000002c119cdcc18} 'doResolveCall' '(Lorg/jetbrains/kotlin/psi/KtElement;)Lorg/jetbrains/kotlin/analysis/api/resolution/KaCallInfo;' in 'org/jetbrains/kotlin/analysis/api/fir/components/KaFirResolver')}
  0x000002c148090d08: 488b f248 | bfe0 b28b | 1cc1 0200 | 0048 8387 | c801 0000 

  0x000002c148090d1c: ;   {metadata(method data for {method} {0x000002c119df68a0} 'getResolveToCallCache' '()Lcom/intellij/psi/util/CachedValue;' in 'org/jetbrains/kotlin/analysis/api/fir/components/KaFirInternalCacheStorage')}
  0x000002c148090d1c: 0148 bec8 | d78b 1cc1 | 0200 008b | becc 0000 | 0083 c702 | 89be cc00 | 0000 81e7 | feff 1f00 
  0x000002c148090d3c: 83ff 000f | 8497 6f00 | 008b 5210 

  0x000002c148090d48: ; implicit exception: dispatches to 0x000002c148097cfd
  0x000002c148090d48: 483b 0248 

  0x000002c148090d4c: ;   {metadata(method data for {method} {0x000002c119df68a0} 'getResolveToCallCache' '()Lcom/intellij/psi/util/CachedValue;' in 'org/jetbrains/kotlin/analysis/api/fir/components/KaFirInternalCacheStorage')}
  0x000002c148090d4c: 8bf2 48bf | c8d7 8b1c | c102 0000 | 8b76 0849 | ba00 0000 | 59c1 0200 | 0049 03f2 | 483b b720 
  0x000002c148090d6c: 0100 0075 | 0d48 8387 | 2801 0000 | 01e9 6600 | 0000 483b | b730 0100 | 0075 0d48 | 8387 3801 
  0x000002c148090d8c: 0000 01e9 | 5000 0000 | 4881 bf20 | 0100 0000 | 0000 0075 | 1748 89b7 | 2001 0000 | 48c7 8728 
  0x000002c148090dac: 0100 0001 | 0000 00e9 | 2c00 0000 | 4881 bf30 | 0100 0000 | 0000 0075 | 1748 89b7 | 3001 0000 
  0x000002c148090dcc: 48c7 8738 | 0100 0001 | 0000 00e9 | 0800 0000 | 4883 8710 | 0100 0001 | 9048 b820 | 1a8e 5bc1 
  0x000002c148090dec: ;   {virtual_call}
  0x000002c148090dec: 0200 00e8 

  0x000002c148090df0: ; ImmutableOopMap {[248]=Oop [240]=Oop }
                      ;*invokeinterface getValue {reexecute=0 rethrow=0 return_oop=0}
                      ; - org.jetbrains.kotlin.analysis.api.fir.components.KaFirInternalCacheStorage::getResolveToCallCache@6 (line 35)
                      ; - org.jetbrains.kotlin.analysis.api.fir.components.KaFirResolver::doResolveCall@25 (line 165)
  0x000002c148090df0: acb3 7203 | 4883 f800 

  0x000002c148090df8: ;   {metadata(method data for {method} {0x000002c119df68a0} 'getResolveToCallCache' '()Lcom/intellij/psi/util/CachedValue;' in 'org/jetbrains/kotlin/analysis/api/fir/components/KaFirInternalCacheStorage')}
  0x000002c148090df8: 7516 48be | c8d7 8b1c | c102 0000 | 808e 4101 | 0000 01e9 | ee00 0000 

  0x000002c148090e10: ;   {metadata('com/intellij/psi/util/CachedValue')}
  0x000002c148090e10: 48bf 1092 | bb5b c102 | 0000 8b70 | 0849 ba00 | 0000 59c1 | 0200 0049 | 03f2 483b | 7e20 0f84 
  0x000002c148090e30: 1b00 0000 | 483b f70f | 8412 0000 

  0x000002c148090e3c: ;   {runtime_call slow_subtype_check Runtime1 stub}
  0x000002c148090e3c: 0056 57e8 | 3c89 ec00 | 5e5e 83fe | 000f 8493 

  0x000002c148090e4c: ;   {metadata(method data for {method} {0x000002c119df68a0} 'getResolveToCallCache' '()Lcom/intellij/psi/util/CachedValue;' in 'org/jetbrains/kotlin/analysis/api/fir/components/KaFirInternalCacheStorage')}
  0x000002c148090e4c: 0000 0048 | bec8 d78b | 1cc1 0200 | 008b 7808 | 49ba 0000 | 0059 c102 | 0000 4903 | fa48 3bbe 
  0x000002c148090e6c: 5801 0000 | 750d 4883 | 8660 0100 | 0001 e97f | 0000 0048 | 3bbe 6801 | 0000 750d | 4883 8670 
  0x000002c148090e8c: 0100 0001 | e969 0000 | 0048 81be | 5801 0000 | 0000 0000 | 7517 4889 | be58 0100 | 0048 c786 
  0x000002c148090eac: 6001 0000 | 0100 0000 | e945 0000 | 0048 81be | 6801 0000 | 0000 0000 | 7517 4889 | be68 0100 
  0x000002c148090ecc: 0048 c786 | 7001 0000 | 0100 0000 | e921 0000 | 00e9 1c00 

  0x000002c148090ee0: ;   {metadata(method data for {method} {0x000002c119df68a0} 'getResolveToCallCache' '()Lcom/intellij/psi/util/CachedValue;' in 'org/jetbrains/kotlin/analysis/api/fir/components/KaFirInternalCacheStorage')}
  0x000002c148090ee0: 0000 48be | c8d7 8b1c | c102 0000 | 4883 ae48 | 0100 0001 | e909 6e00 | 00e9 0000 | 0000 488b 
  0x000002c148090f00: d048 83fa | 000f 8429 

  0x000002c148090f08: ;   {metadata('com/intellij/psi/impl/AbstractPsiCachedValue')}
  0x000002c148090f08: 0000 0048 | bb08 94bb | 5bc1 0200 | 008b 7a08 | 49ba 0000 | 0059 c102 | 0000 4903 | fa48 3b5f 
  0x000002c148090f28: 480f 85dc | 6d00 00e9 | 0000 0000 | 4c8b c248 | 3b02 4c8b 

  0x000002c148090f3c: ;   {metadata(method data for {method} {0x000002c119cdcc18} 'doResolveCall' '(Lorg/jetbrains/kotlin/psi/KtElement;)Lorg/jetbrains/kotlin/analysis/api/resolution/KaCallInfo;' in 'org/jetbrains/kotlin/analysis/api/fir/components/KaFirResolver')}
  0x000002c148090f3c: c248 bee0 | b28b 1cc1 | 0200 0045 | 8b40 0849 | ba00 0000 | 59c1 0200 | 004d 03c2 | 4c3b 8610 
  0x000002c148090f5c: 0200 0075 | 0d48 8386 | 1802 0000 | 01e9 6600 | 0000 4c3b | 8620 0200 | 0075 0d48 | 8386 2802 
  0x000002c148090f7c: 0000 01e9 | 5000 0000 | 4881 be10 | 0200 0000 | 0000 0075 | 174c 8986 | 1002 0000 | 48c7 8618 
  0x000002c148090f9c: 0200 0001 | 0000 00e9 | 2c00 0000 | 4881 be20 | 0200 0000 | 0000 0075 | 174c 8986 | 2002 0000 
  0x000002c148090fbc: 48c7 8628 | 0200 0001 | 0000 00e9 | 0800 0000 | 4883 8600 | 0200 0001 

  0x000002c148090fd4: ;   {metadata(method data for {method} {0x000002c10ca9af78} 'getValue' '()Ljava/lang/Object;' in 'com/intellij/psi/impl/AbstractPsiCachedValue')}
  0x000002c148090fd4: 49b8 1834 | 8f1b c102 | 0000 418b | b0cc 0000 | 0083 c602 | 4189 b0cc | 0000 0081 | e6fe ff1f 
  0x000002c148090ff4: 0083 fe00 | 0f84 176d | 0000 4c8b 

  0x000002c148091000: ;   {metadata(method data for {method} {0x000002c10ca9af78} 'getValue' '()Ljava/lang/Object;' in 'com/intellij/psi/impl/AbstractPsiCachedValue')}
  0x000002c148091000: c248 be18 | 348f 1bc1 | 0200 0045 | 8b40 0849 | ba00 0000 | 59c1 0200 | 004d 03c2 | 4c3b 8620 
  0x000002c148091020: 0100 0075 | 0d48 8386 | 2801 0000 | 01e9 6600 | 0000 4c3b | 8630 0100 | 0075 0d48 | 8386 3801 
  0x000002c148091040: 0000 01e9 | 5000 0000 | 4881 be20 | 0100 0000 | 0000 0075 | 174c 8986 | 2001 0000 | 48c7 8628 
  0x000002c148091060: 0100 0001 | 0000 00e9 | 2c00 0000 | 4881 be30 | 0100 0000 | 0000 0075 | 174c 8986 | 3001 0000 
  0x000002c148091080: 48c7 8638 | 0100 0001 | 0000 00e9 | 0800 0000 | 4883 8610 | 0100 0001 

  0x000002c148091098: ;   {oop(NULL)}
  0x000002c148091098: 49b8 0000 | 0000 0000 | 0000 0f1f 

  0x000002c1480910a4: ;   {optimized virtual_call}
  0x000002c1480910a4: 4400 00e8 

  0x000002c1480910a8: ; ImmutableOopMap {[248]=Oop [240]=Oop }
                      ;*invokevirtual getValueWithLock {reexecute=0 rethrow=0 return_oop=0}
                      ; - com.intellij.psi.impl.AbstractPsiCachedValue::getValue@2 (line 15)
                      ; - org.jetbrains.kotlin.analysis.api.fir.components.KaFirResolver::doResolveCall@28 (line 165)
  0x000002c1480910a8: 14f4 e603 | 4883 f800 

  0x000002c1480910b0: ;   {metadata(method data for {method} {0x000002c119cdcc18} 'doResolveCall' '(Lorg/jetbrains/kotlin/psi/KtElement;)Lorg/jetbrains/kotlin/analysis/api/resolution/KaCallInfo;' in 'org/jetbrains/kotlin/analysis/api/fir/components/KaFirResolver')}
  0x000002c1480910b0: 7516 48be | e0b2 8b1c | c102 0000 | 808e 3102 | 0000 01e9 | d200 0000 

  0x000002c1480910c8: ;   {metadata('org/jetbrains/kotlin/analysis/api/platform/caches/NullableConcurrentCache')}
  0x000002c1480910c8: 48bf 006d | 775c c102 | 0000 8b50 | 0849 ba00 | 0000 59c1 | 0200 0049 | 03d2 483b | fa0f 8593 
  0x000002c1480910e8: ;   {metadata(method data for {method} {0x000002c119cdcc18} 'doResolveCall' '(Lorg/jetbrains/kotlin/psi/KtElement;)Lorg/jetbrains/kotlin/analysis/api/resolution/KaCallInfo;' in 'org/jetbrains/kotlin/analysis/api/fir/components/KaFirResolver')}
  0x000002c1480910e8: 0000 0048 | bee0 b28b | 1cc1 0200 | 008b 7808 | 49ba 0000 | 0059 c102 | 0000 4903 | fa48 3bbe 
  0x000002c148091108: 4802 0000 | 750d 4883 | 8650 0200 | 0001 e97f | 0000 0048 | 3bbe 5802 | 0000 750d | 4883 8660 
  0x000002c148091128: 0200 0001 | e969 0000 | 0048 81be | 4802 0000 | 0000 0000 | 7517 4889 | be48 0200 | 0048 c786 
  0x000002c148091148: 5002 0000 | 0100 0000 | e945 0000 | 0048 81be | 5802 0000 | 0000 0000 | 7517 4889 | be58 0200 
  0x000002c148091168: 0048 c786 | 6002 0000 | 0100 0000 | e921 0000 | 00e9 1c00 

  0x000002c14809117c: ;   {metadata(method data for {method} {0x000002c119cdcc18} 'doResolveCall' '(Lorg/jetbrains/kotlin/psi/KtElement;)Lorg/jetbrains/kotlin/analysis/api/resolution/KaCallInfo;' in 'org/jetbrains/kotlin/analysis/api/fir/components/KaFirResolver')}
  0x000002c14809117c: 0000 48be | e0b2 8b1c | c102 0000 | 4883 ae38 | 0200 0001 | e9a1 6b00 | 00e9 0000 | 0000 4c8b 
  0x000002c14809119c: c049 3b00 

  0x000002c1480911a0: ;   {metadata(method data for {method} {0x000002c119cdcc18} 'doResolveCall' '(Lorg/jetbrains/kotlin/psi/KtElement;)Lorg/jetbrains/kotlin/analysis/api/resolution/KaCallInfo;' in 'org/jetbrains/kotlin/analysis/api/fir/components/KaFirResolver')}
  0x000002c1480911a0: 498b d048 | bee0 b28b | 1cc1 0200 | 0048 8386 | 7002 0000 | 0141 8b70 | 0c48 3b06 

  0x000002c1480911bc: ;   {metadata(method data for {method} {0x000002c119cdcc18} 'doResolveCall' '(Lorg/jetbrains/kotlin/psi/KtElement;)Lorg/jetbrains/kotlin/analysis/api/resolution/KaCallInfo;' in 'org/jetbrains/kotlin/analysis/api/fir/components/KaFirResolver')}
  0x000002c1480911bc: 4c8b c648 | bae0 b28b | 1cc1 0200 | 0045 8b40 | 0849 ba00 | 0000 59c1 | 0200 004d | 03c2 4c3b 
  0x000002c1480911dc: 82b8 0200 | 0075 0d48 | 8382 c002 | 0000 01e9 | 6600 0000 | 4c3b 82c8 | 0200 0075 | 0d48 8382 
  0x000002c1480911fc: d002 0000 | 01e9 5000 | 0000 4881 | bab8 0200 | 0000 0000 | 0075 174c | 8982 b802 | 0000 48c7 
  0x000002c14809121c: 82c0 0200 | 0001 0000 | 00e9 2c00 | 0000 4881 | bac8 0200 | 0000 0000 | 0075 174c | 8982 c802 
  0x000002c14809123c: 0000 48c7 | 82d0 0200 | 0001 0000 | 00e9 0800 | 0000 4883 | 82a8 0200 | 0001 4c8b | 8424 f800 
  0x000002c14809125c: 0000 488b | d648 89b4 | 2400 0100 | 000f 1f40 | 0048 b848 | e400 59c1 

  0x000002c148091274: ;   {virtual_call}
  0x000002c148091274: 0200 00e8 

  0x000002c148091278: ; ImmutableOopMap {[248]=Oop [240]=Oop [256]=Oop }
                      ;*invokeinterface get {reexecute=0 rethrow=0 return_oop=0}
                      ; - org.jetbrains.kotlin.analysis.api.fir.components.KaFirResolver::doResolveCall@61 (line 1705)
  0x000002c148091278: 4480 8e01 | 4883 f800 

  0x000002c148091280: ;   {metadata(method data for {method} {0x000002c119cdcc18} 'doResolveCall' '(Lorg/jetbrains/kotlin/psi/KtElement;)Lorg/jetbrains/kotlin/analysis/api/resolution/KaCallInfo;' in 'org/jetbrains/kotlin/analysis/api/fir/components/KaFirResolver')}
  0x000002c148091280: 49b8 e0b2 | 8b1c c102 | 0000 48c7 | c2e0 0200 | 000f 8507 | 0000 0048 | c7c2 f002 | 0000 498b 
  0x000002c1480912a0: 3410 488d | 7601 4989 | 3410 0f85 | bb2b 0000 

  0x000002c1480912b0: ;   {metadata(method data for {method} {0x000002c119cdcc18} 'doResolveCall' '(Lorg/jetbrains/kotlin/psi/KtElement;)Lorg/jetbrains/kotlin/analysis/api/resolution/KaCallInfo;' in 'org/jetbrains/kotlin/analysis/api/fir/components/KaFirResolver')}
  0x000002c1480912b0: 49b8 e0b2 | 8b1c c102 | 0000 4983 | 8000 0300 

  0x000002c1480912c0: ;   {metadata(method data for {method} {0x000002c119ceb8d8} 'access$getContainingCallExpressionForCalleeExpression' '(Lorg/jetbrains/kotlin/analysis/api/fir/components/KaFirResolver;Lorg/jetbrains/kotlin/psi/KtElement;)Lorg/jetbrains/kotlin/psi/KtCallExpression;' in 'org/jetbrains/kotlin/analysis/api/fir/components/KaFirResolver')}
  0x000002c1480912c0: 0001 49b8 | b87e 9d1c | c102 0000 | 418b 90cc | 0000 0083 | c202 4189 | 90cc 0000 | 0081 e2fe 
  0x000002c1480912e0: ff1f 0083 | fa00 0f84 | 5d6a 0000 | 488b 9424 | f000 0000 

  0x000002c1480912f4: ;   {metadata(method data for {method} {0x000002c119ceb8d8} 'access$getContainingCallExpressionForCalleeExpression' '(Lorg/jetbrains/kotlin/analysis/api/fir/components/KaFirResolver;Lorg/jetbrains/kotlin/psi/KtElement;)Lorg/jetbrains/kotlin/psi/KtCallExpression;' in 'org/jetbrains/kotlin/analysis/api/fir/components/KaFirResolver')}
  0x000002c1480912f4: 49b8 b87e | 9d1c c102 | 0000 4983 | 8010 0100 | 0001 4c8b | 8424 f800 | 0000 488b | 9424 f000 
  0x000002c148091314: ;   {optimized virtual_call}
  0x000002c148091314: 0000 90e8 

  0x000002c148091318: ; ImmutableOopMap {[248]=Oop [240]=Oop [256]=Oop }
                      ;*invokespecial getContainingCallExpressionForCalleeExpression {reexecute=0 rethrow=0 return_oop=0}
                      ; - org.jetbrains.kotlin.analysis.api.fir.components.KaFirResolver::access$getContainingCallExpressionForCalleeExpression@2 (line 89)
                      ; - org.jetbrains.kotlin.analysis.api.fir.components.KaFirResolver::doResolveCall@95 (line 1707)
  0x000002c148091318: e45d e0fe | 4889 8424 | 0801 0000 

  0x000002c148091324: ;   {metadata(method data for {method} {0x000002c119cdcc18} 'doResolveCall' '(Lorg/jetbrains/kotlin/psi/KtElement;)Lorg/jetbrains/kotlin/analysis/api/resolution/KaCallInfo;' in 'org/jetbrains/kotlin/analysis/api/fir/components/KaFirResolver')}
  0x000002c148091324: 49b8 e0b2 | 8b1c c102 | 0000 4983 | 8010 0300 

  0x000002c148091334: ;   {metadata(method data for {method} {0x000002c119ceb988} 'access$getContainingBinaryExpressionForIncompleteLhs' '(Lorg/jetbrains/kotlin/analysis/api/fir/components/KaFirResolver;Lorg/jetbrains/kotlin/psi/KtElement;)Lorg/jetbrains/kotlin/psi/KtBinaryExpression;' in 'org/jetbrains/kotlin/analysis/api/fir/components/KaFirResolver')}
  0x000002c148091334: 0001 49b8 | 20b5 9d1c | c102 0000 | 418b 90cc | 0000 0083 | c202 4189 | 90cc 0000 | 0081 e2fe 
  0x000002c148091354: ff1f 0083 | fa00 0f84 | 0a6a 0000 | 488b 9424 | f000 0000 

  0x000002c148091368: ;   {metadata(method data for {method} {0x000002c119ceb988} 'access$getContainingBinaryExpressionForIncompleteLhs' '(Lorg/jetbrains/kotlin/analysis/api/fir/components/KaFirResolver;Lorg/jetbrains/kotlin/psi/KtElement;)Lorg/jetbrains/kotlin/psi/KtBinaryExpression;' in 'org/jetbrains/kotlin/analysis/api/fir/components/KaFirResolver')}
  0x000002c148091368: 49b8 20b5 | 9d1c c102 | 0000 4983 | 8010 0100 | 0001 4c8b | 8424 f800 | 0000 488b | 9424 f000 
  0x000002c148091388: 0000 0f1f 

  0x000002c14809138c: ;   {optimized virtual_call}
  0x000002c14809138c: 4400 00e8 

  0x000002c148091390: ; ImmutableOopMap {[248]=Oop [240]=Oop [256]=Oop [264]=Oop }
                      ;*invokespecial getContainingBinaryExpressionForIncompleteLhs {reexecute=0 rethrow=0 return_oop=0}
                      ; - org.jetbrains.kotlin.analysis.api.fir.components.KaFirResolver::access$getContainingBinaryExpressionForIncompleteLhs@2 (line 89)
                      ; - org.jetbrains.kotlin.analysis.api.fir.components.KaFirResolver::doResolveCall@103 (line 1708)
  0x000002c148091390: 2c3f 8cfe | 4889 8424 | 1001 0000 

  0x000002c14809139c: ;   {metadata(method data for {method} {0x000002c119cdcc18} 'doResolveCall' '(Lorg/jetbrains/kotlin/psi/KtElement;)Lorg/jetbrains/kotlin/analysis/api/resolution/KaCallInfo;' in 'org/jetbrains/kotlin/analysis/api/fir/components/KaFirResolver')}
  0x000002c14809139c: 49b8 e0b2 | 8b1c c102 | 0000 4983 | 8020 0300 

  0x000002c1480913ac: ;   {metadata(method data for {method} {0x000002c119ceba38} 'access$getContainingUnaryIncOrDecExpression' '(Lorg/jetbrains/kotlin/analysis/api/fir/components/KaFirResolver;Lorg/jetbrains/kotlin/psi/KtElement;)Lorg/jetbrains/kotlin/psi/KtUnaryExpression;' in 'org/jetbrains/kotlin/analysis/api/fir/components/KaFirResolver')}
  0x000002c1480913ac: 0001 49b8 | d8bd 9d1c | c102 0000 | 418b 90cc | 0000 0083 | c202 4189 | 90cc 0000 | 0081 e2fe 
  0x000002c1480913cc: ff1f 0083 | fa00 0f84 | b369 0000 | 488b 9424 | f000 0000 

  0x000002c1480913e0: ;   {metadata(method data for {method} {0x000002c119ceba38} 'access$getContainingUnaryIncOrDecExpression' '(Lorg/jetbrains/kotlin/analysis/api/fir/components/KaFirResolver;Lorg/jetbrains/kotlin/psi/KtElement;)Lorg/jetbrains/kotlin/psi/KtUnaryExpression;' in 'org/jetbrains/kotlin/analysis/api/fir/components/KaFirResolver')}
  0x000002c1480913e0: 49b8 d8bd | 9d1c c102 | 0000 4983 | 8010 0100 | 0001 4c8b | 8424 f800 | 0000 488b | 9424 f000 
  0x000002c148091400: 0000 0f1f 

  0x000002c148091404: ;   {optimized virtual_call}
  0x000002c148091404: 4400 00e8 

  0x000002c148091408: ; ImmutableOopMap {[248]=Oop [240]=Oop [256]=Oop [264]=Oop [272]=Oop }
                      ;*invokespecial getContainingUnaryIncOrDecExpression {reexecute=0 rethrow=0 return_oop=0}
                      ; - org.jetbrains.kotlin.analysis.api.fir.components.KaFirResolver::access$getContainingUnaryIncOrDecExpression@2 (line 89)
                      ; - org.jetbrains.kotlin.analysis.api.fir.components.KaFirResolver::doResolveCall@111 (line 1709)
  0x000002c148091408: 94aa 26ff | 4889 8424 | 1801 0000 | 488b b424 | 0801 0000 | 4883 fe00 

  0x000002c148091420: ;   {metadata(method data for {method} {0x000002c119cdcc18} 'doResolveCall' '(Lorg/jetbrains/kotlin/psi/KtElement;)Lorg/jetbrains/kotlin/analysis/api/resolution/KaCallInfo;' in 'org/jetbrains/kotlin/analysis/api/fir/components/KaFirResolver')}
  0x000002c148091420: 49b8 e0b2 | 8b1c c102 | 0000 48c7 | c230 0300 | 000f 8407 | 0000 0048 | c7c2 4003 | 0000 498b 
  0x000002c148091440: 3c10 488d | 7f01 4989 | 3c10 0f84 | 1900 0000 

  0x000002c148091450: ;   {metadata(method data for {method} {0x000002c119cdcc18} 'doResolveCall' '(Lorg/jetbrains/kotlin/psi/KtElement;)Lorg/jetbrains/kotlin/analysis/api/resolution/KaCallInfo;' in 'org/jetbrains/kotlin/analysis/api/fir/components/KaFirResolver')}
  0x000002c148091450: 49b8 e0b2 | 8b1c c102 | 0000 41ff | 8088 0300 | 0048 8bfe | e92f 0300 | 0048 8b9c | 2410 0100 
  0x000002c148091470: 0048 83fb 

  0x000002c148091474: ;   {metadata(method data for {method} {0x000002c119cdcc18} 'doResolveCall' '(Lorg/jetbrains/kotlin/psi/KtElement;)Lorg/jetbrains/kotlin/analysis/api/resolution/KaCallInfo;' in 'org/jetbrains/kotlin/analysis/api/fir/components/KaFirResolver')}
  0x000002c148091474: 0049 b8e0 | b28b 1cc1 | 0200 0048 | c7c2 a003 | 0000 0f84 | 0700 0000 | 48c7 c2b0 | 0300 0049 
  0x000002c148091494: 8b3c 1048 | 8d7f 0149 | 893c 100f | 8419 0000 

  0x000002c1480914a4: ;   {metadata(method data for {method} {0x000002c119cdcc18} 'doResolveCall' '(Lorg/jetbrains/kotlin/psi/KtElement;)Lorg/jetbrains/kotlin/analysis/api/resolution/KaCallInfo;' in 'org/jetbrains/kotlin/analysis/api/fir/components/KaFirResolver')}
  0x000002c1480914a4: 0049 b8e0 | b28b 1cc1 | 0200 0041 | ff80 f803 | 0000 488b | fbe9 da02 | 0000 4883 

  0x000002c1480914c0: ;   {metadata(method data for {method} {0x000002c119cdcc18} 'doResolveCall' '(Lorg/jetbrains/kotlin/psi/KtElement;)Lorg/jetbrains/kotlin/analysis/api/resolution/KaCallInfo;' in 'org/jetbrains/kotlin/analysis/api/fir/components/KaFirResolver')}
  0x000002c1480914c0: f800 49b8 | e0b2 8b1c | c102 0000 | 48c7 c210 | 0400 000f | 8407 0000 | 0048 c7c2 | 2004 0000 
  0x000002c1480914e0: 498b 3c10 | 488d 7f01 | 4989 3c10 | 0f84 1900 

  0x000002c1480914f0: ;   {metadata(method data for {method} {0x000002c119cdcc18} 'doResolveCall' '(Lorg/jetbrains/kotlin/psi/KtElement;)Lorg/jetbrains/kotlin/analysis/api/resolution/KaCallInfo;' in 'org/jetbrains/kotlin/analysis/api/fir/components/KaFirResolver')}
  0x000002c1480914f0: 0000 49b8 | e0b2 8b1c | c102 0000 | 41ff 8068 | 0400 0048 | 8bf8 e98d 

  0x000002c148091508: ;   {metadata(method data for {method} {0x000002c119cdcc18} 'doResolveCall' '(Lorg/jetbrains/kotlin/psi/KtElement;)Lorg/jetbrains/kotlin/analysis/api/resolution/KaCallInfo;' in 'org/jetbrains/kotlin/analysis/api/fir/components/KaFirResolver')}
  0x000002c148091508: 0200 0049 | b8e0 b28b | 1cc1 0200 | 0049 8380 | 8004 0000 

  0x000002c14809151c: ;   {metadata(method data for {method} {0x000002c119cebae8} 'access$getContainingDotQualifiedExpressionForSelectorExpression' '(Lorg/jetbrains/kotlin/analysis/api/fir/components/KaFirResolver;Lorg/jetbrains/kotlin/psi/KtElement;)Lorg/jetbrains/kotlin/psi/KtQualifiedExpression;' in 'org/jetbrains/kotlin/analysis/api/fir/components/KaFirResolver')}
  0x000002c14809151c: 0149 b8c0 | c29d 1cc1 | 0200 0041 | 8b90 cc00 | 0000 83c2 | 0241 8990 | cc00 0000 | 81e2 feff 
  0x000002c14809153c: 1f00 83fa | 000f 8465 | 6800 0048 | 8b94 24f0 

  0x000002c14809154c: ;   {metadata(method data for {method} {0x000002c119cebae8} 'access$getContainingDotQualifiedExpressionForSelectorExpression' '(Lorg/jetbrains/kotlin/analysis/api/fir/components/KaFirResolver;Lorg/jetbrains/kotlin/psi/KtElement;)Lorg/jetbrains/kotlin/psi/KtQualifiedExpression;' in 'org/jetbrains/kotlin/analysis/api/fir/components/KaFirResolver')}
  0x000002c14809154c: 0000 0049 | b8c0 c29d | 1cc1 0200 | 0049 8380 | 1001 0000 | 014c 8b84 | 24f8 0000 | 0048 8b94 
  0x000002c14809156c: 24f0 0000 | 0066 0f1f 

  0x000002c148091574: ;   {optimized virtual_call}
  0x000002c148091574: 4400 00e8 

  0x000002c148091578: ; ImmutableOopMap {[248]=Oop [240]=Oop [256]=Oop [280]=Oop [272]=Oop [264]=Oop }
                      ;*invokespecial getContainingDotQualifiedExpressionForSelectorExpression {reexecute=0 rethrow=0 return_oop=0}
                      ; - org.jetbrains.kotlin.analysis.api.fir.components.KaFirResolver::access$getContainingDotQualifiedExpressionForSelectorExpression@2 (line 89)
                      ; - org.jetbrains.kotlin.analysis.api.fir.components.KaFirResolver::doResolveCall@158 (line 1713)
  0x000002c148091578: c46c 16fd | 4883 f800 

  0x000002c148091580: ;   {metadata(method data for {method} {0x000002c119cdcc18} 'doResolveCall' '(Lorg/jetbrains/kotlin/psi/KtElement;)Lorg/jetbrains/kotlin/analysis/api/resolution/KaCallInfo;' in 'org/jetbrains/kotlin/analysis/api/fir/components/KaFirResolver')}
  0x000002c148091580: 49b8 e0b2 | 8b1c c102 | 0000 48c7 | c290 0400 | 000f 8407 | 0000 0048 | c7c2 a004 | 0000 498b 
  0x000002c1480915a0: 3410 488d | 7601 4989 | 3410 0f84 | 2501 0000 | 4883 f800 

  0x000002c1480915b4: ;   {metadata(method data for {method} {0x000002c119cdcc18} 'doResolveCall' '(Lorg/jetbrains/kotlin/psi/KtElement;)Lorg/jetbrains/kotlin/analysis/api/resolution/KaCallInfo;' in 'org/jetbrains/kotlin/analysis/api/fir/components/KaFirResolver')}
  0x000002c1480915b4: 7516 48be | e0b2 8b1c | c102 0000 | 808e a904 | 0000 01e9 | ee00 0000 

  0x000002c1480915cc: ;   {metadata('org/jetbrains/kotlin/psi/KtElement')}
  0x000002c1480915cc: 48bf c07b | d05b c102 | 0000 8b70 | 0849 ba00 | 0000 59c1 | 0200 0049 | 03f2 483b | 7e20 0f84 
  0x000002c1480915ec: 1b00 0000 | 483b f70f | 8412 0000 

  0x000002c1480915f8: ;   {runtime_call slow_subtype_check Runtime1 stub}
  0x000002c1480915f8: 0056 57e8 | 8081 ec00 | 5e5e 83fe | 000f 8493 

  0x000002c148091608: ;   {metadata(method data for {method} {0x000002c119cdcc18} 'doResolveCall' '(Lorg/jetbrains/kotlin/psi/KtElement;)Lorg/jetbrains/kotlin/analysis/api/resolution/KaCallInfo;' in 'org/jetbrains/kotlin/analysis/api/fir/components/KaFirResolver')}
  0x000002c148091608: 0000 0048 | bee0 b28b | 1cc1 0200 | 008b 7808 | 49ba 0000 | 0059 c102 | 0000 4903 | fa48 3bbe 
  0x000002c148091628: c004 0000 | 750d 4883 | 86c8 0400 | 0001 e97f | 0000 0048 | 3bbe d004 | 0000 750d | 4883 86d8 
  0x000002c148091648: 0400 0001 | e969 0000 | 0048 81be | c004 0000 | 0000 0000 | 7517 4889 | bec0 0400 | 0048 c786 
  0x000002c148091668: c804 0000 | 0100 0000 | e945 0000 | 0048 81be | d004 0000 | 0000 0000 | 7517 4889 | bed0 0400 
  0x000002c148091688: 0048 c786 | d804 0000 | 0100 0000 | e921 0000 | 00e9 1c00 

  0x000002c14809169c: ;   {metadata(method data for {method} {0x000002c119cdcc18} 'doResolveCall' '(Lorg/jetbrains/kotlin/psi/KtElement;)Lorg/jetbrains/kotlin/analysis/api/resolution/KaCallInfo;' in 'org/jetbrains/kotlin/analysis/api/fir/components/KaFirResolver')}
  0x000002c14809169c: 0000 48be | e0b2 8b1c | c102 0000 | 4883 aeb0 | 0400 0001 | e918 6700 | 00e9 0000 | 0000 4c8b 
  0x000002c1480916bc: ;   {metadata(method data for {method} {0x000002c119cdcc18} 'doResolveCall' '(Lorg/jetbrains/kotlin/psi/KtElement;)Lorg/jetbrains/kotlin/analysis/api/resolution/KaCallInfo;' in 'org/jetbrains/kotlin/analysis/api/fir/components/KaFirResolver')}
  0x000002c1480916bc: c048 bae0 | b28b 1cc1 | 0200 00ff | 82e8 0400 | 0049 8bf8 | e9c3 0000 

  0x000002c1480916d4: ;   {metadata(method data for {method} {0x000002c119cdcc18} 'doResolveCall' '(Lorg/jetbrains/kotlin/psi/KtElement;)Lorg/jetbrains/kotlin/analysis/api/resolution/KaCallInfo;' in 'org/jetbrains/kotlin/analysis/api/fir/components/KaFirResolver')}
  0x000002c1480916d4: 0049 b8e0 | b28b 1cc1 | 0200 0049 | 8380 0005 

  0x000002c1480916e4: ;   {metadata(method data for {method} {0x000002c119cebb98} 'access$getConstructorDelegationCallForDelegationReferenceExpression' '(Lorg/jetbrains/kotlin/analysis/api/fir/components/KaFirResolver;Lorg/jetbrains/kotlin/psi/KtElement;)Lorg/jetbrains/kotlin/psi/KtConstructorDelegationCall;' in 'org/jetbrains/kotlin/analysis/api/fir/components/KaFirResolver')}
  0x000002c1480916e4: 0000 0149 | b8c8 c69d | 1cc1 0200 | 0041 8b90 | cc00 0000 | 83c2 0241 | 8990 cc00 | 0000 81e2 
  0x000002c148091704: feff 1f00 | 83fa 000f | 84c5 6600 | 0048 8b94 | 24f0 0000 

  0x000002c148091718: ;   {metadata(method data for {method} {0x000002c119cebb98} 'access$getConstructorDelegationCallForDelegationReferenceExpression' '(Lorg/jetbrains/kotlin/analysis/api/fir/components/KaFirResolver;Lorg/jetbrains/kotlin/psi/KtElement;)Lorg/jetbrains/kotlin/psi/KtConstructorDelegationCall;' in 'org/jetbrains/kotlin/analysis/api/fir/components/KaFirResolver')}
  0x000002c148091718: 0049 b8c8 | c69d 1cc1 | 0200 0049 | 8380 1001 | 0000 014c | 8b84 24f8 | 0000 0048 | 8b94 24f0 
  0x000002c148091738: 0000 000f 

  0x000002c14809173c: ;   {optimized virtual_call}
  0x000002c14809173c: 1f40 00e8 

  0x000002c148091740: ; ImmutableOopMap {[248]=Oop [240]=Oop [256]=Oop [280]=Oop [272]=Oop [264]=Oop }
                      ;*invokespecial getConstructorDelegationCallForDelegationReferenceExpression {reexecute=0 rethrow=0 return_oop=0}
                      ; - org.jetbrains.kotlin.analysis.api.fir.components.KaFirResolver::access$getConstructorDelegationCallForDelegationReferenceExpression@2 (line 89)
                      ; - org.jetbrains.kotlin.analysis.api.fir.components.KaFirResolver::doResolveCall@175 (line 1714)
  0x000002c148091740: bc04 7afe | 4883 f800 

  0x000002c148091748: ;   {metadata(method data for {method} {0x000002c119cdcc18} 'doResolveCall' '(Lorg/jetbrains/kotlin/psi/KtElement;)Lorg/jetbrains/kotlin/analysis/api/resolution/KaCallInfo;' in 'org/jetbrains/kotlin/analysis/api/fir/components/KaFirResolver')}
  0x000002c148091748: 48ba e0b2 | 8b1c c102 | 0000 48c7 | c610 0500 | 000f 8407 | 0000 0048 | c7c6 2005 | 0000 488b 
  0x000002c148091768: 3c32 488d | 7f01 4889 | 3c32 0f84 | 1800 0000 

  0x000002c148091778: ;   {metadata(method data for {method} {0x000002c119cdcc18} 'doResolveCall' '(Lorg/jetbrains/kotlin/psi/KtElement;)Lorg/jetbrains/kotlin/analysis/api/resolution/KaCallInfo;' in 'org/jetbrains/kotlin/analysis/api/fir/components/KaFirResolver')}
  0x000002c148091778: 48ba e0b2 | 8b1c c102 | 0000 ff82 | 6805 0000 | 488b f8e9 | 0800 0000 | 488b bc24 | f800 0000 
  0x000002c148091798: 4889 bc24 | 2001 0000 | 488b 9424 | f000 0000 

  0x000002c1480917a8: ;   {metadata(method data for {method} {0x000002c119cdcc18} 'doResolveCall' '(Lorg/jetbrains/kotlin/psi/KtElement;)Lorg/jetbrains/kotlin/analysis/api/resolution/KaCallInfo;' in 'org/jetbrains/kotlin/analysis/api/fir/components/KaFirResolver')}
  0x000002c1480917a8: 488b f248 | bbe0 b28b | 1cc1 0200 | 0048 8383 | 8005 0000 

  0x000002c1480917bc: ;   {metadata(method data for {method} {0x000002c119cf2d58} 'getAnalysisSession' '()Lorg/jetbrains/kotlin/analysis/api/KaSession;' in 'org/jetbrains/kotlin/analysis/api/impl/base/components/KaBaseSessionComponent')}
  0x000002c1480917bc: 0148 be00 | 4210 1cc1 | 0200 008b | 9ecc 0000 | 0083 c302 | 899e cc00 | 0000 81e3 | feff 1f00 
  0x000002c1480917dc: 83fb 000f | 8412 6600 | 0048 8bf2 

  0x000002c1480917e8: ;   {metadata(method data for {method} {0x000002c119cf2d58} 'getAnalysisSession' '()Lorg/jetbrains/kotlin/analysis/api/KaSession;' in 'org/jetbrains/kotlin/analysis/api/impl/base/components/KaBaseSessionComponent')}
  0x000002c1480917e8: 48bb 0042 | 101c c102 | 0000 4883 | 8310 0100 | 0001 8b72 | 0c48 3b06 

  0x000002c148091800: ;   {metadata(method data for {method} {0x000002c119cf2d58} 'getAnalysisSession' '()Lorg/jetbrains/kotlin/analysis/api/KaSession;' in 'org/jetbrains/kotlin/analysis/api/impl/base/components/KaBaseSessionComponent')}
  0x000002c148091800: 488b de48 | b800 4210 | 1cc1 0200 | 008b 5b08 | 49ba 0000 | 0059 c102 | 0000 4903 | da48 3b98 
  0x000002c148091820: 5801 0000 | 750d 4883 | 8060 0100 | 0001 e966 | 0000 0048 | 3b98 6801 | 0000 750d | 4883 8070 
  0x000002c148091840: 0100 0001 | e950 0000 | 0048 81b8 | 5801 0000 | 0000 0000 | 7517 4889 | 9858 0100 | 0048 c780 
  0x000002c148091860: 6001 0000 | 0100 0000 | e92c 0000 | 0048 81b8 | 6801 0000 | 0000 0000 | 7517 4889 | 9868 0100 
  0x000002c148091880: 0048 c780 | 7001 0000 | 0100 0000 | e908 0000 | 0048 8380 | 4801 0000 | 0148 8bd6 | 9048 b810 
  0x000002c1480918a0: a238 5cc1 

  0x000002c1480918a4: ;   {virtual_call}
  0x000002c1480918a4: 0200 00e8 

  0x000002c1480918a8: ; ImmutableOopMap {[248]=Oop [256]=Oop [280]=Oop [272]=Oop [264]=Oop [288]=Oop [240]=Oop }
                      ;*invokeinterface invoke {reexecute=0 rethrow=0 return_oop=0}
                      ; - org.jetbrains.kotlin.analysis.api.impl.base.components.KaBaseSessionComponent::getAnalysisSession@4 (line 18)
                      ; - org.jetbrains.kotlin.analysis.api.fir.components.KaFirResolver::doResolveCall@196 (line 1716)
  0x000002c1480918a8: f4e6 6c02 | 4883 f800 

  0x000002c1480918b0: ;   {metadata(method data for {method} {0x000002c119cf2d58} 'getAnalysisSession' '()Lorg/jetbrains/kotlin/analysis/api/KaSession;' in 'org/jetbrains/kotlin/analysis/api/impl/base/components/KaBaseSessionComponent')}
  0x000002c1480918b0: 7516 48bf | 0042 101c | c102 0000 | 808f 7901 | 0000 01e9 | ee00 0000 

  0x000002c1480918c8: ;   {metadata('org/jetbrains/kotlin/analysis/api/KaSession')}
  0x000002c1480918c8: 48ba c0b7 | 215c c102 | 0000 8b78 | 0849 ba00 | 0000 59c1 | 0200 0049 | 03fa 483b | 5720 0f84 
  0x000002c1480918e8: 1b00 0000 | 483b fa0f | 8412 0000 

  0x000002c1480918f4: ;   {runtime_call slow_subtype_check Runtime1 stub}
  0x000002c1480918f4: 0057 52e8 | 847e ec00 | 5f5f 83ff | 000f 8493 

  0x000002c148091904: ;   {metadata(method data for {method} {0x000002c119cf2d58} 'getAnalysisSession' '()Lorg/jetbrains/kotlin/analysis/api/KaSession;' in 'org/jetbrains/kotlin/analysis/api/impl/base/components/KaBaseSessionComponent')}
  0x000002c148091904: 0000 0048 | bf00 4210 | 1cc1 0200 | 008b 5008 | 49ba 0000 | 0059 c102 | 0000 4903 | d248 3b97 
  0x000002c148091924: 9001 0000 | 750d 4883 | 8798 0100 | 0001 e97f | 0000 0048 | 3b97 a001 | 0000 750d | 4883 87a8 
  0x000002c148091944: 0100 0001 | e969 0000 | 0048 81bf | 9001 0000 | 0000 0000 | 7517 4889 | 9790 0100 | 0048 c787 
  0x000002c148091964: 9801 0000 | 0100 0000 | e945 0000 | 0048 81bf | a001 0000 | 0000 0000 | 7517 4889 | 97a0 0100 
  0x000002c148091984: 0048 c787 | a801 0000 | 0100 0000 | e921 0000 | 00e9 1c00 

  0x000002c148091998: ;   {metadata(method data for {method} {0x000002c119cf2d58} 'getAnalysisSession' '()Lorg/jetbrains/kotlin/analysis/api/KaSession;' in 'org/jetbrains/kotlin/analysis/api/impl/base/components/KaBaseSessionComponent')}
  0x000002c148091998: 0000 48bf | 0042 101c | c102 0000 | 4883 af80 | 0100 0001 | e96c 6400 | 00e9 0000 | 0000 488b 
  0x000002c1480919b8: d048 83fa 

  0x000002c1480919bc: ;   {metadata(method data for {method} {0x000002c119cdcc18} 'doResolveCall' '(Lorg/jetbrains/kotlin/psi/KtElement;)Lorg/jetbrains/kotlin/analysis/api/resolution/KaCallInfo;' in 'org/jetbrains/kotlin/analysis/api/fir/components/KaFirResolver')}
  0x000002c1480919bc: 0075 1648 | bfe0 b28b | 1cc1 0200 | 0080 8fb1 | 0500 0001 | e9d2 0000 

  0x000002c1480919d4: ;   {metadata('org/jetbrains/kotlin/analysis/api/fir/KaFirSession')}
  0x000002c1480919d4: 0048 b8a0 | 9735 5cc1 | 0200 008b | 7208 49ba | 0000 0059 | c102 0000 | 4903 f248 | 3bc6 0f85 
  0x000002c1480919f4: 9300 0000 

  0x000002c1480919f8: ;   {metadata(method data for {method} {0x000002c119cdcc18} 'doResolveCall' '(Lorg/jetbrains/kotlin/psi/KtElement;)Lorg/jetbrains/kotlin/analysis/api/resolution/KaCallInfo;' in 'org/jetbrains/kotlin/analysis/api/fir/components/KaFirResolver')}
  0x000002c1480919f8: 48bf e0b2 | 8b1c c102 | 0000 8b42 | 0849 ba00 | 0000 59c1 | 0200 0049 | 03c2 483b | 87c8 0500 
  0x000002c148091a18: 0075 0d48 | 8387 d005 | 0000 01e9 | 7f00 0000 | 483b 87d8 | 0500 0075 | 0d48 8387 | e005 0000 
  0x000002c148091a38: 01e9 6900 | 0000 4881 | bfc8 0500 | 0000 0000 | 0075 1748 | 8987 c805 | 0000 48c7 | 87d0 0500 
  0x000002c148091a58: 0001 0000 | 00e9 4500 | 0000 4881 | bfd8 0500 | 0000 0000 | 0075 1748 | 8987 d805 | 0000 48c7 
  0x000002c148091a78: 87e0 0500 | 0001 0000 | 00e9 2100 | 0000 e91c 

  0x000002c148091a88: ;   {metadata(method data for {method} {0x000002c119cdcc18} 'doResolveCall' '(Lorg/jetbrains/kotlin/psi/KtElement;)Lorg/jetbrains/kotlin/analysis/api/resolution/KaCallInfo;' in 'org/jetbrains/kotlin/analysis/api/fir/components/KaFirResolver')}
  0x000002c148091a88: 0000 0048 | bfe0 b28b | 1cc1 0200 | 0048 83af | b805 0000 | 01e9 8463 | 0000 e900 | 0000 0048 
  0x000002c148091aa8: 3b02 488b 

  0x000002c148091aac: ;   {metadata(method data for {method} {0x000002c119cdcc18} 'doResolveCall' '(Lorg/jetbrains/kotlin/psi/KtElement;)Lorg/jetbrains/kotlin/analysis/api/resolution/KaCallInfo;' in 'org/jetbrains/kotlin/analysis/api/fir/components/KaFirResolver')}
  0x000002c148091aac: f248 bfe0 | b28b 1cc1 | 0200 0048 | 8387 f005 | 0000 018b | 9a84 0000 | 0048 899c | 2430 0100 
  0x000002c148091acc: ;   {metadata(method data for {method} {0x000002c119cdcc18} 'doResolveCall' '(Lorg/jetbrains/kotlin/psi/KtElement;)Lorg/jetbrains/kotlin/analysis/api/resolution/KaCallInfo;' in 'org/jetbrains/kotlin/analysis/api/fir/components/KaFirResolver')}
  0x000002c148091acc: 0048 bae0 | b28b 1cc1 | 0200 0048 | 8382 2806 

  0x000002c148091adc: ;   {metadata(method data for {method} {0x000002c1191cc248} 'getOrBuildFir' '(Lorg/jetbrains/kotlin/psi/KtElement;Lorg/jetbrains/kotlin/analysis/low/level/api/fir/api/LLFirResolveSession;)Lorg/jetbrains/kotlin/fir/FirElement;' in 'org/jetbrains/kotlin/analysis/low/level/api/fir/api/LowLevelFirApiFacadeKt')}
  0x000002c148091adc: 0000 0148 | baf0 ca9d | 1cc1 0200 | 008b b2cc | 0000 0083 | c602 89b2 | cc00 0000 | 81e6 feff 
  0x000002c148091afc: 1f00 83fe | 000f 842d 

  0x000002c148091b04: ;   {metadata(method data for {method} {0x000002c1191cc248} 'getOrBuildFir' '(Lorg/jetbrains/kotlin/psi/KtElement;Lorg/jetbrains/kotlin/analysis/low/level/api/fir/api/LLFirResolveSession;)Lorg/jetbrains/kotlin/fir/FirElement;' in 'org/jetbrains/kotlin/analysis/low/level/api/fir/api/LowLevelFirApiFacadeKt')}
  0x000002c148091b04: 6300 0048 | baf0 ca9d | 1cc1 0200 | 0048 8382 | 1001 0000 

  0x000002c148091b18: ;   {metadata(method data for {method} {0x000002c10ae0b7a8} 'checkNotNullParameter' '(Ljava/lang/Object;Ljava/lang/String;)V' in 'kotlin/jvm/internal/Intrinsics')}
  0x000002c148091b18: 0148 ba60 | f31a 0bc1 | 0200 008b | b2cc 0000 | 0083 c602 | 89b2 cc00 | 0000 81e6 | feff 1f00 
  0x000002c148091b38: 83fe 000f | 8414 6300 | 0048 8bbc | 2420 0100 | 0048 83ff 

  0x000002c148091b4c: ;   {metadata(method data for {method} {0x000002c10ae0b7a8} 'checkNotNullParameter' '(Ljava/lang/Object;Ljava/lang/String;)V' in 'kotlin/jvm/internal/Intrinsics')}
  0x000002c148091b4c: 0048 ba60 | f31a 0bc1 | 0200 0048 | c7c6 1001 | 0000 0f85 | 0700 0000 | 48c7 c620 | 0100 0048 
  0x000002c148091b6c: 8b04 3248 | 8d40 0148 | 8904 3248 | 89bc 2420 | 0100 000f | 85ff 0100 

  0x000002c148091b84: ;   {metadata(method data for {method} {0x000002c10ae0b7a8} 'checkNotNullParameter' '(Ljava/lang/Object;Ljava/lang/String;)V' in 'kotlin/jvm/internal/Intrinsics')}
  0x000002c148091b84: 0048 ba60 | f31a 0bc1 | 0200 0048 | 8382 3001 

  0x000002c148091b94: ;   {metadata(method data for {method} {0x000002c10ae0b918} 'throwParameterIsNullNPE' '(Ljava/lang/String;)V' in 'kotlin/jvm/internal/Intrinsics')}
  0x000002c148091b94: 0000 0148 | bae8 f41a | 0bc1 0200 | 008b b2cc | 0000 0083 | c602 89b2 | cc00 0000 | 81e6 feff 
  0x000002c148091bb4: 1f00 83fe | 000f 84b7 | 6200 0090 

  0x000002c148091bc0: ;   {no_reloc}
  0x000002c148091bc0: e9e1 6200 | 0000 0000 | 0000 498b | 8708 0100 | 0048 8d78 | 3049 3bbf | 1801 0000 | 0f87 ce62 
  0x000002c148091be0: 0000 4989 | bf08 0100 | 0048 c700 | 0100 0000 | 488b ca49 | ba00 0000 | 59c1 0200 | 0049 2bca 
  0x000002c148091c00: 8948 0848 | 33c9 8948 | 0c48 33c9 | 4889 4810 | 4889 4818 | 4889 4820 | 4889 4828 

  0x000002c148091c1c: ;   {metadata(method data for {method} {0x000002c10ae0b918} 'throwParameterIsNullNPE' '(Ljava/lang/String;)V' in 'kotlin/jvm/internal/Intrinsics')}
  0x000002c148091c1c: 48ba e8f4 | 1a0b c102 | 0000 4883 | 8210 0100 

  0x000002c148091c2c: ;   {oop("<this>"{0x000000008181b3e0})}
  0x000002c148091c2c: 0001 48ba | e0b3 8181 | 0000 0000 | 4889 8424 | 2801 0000 | 0f1f 8000 

  0x000002c148091c44: ;   {static_call}
  0x000002c148091c44: 0000 00e8 

  0x000002c148091c48: ; ImmutableOopMap {[248]=Oop [256]=Oop [280]=Oop [272]=Oop [264]=Oop [240]=Oop [288]=Oop [304]=Oop [296]=Oop }
                      ;*invokestatic createParameterIsNullExceptionMessage {reexecute=0 rethrow=0 return_oop=0}
                      ; - kotlin.jvm.internal.Intrinsics::throwParameterIsNullNPE@5 (line 140)
                      ; - kotlin.jvm.internal.Intrinsics::checkNotNullParameter@5 (line 131)
                      ; - org.jetbrains.kotlin.analysis.low.level.api.fir.api.LowLevelFirApiFacadeKt::getOrBuildFir@3
                      ; - org.jetbrains.kotlin.analysis.api.fir.components.KaFirResolver::doResolveCall@205 (line 1716)
  0x000002c148091c48: 34fd e100 | 4c8b 8424 | 2801 0000 

  0x000002c148091c54: ;   {metadata(method data for {method} {0x000002c10ae0b918} 'throwParameterIsNullNPE' '(Ljava/lang/String;)V' in 'kotlin/jvm/internal/Intrinsics')}
  0x000002c148091c54: 48ba e8f4 | 1a0b c102 | 0000 4883 | 8220 0100 | 0001 4c8b | c048 8b94 | 2428 0100 | 0066 0f1f 
  0x000002c148091c74: ;   {optimized virtual_call}
  0x000002c148091c74: 4400 00e8 

  0x000002c148091c78: ; ImmutableOopMap {[248]=Oop [256]=Oop [280]=Oop [272]=Oop [264]=Oop [240]=Oop [288]=Oop [304]=Oop [296]=Oop }
                      ;*invokespecial <init> {reexecute=0 rethrow=0 return_oop=0}
                      ; - kotlin.jvm.internal.Intrinsics::throwParameterIsNullNPE@8 (line 140)
                      ; - kotlin.jvm.internal.Intrinsics::checkNotNullParameter@5 (line 131)
                      ; - org.jetbrains.kotlin.analysis.low.level.api.fir.api.LowLevelFirApiFacadeKt::getOrBuildFir@3
                      ; - org.jetbrains.kotlin.analysis.api.fir.components.KaFirResolver::doResolveCall@205 (line 1716)
  0x000002c148091c78: 04f7 e100 

  0x000002c148091c7c: ;   {metadata(method data for {method} {0x000002c10ae0b918} 'throwParameterIsNullNPE' '(Ljava/lang/String;)V' in 'kotlin/jvm/internal/Intrinsics')}
  0x000002c148091c7c: 48ba e8f4 | 1a0b c102 | 0000 4883 | 8230 0100 

  0x000002c148091c8c: ;   {metadata(method data for {method} {0x000002c10ae1c908} 'sanitizeStackTrace' '(Ljava/lang/Throwable;)Ljava/lang/Throwable;' in 'kotlin/jvm/internal/Intrinsics')}
  0x000002c148091c8c: 0001 48ba | c8fb 1a0b | c102 0000 | 8bb2 cc00 | 0000 83c6 | 0289 b2cc | 0000 0081 | e6fe ff1f 
  0x000002c148091cac: 0083 fe00 | 0f84 0762 

  0x000002c148091cb4: ;   {oop(a 'java/lang/Class'{0x000000009bbaf400} = 'kotlin/jvm/internal/Intrinsics')}
  0x000002c148091cb4: 0000 48ba | 00f4 ba9b | 0000 0000 

  0x000002c148091cc0: ;   {metadata(method data for {method} {0x000002c10ae1c908} 'sanitizeStackTrace' '(Ljava/lang/Throwable;)Ljava/lang/Throwable;' in 'kotlin/jvm/internal/Intrinsics')}
  0x000002c148091cc0: 488b f248 | bfc8 fb1a | 0bc1 0200 | 0048 8387 | 1001 0000 

  0x000002c148091cd4: ;   {metadata(method data for {method} {0x000002c15943def0} 'getName' '()Ljava/lang/String;' in 'java/lang/Class')}
  0x000002c148091cd4: 0148 be18 | d505 74c1 | 0200 008b | becc 0000 | 0083 c702 | 89be cc00 | 0000 81e7 | feff 1f00 
  0x000002c148091cf4: 83ff 000f | 84e1 6100 | 008b 522c | 4883 fa00 

  0x000002c148091d04: ;   {metadata(method data for {method} {0x000002c15943def0} 'getName' '()Ljava/lang/String;' in 'java/lang/Class')}
  0x000002c148091d04: 48be 18d5 | 0574 c102 | 0000 48c7 | c710 0100 | 000f 8407 | 0000 0048 | c7c7 2001 | 0000 488b 
  0x000002c148091d24: 1c3e 488d | 5b01 4889 | 1c3e 0f84 | 1800 0000 

  0x000002c148091d34: ;   {metadata(method data for {method} {0x000002c15943def0} 'getName' '()Ljava/lang/String;' in 'java/lang/Class')}
  0x000002c148091d34: 48be 18d5 | 0574 c102 | 0000 ff86 | 3001 0000 | 488b f2e9 | 2b00 0000 

  0x000002c148091d4c: ;   {oop(a 'java/lang/Class'{0x000000009bbaf400} = 'kotlin/jvm/internal/Intrinsics')}
  0x000002c148091d4c: 48ba 00f4 | ba9b 0000 | 0000 488b 

  0x000002c148091d58: ;   {metadata(method data for {method} {0x000002c15943def0} 'getName' '()Ljava/lang/String;' in 'java/lang/Class')}
  0x000002c148091d58: f248 bf18 | d505 74c1 | 0200 0048 | 8387 4801 | 0000 010f 

  0x000002c148091d6c: ;   {optimized virtual_call}
  0x000002c148091d6c: 1f40 00e8 

  0x000002c148091d70: ; ImmutableOopMap {[248]=Oop [256]=Oop [280]=Oop [272]=Oop [264]=Oop [240]=Oop [288]=Oop [304]=Oop [296]=Oop }
                      ;*invokevirtual initClassName {reexecute=0 rethrow=0 return_oop=0}
                      ; - java.lang.Class::getName@14 (line 863)
                      ; - kotlin.jvm.internal.Intrinsics::sanitizeStackTrace@3 (line 253)
                      ; - kotlin.jvm.internal.Intrinsics::throwParameterIsNullNPE@11 (line 140)
                      ; - kotlin.jvm.internal.Intrinsics::checkNotNullParameter@5 (line 131)
                      ; - org.jetbrains.kotlin.analysis.low.level.api.fir.api.LowLevelFirApiFacadeKt::getOrBuildFir@3
                      ; - org.jetbrains.kotlin.analysis.api.fir.components.KaFirResolver::doResolveCall@205 (line 1716)
  0x000002c148091d70: 0cf6 e100 | 488b f048 | 8b84 2428 | 0100 00e9 | 2c2d 0000 

  0x000002c148091d84: ;   {metadata(method data for {method} {0x000002c1191cc248} 'getOrBuildFir' '(Lorg/jetbrains/kotlin/psi/KtElement;Lorg/jetbrains/kotlin/analysis/low/level/api/fir/api/LLFirResolveSession;)Lorg/jetbrains/kotlin/fir/FirElement;' in 'org/jetbrains/kotlin/analysis/low/level/api/fir/api/LowLevelFirApiFacadeKt')}
  0x000002c148091d84: 48ba f0ca | 9d1c c102 | 0000 4883 | 8220 0100 

  0x000002c148091d94: ;   {metadata(method data for {method} {0x000002c10ae0b7a8} 'checkNotNullParameter' '(Ljava/lang/Object;Ljava/lang/String;)V' in 'kotlin/jvm/internal/Intrinsics')}
  0x000002c148091d94: 0001 48ba | 60f3 1a0b | c102 0000 | 8bb2 cc00 | 0000 83c6 | 0289 b2cc | 0000 0081 | e6fe ff1f 
  0x000002c148091db4: 0083 fe00 | 0f84 4661 | 0000 4883 

  0x000002c148091dc0: ;   {metadata(method data for {method} {0x000002c10ae0b7a8} 'checkNotNullParameter' '(Ljava/lang/Object;Ljava/lang/String;)V' in 'kotlin/jvm/internal/Intrinsics')}
  0x000002c148091dc0: fb00 48ba | 60f3 1a0b | c102 0000 | 48c7 c610 | 0100 000f | 8507 0000 | 0048 c7c6 | 2001 0000 
  0x000002c148091de0: 488b 3c32 | 488d 7f01 | 4889 3c32 | 0f85 0202 

  0x000002c148091df0: ;   {metadata(method data for {method} {0x000002c10ae0b7a8} 'checkNotNullParameter' '(Ljava/lang/Object;Ljava/lang/String;)V' in 'kotlin/jvm/internal/Intrinsics')}
  0x000002c148091df0: 0000 48ba | 60f3 1a0b | c102 0000 | 4883 8230 | 0100 0001 

  0x000002c148091e04: ;   {metadata(method data for {method} {0x000002c10ae0b918} 'throwParameterIsNullNPE' '(Ljava/lang/String;)V' in 'kotlin/jvm/internal/Intrinsics')}
  0x000002c148091e04: 48ba e8f4 | 1a0b c102 | 0000 8bb2 | cc00 0000 | 83c6 0289 | b2cc 0000 | 0081 e6fe | ff1f 0083 
  0x000002c148091e24: fe00 0f84 | f960 0000 | 0f1f 4000 

  0x000002c148091e30: ;   {no_reloc}
  0x000002c148091e30: e920 6100 | 0000 0000 | 0000 498b | 8708 0100 | 0048 8d78 | 3049 3bbf | 1801 0000 | 0f87 0d61 
  0x000002c148091e50: 0000 4989 | bf08 0100 | 0048 c700 | 0100 0000 | 488b ca49 | ba00 0000 | 59c1 0200 | 0049 2bca 
  0x000002c148091e70: 8948 0848 | 33c9 8948 | 0c48 33c9 | 4889 4810 | 4889 4818 | 4889 4820 | 4889 4828 

  0x000002c148091e8c: ;   {metadata(method data for {method} {0x000002c10ae0b918} 'throwParameterIsNullNPE' '(Ljava/lang/String;)V' in 'kotlin/jvm/internal/Intrinsics')}
  0x000002c148091e8c: 48ba e8f4 | 1a0b c102 | 0000 4883 | 8210 0100 

  0x000002c148091e9c: ;   {oop("firResolveSession"{0x00000000950904e8})}
  0x000002c148091e9c: 0001 48ba | e804 0995 | 0000 0000 | 4889 8424 | 3801 0000 | 0f1f 8000 

  0x000002c148091eb4: ;   {static_call}
  0x000002c148091eb4: 0000 00e8 

  0x000002c148091eb8: ; ImmutableOopMap {[248]=Oop [256]=Oop [280]=Oop [272]=Oop [264]=Oop [240]=Oop [288]=Oop [312]=Oop [304]=Oop }
                      ;*invokestatic createParameterIsNullExceptionMessage {reexecute=0 rethrow=0 return_oop=0}
                      ; - kotlin.jvm.internal.Intrinsics::throwParameterIsNullNPE@5 (line 140)
                      ; - kotlin.jvm.internal.Intrinsics::checkNotNullParameter@5 (line 131)
                      ; - org.jetbrains.kotlin.analysis.low.level.api.fir.api.LowLevelFirApiFacadeKt::getOrBuildFir@9
                      ; - org.jetbrains.kotlin.analysis.api.fir.components.KaFirResolver::doResolveCall@205 (line 1716)
  0x000002c148091eb8: c4fa e100 | 4c8b 8424 | 3801 0000 

  0x000002c148091ec4: ;   {metadata(method data for {method} {0x000002c10ae0b918} 'throwParameterIsNullNPE' '(Ljava/lang/String;)V' in 'kotlin/jvm/internal/Intrinsics')}
  0x000002c148091ec4: 48ba e8f4 | 1a0b c102 | 0000 4883 | 8220 0100 | 0001 4c8b | c048 8b94 | 2438 0100 | 0066 0f1f 
  0x000002c148091ee4: ;   {optimized virtual_call}
  0x000002c148091ee4: 4400 00e8 

  0x000002c148091ee8: ; ImmutableOopMap {[248]=Oop [256]=Oop [280]=Oop [272]=Oop [264]=Oop [240]=Oop [288]=Oop [312]=Oop [304]=Oop }
                      ;*invokespecial <init> {reexecute=0 rethrow=0 return_oop=0}
                      ; - kotlin.jvm.internal.Intrinsics::throwParameterIsNullNPE@8 (line 140)
                      ; - kotlin.jvm.internal.Intrinsics::checkNotNullParameter@5 (line 131)
                      ; - org.jetbrains.kotlin.analysis.low.level.api.fir.api.LowLevelFirApiFacadeKt::getOrBuildFir@9
                      ; - org.jetbrains.kotlin.analysis.api.fir.components.KaFirResolver::doResolveCall@205 (line 1716)
  0x000002c148091ee8: 94f4 e100 

  0x000002c148091eec: ;   {metadata(method data for {method} {0x000002c10ae0b918} 'throwParameterIsNullNPE' '(Ljava/lang/String;)V' in 'kotlin/jvm/internal/Intrinsics')}
  0x000002c148091eec: 48ba e8f4 | 1a0b c102 | 0000 4883 | 8230 0100 

  0x000002c148091efc: ;   {metadata(method data for {method} {0x000002c10ae1c908} 'sanitizeStackTrace' '(Ljava/lang/Throwable;)Ljava/lang/Throwable;' in 'kotlin/jvm/internal/Intrinsics')}
  0x000002c148091efc: 0001 48ba | c8fb 1a0b | c102 0000 | 8bb2 cc00 | 0000 83c6 | 0289 b2cc | 0000 0081 | e6fe ff1f 
  0x000002c148091f1c: 0083 fe00 | 0f84 4660 

  0x000002c148091f24: ;   {oop(a 'java/lang/Class'{0x000000009bbaf400} = 'kotlin/jvm/internal/Intrinsics')}
  0x000002c148091f24: 0000 48ba | 00f4 ba9b | 0000 0000 

  0x000002c148091f30: ;   {metadata(method data for {method} {0x000002c10ae1c908} 'sanitizeStackTrace' '(Ljava/lang/Throwable;)Ljava/lang/Throwable;' in 'kotlin/jvm/internal/Intrinsics')}
  0x000002c148091f30: 488b f248 | bfc8 fb1a | 0bc1 0200 | 0048 8387 | 1001 0000 

  0x000002c148091f44: ;   {metadata(method data for {method} {0x000002c15943def0} 'getName' '()Ljava/lang/String;' in 'java/lang/Class')}
  0x000002c148091f44: 0148 be18 | d505 74c1 | 0200 008b | becc 0000 | 0083 c702 | 89be cc00 | 0000 81e7 | feff 1f00 
  0x000002c148091f64: 83ff 000f | 8420 6000 | 008b 522c | 4883 fa00 

  0x000002c148091f74: ;   {metadata(method data for {method} {0x000002c15943def0} 'getName' '()Ljava/lang/String;' in 'java/lang/Class')}
  0x000002c148091f74: 48be 18d5 | 0574 c102 | 0000 48c7 | c710 0100 | 000f 8407 | 0000 0048 | c7c7 2001 | 0000 488b 
  0x000002c148091f94: 1c3e 488d | 5b01 4889 | 1c3e 0f84 | 1800 0000 

  0x000002c148091fa4: ;   {metadata(method data for {method} {0x000002c15943def0} 'getName' '()Ljava/lang/String;' in 'java/lang/Class')}
  0x000002c148091fa4: 48be 18d5 | 0574 c102 | 0000 ff86 | 3001 0000 | 488b f2e9 | 2b00 0000 

  0x000002c148091fbc: ;   {oop(a 'java/lang/Class'{0x000000009bbaf400} = 'kotlin/jvm/internal/Intrinsics')}
  0x000002c148091fbc: 48ba 00f4 | ba9b 0000 | 0000 488b 

  0x000002c148091fc8: ;   {metadata(method data for {method} {0x000002c15943def0} 'getName' '()Ljava/lang/String;' in 'java/lang/Class')}
  0x000002c148091fc8: f248 bf18 | d505 74c1 | 0200 0048 | 8387 4801 | 0000 010f 

  0x000002c148091fdc: ;   {optimized virtual_call}
  0x000002c148091fdc: 1f40 00e8 

  0x000002c148091fe0: ; ImmutableOopMap {[248]=Oop [256]=Oop [280]=Oop [272]=Oop [264]=Oop [240]=Oop [288]=Oop [312]=Oop [304]=Oop }
                      ;*invokevirtual initClassName {reexecute=0 rethrow=0 return_oop=0}
                      ; - java.lang.Class::getName@14 (line 863)
                      ; - kotlin.jvm.internal.Intrinsics::sanitizeStackTrace@3 (line 253)
                      ; - kotlin.jvm.internal.Intrinsics::throwParameterIsNullNPE@11 (line 140)
                      ; - kotlin.jvm.internal.Intrinsics::checkNotNullParameter@5 (line 131)
                      ; - org.jetbrains.kotlin.analysis.low.level.api.fir.api.LowLevelFirApiFacadeKt::getOrBuildFir@9
                      ; - org.jetbrains.kotlin.analysis.api.fir.components.KaFirResolver::doResolveCall@205 (line 1716)
  0x000002c148091fe0: 9cf3 e100 | 488b f048 | 8b84 2438 | 0100 00e9 | 9429 0000 | 488b bc24 | 2001 0000 

  0x000002c148091ffc: ; implicit exception: dispatches to 0x000002c148097fb3
  0x000002c148091ffc: 483b 0348 

  0x000002c148092000: ;   {metadata(method data for {method} {0x000002c1191cc248} 'getOrBuildFir' '(Lorg/jetbrains/kotlin/psi/KtElement;Lorg/jetbrains/kotlin/analysis/low/level/api/fir/api/LLFirResolveSession;)Lorg/jetbrains/kotlin/fir/FirElement;' in 'org/jetbrains/kotlin/analysis/low/level/api/fir/api/LowLevelFirApiFacadeKt')}
  0x000002c148092000: 8bd3 48be | f0ca 9d1c | c102 0000 | 4883 8630 | 0100 0001 

  0x000002c148092014: ;   {metadata(method data for {method} {0x000002c1191eac30} 'getOrBuildFirFor$low_level_api_fir' '(Lorg/jetbrains/kotlin/psi/KtElement;)Lorg/jetbrains/kotlin/fir/FirElement;' in 'org/jetbrains/kotlin/analysis/low/level/api/fir/state/LLFirResolvableResolveSession')}
  0x000002c148092014: 48ba a0cc | 9d1c c102 | 0000 8bb2 | cc00 0000 | 83c6 0289 | b2cc 0000 | 0081 e6fe | ff1f 0083 
  0x000002c148092034: fe00 0f84 | 7c5f 0000 

  0x000002c14809203c: ;   {metadata(method data for {method} {0x000002c1191eac30} 'getOrBuildFirFor$low_level_api_fir' '(Lorg/jetbrains/kotlin/psi/KtElement;)Lorg/jetbrains/kotlin/fir/FirElement;' in 'org/jetbrains/kotlin/analysis/low/level/api/fir/state/LLFirResolvableResolveSession')}
  0x000002c14809203c: 48ba a0cc | 9d1c c102 | 0000 4883 | 8210 0100 

  0x000002c14809204c: ;   {metadata(method data for {method} {0x000002c10ae0b7a8} 'checkNotNullParameter' '(Ljava/lang/Object;Ljava/lang/String;)V' in 'kotlin/jvm/internal/Intrinsics')}
  0x000002c14809204c: 0001 48ba | 60f3 1a0b | c102 0000 | 8bb2 cc00 | 0000 83c6 | 0289 b2cc | 0000 0081 | e6fe ff1f 
  0x000002c14809206c: 0083 fe00 | 0f84 635f | 0000 4883 

  0x000002c148092078: ;   {metadata(method data for {method} {0x000002c10ae0b7a8} 'checkNotNullParameter' '(Ljava/lang/Object;Ljava/lang/String;)V' in 'kotlin/jvm/internal/Intrinsics')}
  0x000002c148092078: ff00 48ba | 60f3 1a0b | c102 0000 | 48c7 c610 | 0100 000f | 8507 0000 | 0048 c7c6 | 2001 0000 
  0x000002c148092098: 488b 0432 | 488d 4001 | 4889 0432 | 0f85 0a02 | 0000 4889 | bc24 2001 

  0x000002c1480920b0: ;   {metadata(method data for {method} {0x000002c10ae0b7a8} 'checkNotNullParameter' '(Ljava/lang/Object;Ljava/lang/String;)V' in 'kotlin/jvm/internal/Intrinsics')}
  0x000002c1480920b0: 0000 48ba | 60f3 1a0b | c102 0000 | 4883 8230 | 0100 0001 

  0x000002c1480920c4: ;   {metadata(method data for {method} {0x000002c10ae0b918} 'throwParameterIsNullNPE' '(Ljava/lang/String;)V' in 'kotlin/jvm/internal/Intrinsics')}
  0x000002c1480920c4: 48ba e8f4 | 1a0b c102 | 0000 8bb2 | cc00 0000 | 83c6 0289 | b2cc 0000 | 0081 e6fe | ff1f 0083 
  0x000002c1480920e4: fe00 0f84 | 0e5f 0000 | 0f1f 4000 

  0x000002c1480920f0: ;   {no_reloc}
  0x000002c1480920f0: e935 5f00 | 0000 0000 | 0000 498b | 8708 0100 | 0048 8d78 | 3049 3bbf | 1801 0000 | 0f87 225f 
  0x000002c148092110: 0000 4989 | bf08 0100 | 0048 c700 | 0100 0000 | 488b ca49 | ba00 0000 | 59c1 0200 | 0049 2bca 
  0x000002c148092130: 8948 0848 | 33c9 8948 | 0c48 33c9 | 4889 4810 | 4889 4818 | 4889 4820 | 4889 4828 

  0x000002c14809214c: ;   {metadata(method data for {method} {0x000002c10ae0b918} 'throwParameterIsNullNPE' '(Ljava/lang/String;)V' in 'kotlin/jvm/internal/Intrinsics')}
  0x000002c14809214c: 48ba e8f4 | 1a0b c102 | 0000 4883 | 8210 0100 

  0x000002c14809215c: ;   {oop("element"{0x0000000081677570})}
  0x000002c14809215c: 0001 48ba | 7075 6781 | 0000 0000 | 4889 8424 | 4001 0000 | 0f1f 8000 

  0x000002c148092174: ;   {static_call}
  0x000002c148092174: 0000 00e8 

  0x000002c148092178: ; ImmutableOopMap {[248]=Oop [256]=Oop [280]=Oop [272]=Oop [264]=Oop [240]=Oop [288]=Oop [320]=Oop [304]=Oop }
                      ;*invokestatic createParameterIsNullExceptionMessage {reexecute=0 rethrow=0 return_oop=0}
                      ; - kotlin.jvm.internal.Intrinsics::throwParameterIsNullNPE@5 (line 140)
                      ; - kotlin.jvm.internal.Intrinsics::checkNotNullParameter@5 (line 131)
                      ; - org.jetbrains.kotlin.analysis.low.level.api.fir.state.LLFirResolvableResolveSession::getOrBuildFirFor$low_level_api_fir@3
                      ; - org.jetbrains.kotlin.analysis.low.level.api.fir.api.LowLevelFirApiFacadeKt::getOrBuildFir@14 (line 108)
                      ; - org.jetbrains.kotlin.analysis.api.fir.components.KaFirResolver::doResolveCall@205 (line 1716)
  0x000002c148092178: 04f8 e100 | 4c8b 8424 | 4001 0000 

  0x000002c148092184: ;   {metadata(method data for {method} {0x000002c10ae0b918} 'throwParameterIsNullNPE' '(Ljava/lang/String;)V' in 'kotlin/jvm/internal/Intrinsics')}
  0x000002c148092184: 48ba e8f4 | 1a0b c102 | 0000 4883 | 8220 0100 | 0001 4c8b | c048 8b94 | 2440 0100 | 0066 0f1f 
  0x000002c1480921a4: ;   {optimized virtual_call}
  0x000002c1480921a4: 4400 00e8 

  0x000002c1480921a8: ; ImmutableOopMap {[248]=Oop [256]=Oop [280]=Oop [272]=Oop [264]=Oop [240]=Oop [288]=Oop [320]=Oop [304]=Oop }
                      ;*invokespecial <init> {reexecute=0 rethrow=0 return_oop=0}
                      ; - kotlin.jvm.internal.Intrinsics::throwParameterIsNullNPE@8 (line 140)
                      ; - kotlin.jvm.internal.Intrinsics::checkNotNullParameter@5 (line 131)
                      ; - org.jetbrains.kotlin.analysis.low.level.api.fir.state.LLFirResolvableResolveSession::getOrBuildFirFor$low_level_api_fir@3
                      ; - org.jetbrains.kotlin.analysis.low.level.api.fir.api.LowLevelFirApiFacadeKt::getOrBuildFir@14 (line 108)
                      ; - org.jetbrains.kotlin.analysis.api.fir.components.KaFirResolver::doResolveCall@205 (line 1716)
  0x000002c1480921a8: d4f1 e100 

  0x000002c1480921ac: ;   {metadata(method data for {method} {0x000002c10ae0b918} 'throwParameterIsNullNPE' '(Ljava/lang/String;)V' in 'kotlin/jvm/internal/Intrinsics')}
  0x000002c1480921ac: 48ba e8f4 | 1a0b c102 | 0000 4883 | 8230 0100 

  0x000002c1480921bc: ;   {metadata(method data for {method} {0x000002c10ae1c908} 'sanitizeStackTrace' '(Ljava/lang/Throwable;)Ljava/lang/Throwable;' in 'kotlin/jvm/internal/Intrinsics')}
  0x000002c1480921bc: 0001 48ba | c8fb 1a0b | c102 0000 | 8bb2 cc00 | 0000 83c6 | 0289 b2cc | 0000 0081 | e6fe ff1f 
  0x000002c1480921dc: 0083 fe00 | 0f84 5b5e 

  0x000002c1480921e4: ;   {oop(a 'java/lang/Class'{0x000000009bbaf400} = 'kotlin/jvm/internal/Intrinsics')}
  0x000002c1480921e4: 0000 48ba | 00f4 ba9b | 0000 0000 

  0x000002c1480921f0: ;   {metadata(method data for {method} {0x000002c10ae1c908} 'sanitizeStackTrace' '(Ljava/lang/Throwable;)Ljava/lang/Throwable;' in 'kotlin/jvm/internal/Intrinsics')}
  0x000002c1480921f0: 488b f248 | bfc8 fb1a | 0bc1 0200 | 0048 8387 | 1001 0000 

  0x000002c148092204: ;   {metadata(method data for {method} {0x000002c15943def0} 'getName' '()Ljava/lang/String;' in 'java/lang/Class')}
  0x000002c148092204: 0148 be18 | d505 74c1 | 0200 008b | becc 0000 | 0083 c702 | 89be cc00 | 0000 81e7 | feff 1f00 
  0x000002c148092224: 83ff 000f | 8435 5e00 | 008b 522c | 4883 fa00 

  0x000002c148092234: ;   {metadata(method data for {method} {0x000002c15943def0} 'getName' '()Ljava/lang/String;' in 'java/lang/Class')}
  0x000002c148092234: 48be 18d5 | 0574 c102 | 0000 48c7 | c710 0100 | 000f 8407 | 0000 0048 | c7c7 2001 | 0000 488b 
  0x000002c148092254: 1c3e 488d | 5b01 4889 | 1c3e 0f84 | 1800 0000 

  0x000002c148092264: ;   {metadata(method data for {method} {0x000002c15943def0} 'getName' '()Ljava/lang/String;' in 'java/lang/Class')}
  0x000002c148092264: 48be 18d5 | 0574 c102 | 0000 ff86 | 3001 0000 | 488b f2e9 | 2b00 0000 

  0x000002c14809227c: ;   {oop(a 'java/lang/Class'{0x000000009bbaf400} = 'kotlin/jvm/internal/Intrinsics')}
  0x000002c14809227c: 48ba 00f4 | ba9b 0000 | 0000 488b 

  0x000002c148092288: ;   {metadata(method data for {method} {0x000002c15943def0} 'getName' '()Ljava/lang/String;' in 'java/lang/Class')}
  0x000002c148092288: f248 bf18 | d505 74c1 | 0200 0048 | 8387 4801 | 0000 010f 

  0x000002c14809229c: ;   {optimized virtual_call}
  0x000002c14809229c: 1f40 00e8 

  0x000002c1480922a0: ; ImmutableOopMap {[248]=Oop [256]=Oop [280]=Oop [272]=Oop [264]=Oop [240]=Oop [288]=Oop [320]=Oop [304]=Oop }
                      ;*invokevirtual initClassName {reexecute=0 rethrow=0 return_oop=0}
                      ; - java.lang.Class::getName@14 (line 863)
                      ; - kotlin.jvm.internal.Intrinsics::sanitizeStackTrace@3 (line 253)
                      ; - kotlin.jvm.internal.Intrinsics::throwParameterIsNullNPE@11 (line 140)
                      ; - kotlin.jvm.internal.Intrinsics::checkNotNullParameter@5 (line 131)
                      ; - org.jetbrains.kotlin.analysis.low.level.api.fir.state.LLFirResolvableResolveSession::getOrBuildFirFor$low_level_api_fir@3
                      ; - org.jetbrains.kotlin.analysis.low.level.api.fir.api.LowLevelFirApiFacadeKt::getOrBuildFir@14 (line 108)
                      ; - org.jetbrains.kotlin.analysis.api.fir.components.KaFirResolver::doResolveCall@205 (line 1716)
  0x000002c1480922a0: dcf0 e100 | 488b f048 | 8b84 2440 | 0100 00e9 | ac25 0000 

  0x000002c1480922b4: ;   {metadata(method data for {method} {0x000002c1191eac30} 'getOrBuildFirFor$low_level_api_fir' '(Lorg/jetbrains/kotlin/psi/KtElement;)Lorg/jetbrains/kotlin/fir/FirElement;' in 'org/jetbrains/kotlin/analysis/low/level/api/fir/state/LLFirResolvableResolveSession')}
  0x000002c1480922b4: 488b d349 | b8a0 cc9d | 1cc1 0200 | 0049 8380 | 2001 0000 

  0x000002c1480922c8: ;   {metadata(method data for {method} {0x000002c1191eadd0} 'getModuleComponentsForElement' '(Lorg/jetbrains/kotlin/psi/KtElement;)Lorg/jetbrains/kotlin/analysis/low/level/api/fir/LLFirModuleResolveComponents;' in 'org/jetbrains/kotlin/analysis/low/level/api/fir/state/LLFirResolvableResolveSession')}
  0x000002c1480922c8: 0148 ba88 | ce9d 1cc1 | 0200 0044 | 8b82 cc00 | 0000 4183 | c002 4489 | 82cc 0000 | 0041 81e0 
  0x000002c1480922e8: feff 1f00 | 4183 f800 | 0f84 925d | 0000 4883 | ff00 7516 

  0x000002c1480922fc: ;   {metadata(method data for {method} {0x000002c1191eadd0} 'getModuleComponentsForElement' '(Lorg/jetbrains/kotlin/psi/KtElement;)Lorg/jetbrains/kotlin/analysis/low/level/api/fir/LLFirModuleResolveComponents;' in 'org/jetbrains/kotlin/analysis/low/level/api/fir/state/LLFirResolvableResolveSession')}
  0x000002c1480922fc: 48be 88ce | 9d1c c102 | 0000 808e | 4101 0000 | 01e9 ee00 

  0x000002c148092310: ;   {metadata('com/intellij/psi/PsiElement')}
  0x000002c148092310: 0000 48b8 | 107a 8f5b | c102 0000 | 8b77 0849 | ba00 0000 | 59c1 0200 | 0049 03f2 | 483b 4620 
  0x000002c148092330: 0f84 1b00 | 0000 483b | f00f 8412 | 0000 0056 

  0x000002c148092340: ;   {runtime_call slow_subtype_check Runtime1 stub}
  0x000002c148092340: 50e8 3a74 | ec00 5e5e | 83fe 000f | 8493 0000 

  0x000002c148092350: ;   {metadata(method data for {method} {0x000002c1191eadd0} 'getModuleComponentsForElement' '(Lorg/jetbrains/kotlin/psi/KtElement;)Lorg/jetbrains/kotlin/analysis/low/level/api/fir/LLFirModuleResolveComponents;' in 'org/jetbrains/kotlin/analysis/low/level/api/fir/state/LLFirResolvableResolveSession')}
  0x000002c148092350: 0048 be88 | ce9d 1cc1 | 0200 008b | 4708 49ba | 0000 0059 | c102 0000 | 4903 c248 | 3b86 5801 
  0x000002c148092370: 0000 750d | 4883 8660 | 0100 0001 | e97f 0000 | 0048 3b86 | 6801 0000 | 750d 4883 | 8670 0100 
  0x000002c148092390: 0001 e969 | 0000 0048 | 81be 5801 | 0000 0000 | 0000 7517 | 4889 8658 | 0100 0048 | c786 6001 
  0x000002c1480923b0: 0000 0100 | 0000 e945 | 0000 0048 | 81be 6801 | 0000 0000 | 0000 7517 | 4889 8668 | 0100 0048 
  0x000002c1480923d0: c786 7001 | 0000 0100 | 0000 e921 | 0000 00e9 | 1c00 0000 

  0x000002c1480923e4: ;   {metadata(method data for {method} {0x000002c1191eadd0} 'getModuleComponentsForElement' '(Lorg/jetbrains/kotlin/psi/KtElement;)Lorg/jetbrains/kotlin/analysis/low/level/api/fir/LLFirModuleResolveComponents;' in 'org/jetbrains/kotlin/analysis/low/level/api/fir/state/LLFirResolvableResolveSession')}
  0x000002c1480923e4: 48be 88ce | 9d1c c102 | 0000 4883 | ae48 0100 | 0001 e9ae | 5c00 00e9 | 0000 0000 

  0x000002c148092400: ;   {metadata(method data for {method} {0x000002c1191eadd0} 'getModuleComponentsForElement' '(Lorg/jetbrains/kotlin/psi/KtElement;)Lorg/jetbrains/kotlin/analysis/low/level/api/fir/LLFirModuleResolveComponents;' in 'org/jetbrains/kotlin/analysis/low/level/api/fir/state/LLFirResolvableResolveSession')}
  0x000002c148092400: 4c8b c748 | ba88 ce9d | 1cc1 0200 | 0048 8382 | 8001 0000 | 0148 8bd3 | 4889 bc24 | 2001 0000 
  0x000002c148092420: 0f1f 8000 

  0x000002c148092424: ;   {static_call}
  0x000002c148092424: 0000 00e8 

  0x000002c148092428: ; ImmutableOopMap {[248]=Oop [256]=Oop [280]=Oop [272]=Oop [264]=Oop [240]=Oop [304]=Oop [288]=Oop }
                      ;*invokestatic getModule {reexecute=0 rethrow=0 return_oop=0}
                      ; - org.jetbrains.kotlin.analysis.low.level.api.fir.state.LLFirResolvableResolveSession::getModuleComponentsForElement@8 (line 57)
                      ; - org.jetbrains.kotlin.analysis.low.level.api.fir.state.LLFirResolvableResolveSession::getOrBuildFirFor$low_level_api_fir@8 (line 47)
                      ; - org.jetbrains.kotlin.analysis.low.level.api.fir.api.LowLevelFirApiFacadeKt::getOrBuildFir@14 (line 108)
                      ; - org.jetbrains.kotlin.analysis.api.fir.components.KaFirResolver::doResolveCall@205 (line 1716)
  0x000002c148092428: 1445 2f04 | 488b 9c24 | 3001 0000 

  0x000002c148092434: ;   {metadata(method data for {method} {0x000002c1191eadd0} 'getModuleComponentsForElement' '(Lorg/jetbrains/kotlin/psi/KtElement;)Lorg/jetbrains/kotlin/analysis/low/level/api/fir/LLFirModuleResolveComponents;' in 'org/jetbrains/kotlin/analysis/low/level/api/fir/state/LLFirResolvableResolveSession')}
  0x000002c148092434: 49b8 88ce | 9d1c c102 | 0000 4983 | 8090 0100 | 0001 488b | 9c24 3001 | 0000 8b5b | 1448 3b03 
  0x000002c148092454: ;   {metadata(method data for {method} {0x000002c1191eadd0} 'getModuleComponentsForElement' '(Lorg/jetbrains/kotlin/psi/KtElement;)Lorg/jetbrains/kotlin/analysis/low/level/api/fir/LLFirModuleResolveComponents;' in 'org/jetbrains/kotlin/analysis/low/level/api/fir/state/LLFirResolvableResolveSession')}
  0x000002c148092454: 4c8b c349 | b988 ce9d | 1cc1 0200 | 0049 8381 | c801 0000 

  0x000002c148092468: ;   {metadata(method data for {method} {0x000002c1191debe0} 'getResolvableSession' '(Lorg/jetbrains/kotlin/analysis/api/projectStructure/KaModule;)Lorg/jetbrains/kotlin/analysis/low/level/api/fir/sessions/LLFirResolvableModuleSession;' in 'org/jetbrains/kotlin/analysis/low/level/api/fir/state/LLSessionProvider')}
  0x000002c148092468: 0149 b808 | d19d 1cc1 | 0200 0045 | 8b88 cc00 | 0000 4183 | c102 4589 | 88cc 0000 | 0041 81e1 
  0x000002c148092488: feff 1f00 | 4183 f900 | 0f84 215c 

  0x000002c148092494: ;   {metadata(method data for {method} {0x000002c1191debe0} 'getResolvableSession' '(Lorg/jetbrains/kotlin/analysis/api/projectStructure/KaModule;)Lorg/jetbrains/kotlin/analysis/low/level/api/fir/sessions/LLFirResolvableModuleSession;' in 'org/jetbrains/kotlin/analysis/low/level/api/fir/state/LLSessionProvider')}
  0x000002c148092494: 0000 49b8 | 08d1 9d1c | c102 0000 | 4983 8010 | 0100 0001 

  0x000002c1480924a8: ;   {metadata(method data for {method} {0x000002c10ae0b7a8} 'checkNotNullParameter' '(Ljava/lang/Object;Ljava/lang/String;)V' in 'kotlin/jvm/internal/Intrinsics')}
  0x000002c1480924a8: 49b8 60f3 | 1a0b c102 | 0000 458b | 88cc 0000 | 0041 83c1 | 0245 8988 | cc00 0000 | 4181 e1fe 
  0x000002c1480924c8: ff1f 0041 | 83f9 000f | 8403 5c00 | 0048 83f8 

  0x000002c1480924d8: ;   {metadata(method data for {method} {0x000002c10ae0b7a8} 'checkNotNullParameter' '(Ljava/lang/Object;Ljava/lang/String;)V' in 'kotlin/jvm/internal/Intrinsics')}
  0x000002c1480924d8: 0049 b860 | f31a 0bc1 | 0200 0049 | c7c1 2001 | 0000 0f84 | 0700 0000 | 49c7 c110 | 0100 004b 
  0x000002c1480924f8: 8b14 0848 | 8d52 014b | 8914 080f | 84c5 2000 | 004c 8bc3 

  0x000002c14809250c: ;   {metadata(method data for {method} {0x000002c1191debe0} 'getResolvableSession' '(Lorg/jetbrains/kotlin/analysis/api/projectStructure/KaModule;)Lorg/jetbrains/kotlin/analysis/low/level/api/fir/sessions/LLFirResolvableModuleSession;' in 'org/jetbrains/kotlin/analysis/low/level/api/fir/state/LLSessionProvider')}
  0x000002c14809250c: 49b9 08d1 | 9d1c c102 | 0000 4983 | 8120 0100 | 0001 4c8b | c041 b900 | 0000 0048 | 8bd3 0f1f 
  0x000002c14809252c: ;   {optimized virtual_call}
  0x000002c14809252c: 4400 00e8 

  0x000002c148092530: ; ImmutableOopMap {[248]=Oop [256]=Oop [280]=Oop [272]=Oop [264]=Oop [240]=Oop [288]=Oop }
                      ;*invokespecial getSession {reexecute=0 rethrow=0 return_oop=0}
                      ; - org.jetbrains.kotlin.analysis.low.level.api.fir.state.LLSessionProvider::getResolvableSession@9 (line 40)
                      ; - org.jetbrains.kotlin.analysis.low.level.api.fir.state.LLFirResolvableResolveSession::getModuleComponentsForElement@17 (line 58)
                      ; - org.jetbrains.kotlin.analysis.low.level.api.fir.state.LLFirResolvableResolveSession::getOrBuildFirFor$low_level_api_fir@8 (line 47)
                      ; - org.jetbrains.kotlin.analysis.low.level.api.fir.api.LowLevelFirApiFacadeKt::getOrBuildFir@14 (line 108)
                      ; - org.jetbrains.kotlin.analysis.api.fir.components.KaFirResolver::doResolveCall@205 (line 1716)
  0x000002c148092530: 8c2d d1fd 

  0x000002c148092534: ;   {metadata(method data for {method} {0x000002c1191debe0} 'getResolvableSession' '(Lorg/jetbrains/kotlin/analysis/api/projectStructure/KaModule;)Lorg/jetbrains/kotlin/analysis/low/level/api/fir/sessions/LLFirResolvableModuleSession;' in 'org/jetbrains/kotlin/analysis/low/level/api/fir/state/LLSessionProvider')}
  0x000002c148092534: 49b8 08d1 | 9d1c c102 | 0000 4983 | 8030 0100 

  0x000002c148092544: ;   {metadata(method data for {method} {0x000002c10ae0a8d0} 'checkNotNull' '(Ljava/lang/Object;Ljava/lang/String;)V' in 'kotlin/jvm/internal/Intrinsics')}
  0x000002c148092544: 0001 49b8 | 303d dc17 | c102 0000 | 418b 90cc | 0000 0083 | c202 4189 | 90cc 0000 | 0081 e2fe 
  0x000002c148092564: ff1f 0083 | fa00 0f84 | 895b 0000 | 4883 f800 

  0x000002c148092574: ;   {metadata(method data for {method} {0x000002c10ae0a8d0} 'checkNotNull' '(Ljava/lang/Object;Ljava/lang/String;)V' in 'kotlin/jvm/internal/Intrinsics')}
  0x000002c148092574: 49b8 303d | dc17 c102 | 0000 48c7 | c220 0100 | 000f 8407 | 0000 0048 | c7c2 1001 | 0000 498b 
  0x000002c148092594: 3410 488d | 7601 4989 | 3410 0f84 | d01d 0000 | 4883 f800 

  0x000002c1480925a8: ;   {metadata(method data for {method} {0x000002c1191debe0} 'getResolvableSession' '(Lorg/jetbrains/kotlin/analysis/api/projectStructure/KaModule;)Lorg/jetbrains/kotlin/analysis/low/level/api/fir/sessions/LLFirResolvableModuleSession;' in 'org/jetbrains/kotlin/analysis/low/level/api/fir/state/LLSessionProvider')}
  0x000002c1480925a8: 7516 48be | 08d1 9d1c | c102 0000 | 808e 3901 | 0000 01e9 | d300 0000 

  0x000002c1480925c0: ;   {metadata('org/jetbrains/kotlin/analysis/low/level/api/fir/sessions/LLFirResolvableModuleSession')}
  0x000002c1480925c0: 48bf 809d | 225c c102 | 0000 8b70 | 0849 ba00 | 0000 59c1 | 0200 0049 | 03f2 483b | 7e60 0f85 
  0x000002c1480925e0: 9300 0000 

  0x000002c1480925e4: ;   {metadata(method data for {method} {0x000002c1191debe0} 'getResolvableSession' '(Lorg/jetbrains/kotlin/analysis/api/projectStructure/KaModule;)Lorg/jetbrains/kotlin/analysis/low/level/api/fir/sessions/LLFirResolvableModuleSession;' in 'org/jetbrains/kotlin/analysis/low/level/api/fir/state/LLSessionProvider')}
  0x000002c1480925e4: 48be 08d1 | 9d1c c102 | 0000 8b78 | 0849 ba00 | 0000 59c1 | 0200 0049 | 03fa 483b | be50 0100 
  0x000002c148092604: 0075 0d48 | 8386 5801 | 0000 01e9 | 7f00 0000 | 483b be60 | 0100 0075 | 0d48 8386 | 6801 0000 
  0x000002c148092624: 01e9 6900 | 0000 4881 | be50 0100 | 0000 0000 | 0075 1748 | 89be 5001 | 0000 48c7 | 8658 0100 
  0x000002c148092644: 0001 0000 | 00e9 4500 | 0000 4881 | be60 0100 | 0000 0000 | 0075 1748 | 89be 6001 | 0000 48c7 
  0x000002c148092664: 8668 0100 | 0001 0000 | 00e9 2100 | 0000 e91c 

  0x000002c148092674: ;   {metadata(method data for {method} {0x000002c1191debe0} 'getResolvableSession' '(Lorg/jetbrains/kotlin/analysis/api/projectStructure/KaModule;)Lorg/jetbrains/kotlin/analysis/low/level/api/fir/sessions/LLFirResolvableModuleSession;' in 'org/jetbrains/kotlin/analysis/low/level/api/fir/state/LLSessionProvider')}
  0x000002c148092674: 0000 0048 | be08 d19d | 1cc1 0200 | 0048 83ae | 4001 0000 | 01e9 8c5a | 0000 e900 | 0000 004c 
  0x000002c148092694: 8bc0 493b | 0049 8bd0 

  0x000002c14809269c: ;   {metadata(method data for {method} {0x000002c1191eadd0} 'getModuleComponentsForElement' '(Lorg/jetbrains/kotlin/psi/KtElement;)Lorg/jetbrains/kotlin/analysis/low/level/api/fir/LLFirModuleResolveComponents;' in 'org/jetbrains/kotlin/analysis/low/level/api/fir/state/LLFirResolvableResolveSession')}
  0x000002c14809269c: 48be 88ce | 9d1c c102 | 0000 4883 | 8600 0200 | 0001 458b | 4030 493b | 0049 8bd0 

  0x000002c1480926b8: ;   {metadata(method data for {method} {0x000002c1191eac30} 'getOrBuildFirFor$low_level_api_fir' '(Lorg/jetbrains/kotlin/psi/KtElement;)Lorg/jetbrains/kotlin/fir/FirElement;' in 'org/jetbrains/kotlin/analysis/low/level/api/fir/state/LLFirResolvableResolveSession')}
  0x000002c1480926b8: 48be a0cc | 9d1c c102 | 0000 4883 | 8630 0100 | 0001 418b | 502c 483b | 024c 8bc2 

  0x000002c1480926d4: ;   {metadata(method data for {method} {0x000002c1191eac30} 'getOrBuildFirFor$low_level_api_fir' '(Lorg/jetbrains/kotlin/psi/KtElement;)Lorg/jetbrains/kotlin/fir/FirElement;' in 'org/jetbrains/kotlin/analysis/low/level/api/fir/state/LLFirResolvableResolveSession')}
  0x000002c1480926d4: 48be a0cc | 9d1c c102 | 0000 4883 | 8668 0100 | 0001 4c8b | 8424 2001 

  0x000002c1480926ec: ;   {optimized virtual_call}
  0x000002c1480926ec: 0000 90e8 

  0x000002c1480926f0: ; ImmutableOopMap {[248]=Oop [256]=Oop [280]=Oop [272]=Oop [264]=Oop [240]=Oop [288]=Oop }
                      ;*invokevirtual getOrBuildFirFor {reexecute=0 rethrow=0 return_oop=0}
                      ; - org.jetbrains.kotlin.analysis.low.level.api.fir.state.LLFirResolvableResolveSession::getOrBuildFirFor$low_level_api_fir@17 (line 48)
                      ; - org.jetbrains.kotlin.analysis.low.level.api.fir.api.LowLevelFirApiFacadeKt::getOrBuildFir@14 (line 108)
                      ; - org.jetbrains.kotlin.analysis.api.fir.components.KaFirResolver::doResolveCall@205 (line 1716)
  0x000002c1480926f0: 4c85 f1fe | 4883 f800 

  0x000002c1480926f8: ;   {metadata(method data for {method} {0x000002c119cdcc18} 'doResolveCall' '(Lorg/jetbrains/kotlin/psi/KtElement;)Lorg/jetbrains/kotlin/analysis/api/resolution/KaCallInfo;' in 'org/jetbrains/kotlin/analysis/api/fir/components/KaFirResolver')}
  0x000002c1480926f8: 48ba e0b2 | 8b1c c102 | 0000 49c7 | c038 0600 | 000f 8507 | 0000 0049 | c7c0 4806 | 0000 4e8b 
  0x000002c148092718: 0c02 4d8d | 4901 4e89 | 0c02 0f85 | 5900 0000 

  0x000002c148092728: ;   {metadata(method data for {method} {0x000002c119cdcc18} 'doResolveCall' '(Lorg/jetbrains/kotlin/psi/KtElement;)Lorg/jetbrains/kotlin/analysis/api/resolution/KaCallInfo;' in 'org/jetbrains/kotlin/analysis/api/fir/components/KaFirResolver')}
  0x000002c148092728: 48ba e0b2 | 8b1c c102 | 0000 4883 | 8258 0600 

  0x000002c148092738: ;   {metadata(method data for {method} {0x000002c10b0e5eb0} 'emptyList' '()Ljava/util/List;' in 'kotlin/collections/CollectionsKt__CollectionsKt')}
  0x000002c148092738: 0001 48ba | 8842 3a0b | c102 0000 | 8b82 cc00 | 0000 83c0 | 0289 82cc | 0000 0081 | e0fe ff1f 
  0x000002c148092758: 0083 f800 | 0f84 d059 

  0x000002c148092760: ;   {metadata(method data for {method} {0x000002c119cdcc18} 'doResolveCall' '(Lorg/jetbrains/kotlin/psi/KtElement;)Lorg/jetbrains/kotlin/analysis/api/resolution/KaCallInfo;' in 'org/jetbrains/kotlin/analysis/api/fir/components/KaFirResolver')}
  0x000002c148092760: 0000 48ba | e0b2 8b1c | c102 0000 | ff82 6806 

  0x000002c148092770: ;   {oop(a 'kotlin/collections/EmptyList'{0x000000009acde858})}
  0x000002c148092770: 0000 48be | 58e8 cd9a | 0000 0000 | e9cf 0e00 | 0048 83f8 

  0x000002c148092784: ;   {metadata(method data for {method} {0x000002c119cdcc18} 'doResolveCall' '(Lorg/jetbrains/kotlin/psi/KtElement;)Lorg/jetbrains/kotlin/analysis/api/resolution/KaCallInfo;' in 'org/jetbrains/kotlin/analysis/api/fir/components/KaFirResolver')}
  0x000002c148092784: 0075 1749 | b9e0 b28b | 1cc1 0200 | 0041 8089 | 7906 0000 | 01e9 f300 

  0x000002c14809279c: ;   {metadata('org/jetbrains/kotlin/fir/diagnostics/FirDiagnosticHolder')}
  0x000002c14809279c: 0000 48be | 389e 4d5c | c102 0000 | 448b 4808 | 49ba 0000 | 0059 c102 | 0000 4d03 | ca49 3b71 
  0x000002c1480927bc: 200f 841f | 0000 004c | 3bce 0f84 | 1600 0000 

  0x000002c1480927cc: ;   {runtime_call slow_subtype_check Runtime1 stub}
  0x000002c1480927cc: 4151 56e8 | ac6f ec00 | 4159 4159 | 4183 f900 | 0f84 9300 

  0x000002c1480927e0: ;   {metadata(method data for {method} {0x000002c119cdcc18} 'doResolveCall' '(Lorg/jetbrains/kotlin/psi/KtElement;)Lorg/jetbrains/kotlin/analysis/api/resolution/KaCallInfo;' in 'org/jetbrains/kotlin/analysis/api/fir/components/KaFirResolver')}
  0x000002c1480927e0: 0000 49b9 | e0b2 8b1c | c102 0000 | 8b70 0849 | ba00 0000 | 59c1 0200 | 0049 03f2 | 493b b190 
  0x000002c148092800: 0600 0075 | 0d49 8381 | 9806 0000 | 01e9 8400 | 0000 493b | b1a0 0600 | 0075 0d49 | 8381 a806 
  0x000002c148092820: 0000 01e9 | 6e00 0000 | 4981 b990 | 0600 0000 | 0000 0075 | 1749 89b1 | 9006 0000 | 49c7 8198 
  0x000002c148092840: 0600 0001 | 0000 00e9 | 4a00 0000 | 4981 b9a0 | 0600 0000 | 0000 0075 | 1749 89b1 | a006 0000 
  0x000002c148092860: 49c7 81a8 | 0600 0001 | 0000 00e9 | 2600 0000 | e921 0000 

  0x000002c148092874: ;   {metadata(method data for {method} {0x000002c119cdcc18} 'doResolveCall' '(Lorg/jetbrains/kotlin/psi/KtElement;)Lorg/jetbrains/kotlin/analysis/api/resolution/KaCallInfo;' in 'org/jetbrains/kotlin/analysis/api/fir/components/KaFirResolver')}
  0x000002c148092874: 0049 b9e0 | b28b 1cc1 | 0200 0049 | 83a9 8006 | 0000 01e9 | 0500 0000 | e905 0000 | 0048 33d2 
  0x000002c148092894: eb0a 48ba | 0100 0000 | 0000 0000 

  0x000002c1480928a0: ;   {metadata(method data for {method} {0x000002c119cdcc18} 'doResolveCall' '(Lorg/jetbrains/kotlin/psi/KtElement;)Lorg/jetbrains/kotlin/analysis/api/resolution/KaCallInfo;' in 'org/jetbrains/kotlin/analysis/api/fir/components/KaFirResolver')}
  0x000002c1480928a0: 83fa 0048 | bae0 b28b | 1cc1 0200 | 0049 c7c0 | b806 0000 | 0f84 0700 | 0000 49c7 | c0c8 0600 
  0x000002c1480928c0: 004e 8b0c | 024d 8d49 | 014e 890c | 020f 845f | 0400 0048 | 83f8 0075 

  0x000002c1480928d8: ;   {metadata(method data for {method} {0x000002c119cdcc18} 'doResolveCall' '(Lorg/jetbrains/kotlin/psi/KtElement;)Lorg/jetbrains/kotlin/analysis/api/resolution/KaCallInfo;' in 'org/jetbrains/kotlin/analysis/api/fir/components/KaFirResolver')}
  0x000002c1480928d8: 1749 b8e0 | b28b 1cc1 | 0200 0041 | 8088 d106 | 0000 01e9 | f500 0000 

  0x000002c1480928f0: ;   {metadata('org/jetbrains/kotlin/fir/diagnostics/FirDiagnosticHolder')}
  0x000002c1480928f0: 49b9 389e | 4d5c c102 | 0000 448b | 4008 49ba | 0000 0059 | c102 0000 | 4d03 c24d | 3b48 200f 
  0x000002c148092910: 8420 0000 | 004d 3bc1 | 0f84 1700 | 0000 4150 

  0x000002c148092920: ;   {runtime_call slow_subtype_check Runtime1 stub}
  0x000002c148092920: 4151 e859 | 6eec 0041 | 5841 5841 | 83f8 000f | 8494 0000 

  0x000002c148092934: ;   {metadata(method data for {method} {0x000002c119cdcc18} 'doResolveCall' '(Lorg/jetbrains/kotlin/psi/KtElement;)Lorg/jetbrains/kotlin/analysis/api/resolution/KaCallInfo;' in 'org/jetbrains/kotlin/analysis/api/fir/components/KaFirResolver')}
  0x000002c148092934: 0049 b8e0 | b28b 1cc1 | 0200 0044 | 8b48 0849 | ba00 0000 | 59c1 0200 | 004d 03ca | 4d3b 88e8 
  0x000002c148092954: 0600 0075 | 0d49 8380 | f006 0000 | 01e9 7f00 | 0000 4d3b | 88f8 0600 | 0075 0d49 | 8380 0007 
  0x000002c148092974: 0000 01e9 | 6900 0000 | 4981 b8e8 | 0600 0000 | 0000 0075 | 174d 8988 | e806 0000 | 49c7 80f0 
  0x000002c148092994: 0600 0001 | 0000 00e9 | 4500 0000 | 4981 b8f8 | 0600 0000 | 0000 0075 | 174d 8988 | f806 0000 
  0x000002c1480929b4: 49c7 8000 | 0700 0001 | 0000 00e9 | 2100 0000 | e91c 0000 

  0x000002c1480929c8: ;   {metadata(method data for {method} {0x000002c119cdcc18} 'doResolveCall' '(Lorg/jetbrains/kotlin/psi/KtElement;)Lorg/jetbrains/kotlin/analysis/api/resolution/KaCallInfo;' in 'org/jetbrains/kotlin/analysis/api/fir/components/KaFirResolver')}
  0x000002c1480929c8: 0049 b8e0 | b28b 1cc1 | 0200 0049 | 83a8 d806 | 0000 01e9 | 7357 0000 | e900 0000 | 004c 8bc0 
  0x000002c1480929e8: ;   {no_reloc}
  0x000002c1480929e8: e97e 5700 | 0000 0000 | 0000 e97e 

  0x000002c1480929f4: ;   {metadata(method data for {method} {0x000002c119cdcc18} 'doResolveCall' '(Lorg/jetbrains/kotlin/psi/KtElement;)Lorg/jetbrains/kotlin/analysis/api/resolution/KaCallInfo;' in 'org/jetbrains/kotlin/analysis/api/fir/components/KaFirResolver')}
  0x000002c1480929f4: 5700 0049 | b9e0 b28b | 1cc1 0200 | 0049 8381 | 1007 0000 

  0x000002c148092a08: ;   {metadata(method data for {method} {0x000002c10b0e5eb0} 'emptyList' '()Ljava/util/List;' in 'kotlin/collections/CollectionsKt__CollectionsKt')}
  0x000002c148092a08: 0149 b988 | 423a 0bc1 | 0200 0041 | 8b91 cc00 | 0000 83c2 | 0241 8991 | cc00 0000 | 81e2 feff 
  0x000002c148092a28: 1f00 83fa | 000f 844f 

  0x000002c148092a30: ;   {metadata(method data for {method} {0x000002c119cdcc18} 'doResolveCall' '(Lorg/jetbrains/kotlin/psi/KtElement;)Lorg/jetbrains/kotlin/analysis/api/resolution/KaCallInfo;' in 'org/jetbrains/kotlin/analysis/api/fir/components/KaFirResolver')}
  0x000002c148092a30: 5700 0049 | b9e0 b28b | 1cc1 0200 | 0049 8381 | 2007 0000 

  0x000002c148092a44: ;   {metadata(method data for {method} {0x000002c119cebd18} 'access$createKtDiagnostic' '(Lorg/jetbrains/kotlin/analysis/api/fir/components/KaFirResolver;Lorg/jetbrains/kotlin/fir/diagnostics/FirDiagnosticHolder;Lorg/jetbrains/kotlin/psi/KtElement;)Lorg/jetbrains/kotlin/analysis/api/diagnostics/KaDiagnostic;' in 'org/jetbrains/kotlin/analysis/api/fir/components/KaFirResolver')}
  0x000002c148092a44: 0149 b9f8 | d79d 1cc1 | 0200 0041 | 8b91 cc00 | 0000 83c2 | 0241 8991 | cc00 0000 | 81e2 feff 
  0x000002c148092a64: 1f00 83fa | 000f 8434 | 5700 0048 | 8b94 24f0 

  0x000002c148092a74: ;   {metadata(method data for {method} {0x000002c119cebd18} 'access$createKtDiagnostic' '(Lorg/jetbrains/kotlin/analysis/api/fir/components/KaFirResolver;Lorg/jetbrains/kotlin/fir/diagnostics/FirDiagnosticHolder;Lorg/jetbrains/kotlin/psi/KtElement;)Lorg/jetbrains/kotlin/analysis/api/diagnostics/KaDiagnostic;' in 'org/jetbrains/kotlin/analysis/api/fir/components/KaFirResolver')}
  0x000002c148092a74: 0000 0049 | b9f8 d79d | 1cc1 0200 | 0049 8381 | 1001 0000 | 014c 8b8c | 2420 0100 | 0048 8b94 
  0x000002c148092a94: 24f0 0000 | 0048 8984 | 2448 0100 | 0066 0f1f 

  0x000002c148092aa4: ;   {optimized virtual_call}
  0x000002c148092aa4: 4400 00e8 

  0x000002c148092aa8: ; ImmutableOopMap {[248]=Oop [256]=Oop [240]=Oop [328]=Oop }
                      ;*invokespecial createKtDiagnostic {reexecute=0 rethrow=0 return_oop=0}
                      ; - org.jetbrains.kotlin.analysis.api.fir.components.KaFirResolver::access$createKtDiagnostic@3 (line 89)
                      ; - org.jetbrains.kotlin.analysis.api.fir.components.KaFirResolver::doResolveCall@255 (line 169)
  0x000002c148092aa8: d4e8 e100 | 4c8b 8424 | 4801 0000 

  0x000002c148092ab4: ;   {metadata(method data for {method} {0x000002c119cdcc18} 'doResolveCall' '(Lorg/jetbrains/kotlin/psi/KtElement;)Lorg/jetbrains/kotlin/analysis/api/resolution/KaCallInfo;' in 'org/jetbrains/kotlin/analysis/api/fir/components/KaFirResolver')}
  0x000002c148092ab4: 49b9 e0b2 | 8b1c c102 | 0000 4983 | 8130 0700 

  0x000002c148092ac4: ;   {oop(a 'kotlin/collections/EmptyList'{0x000000009acde858})}
  0x000002c148092ac4: 0001 49b8 | 58e8 cd9a | 0000 0000 | 4c8b c848 | 8b94 2448 | 0100 000f 

  0x000002c148092adc: ;   {optimized virtual_call}
  0x000002c148092adc: 1f40 00e8 

  0x000002c148092ae0: ; ImmutableOopMap {[248]=Oop [256]=Oop [240]=Oop [328]=Oop }
                      ;*invokespecial <init> {reexecute=0 rethrow=0 return_oop=0}
                      ; - org.jetbrains.kotlin.analysis.api.fir.components.KaFirResolver::doResolveCall@258 (line 169)
  0x000002c148092ae0: 9ce8 e100 

  0x000002c148092ae4: ;   {metadata(method data for {method} {0x000002c119cdcc18} 'doResolveCall' '(Lorg/jetbrains/kotlin/psi/KtElement;)Lorg/jetbrains/kotlin/analysis/api/resolution/KaCallInfo;' in 'org/jetbrains/kotlin/analysis/api/fir/components/KaFirResolver')}
  0x000002c148092ae4: 48ba e0b2 | 8b1c c102 | 0000 4883 | 8240 0700 

  0x000002c148092af4: ;   {metadata(method data for {method} {0x000002c10b0e89e0} 'listOf' '(Ljava/lang/Object;)Ljava/util/List;' in 'kotlin/collections/CollectionsKt__CollectionsJVMKt')}
  0x000002c148092af4: 0001 48ba | c8ca 4118 | c102 0000 | 8bb2 cc00 | 0000 83c6 | 0289 b2cc | 0000 0081 | e6fe ff1f 
  0x000002c148092b14: 0083 fe00 | 0f84 a656 

  0x000002c148092b1c: ;   {metadata(method data for {method} {0x000002c10b0e89e0} 'listOf' '(Ljava/lang/Object;)Ljava/util/List;' in 'kotlin/collections/CollectionsKt__CollectionsJVMKt')}
  0x000002c148092b1c: 0000 48ba | c8ca 4118 | c102 0000 | 4883 8210 | 0100 0001 

  0x000002c148092b30: ;   {metadata(method data for {method} {0x000002c1593829f0} 'singletonList' '(Ljava/lang/Object;)Ljava/util/List;' in 'java/util/Collections')}
  0x000002c148092b30: 48ba 80b1 | 2174 c102 | 0000 8bb2 | cc00 0000 | 83c6 0289 | b2cc 0000 | 0081 e6fe | ff1f 0083 
  0x000002c148092b50: fe00 0f84 | 8d56 0000 

  0x000002c148092b58: ;   {metadata('java/util/Collections$SingletonList')}
  0x000002c148092b58: 48ba d0f8 | 045a c102 | 0000 498b | 8708 0100 | 0048 8d78 | 1849 3bbf | 1801 0000 | 0f87 8c56 
  0x000002c148092b78: 0000 4989 | bf08 0100 | 0048 c700 | 0100 0000 | 488b ca49 | ba00 0000 | 59c1 0200 | 0049 2bca 
  0x000002c148092b98: 8948 0848 | 33c9 8948 | 0c48 33c9 | 4889 4810 

  0x000002c148092ba8: ;   {metadata(method data for {method} {0x000002c1593829f0} 'singletonList' '(Ljava/lang/Object;)Ljava/util/List;' in 'java/util/Collections')}
  0x000002c148092ba8: 488b d049 | b880 b121 | 74c1 0200 | 0049 8380 | 1001 0000 

  0x000002c148092bbc: ;   {metadata(method data for {method} {0x000002c174108030} '<init>' '(Ljava/lang/Object;)V' in 'java/util/Collections$SingletonList')}
  0x000002c148092bbc: 0148 bac8 | b221 74c1 | 0200 0044 | 8b82 cc00 | 0000 4183 | c002 4489 | 82cc 0000 | 0041 81e0 
  0x000002c148092bdc: feff 1f00 | 4183 f800 | 0f84 2956 | 0000 488b 

  0x000002c148092bec: ;   {metadata(method data for {method} {0x000002c174108030} '<init>' '(Ljava/lang/Object;)V' in 'java/util/Collections$SingletonList')}
  0x000002c148092bec: d049 b8c8 | b221 74c1 | 0200 0049 | 8380 1001 

  0x000002c148092bfc: ;   {metadata(method data for {method} {0x000002c1593c8040} '<init>' '()V' in 'java/util/AbstractList')}
  0x000002c148092bfc: 0000 0148 | ba20 2707 | 74c1 0200 | 0044 8b82 | cc00 0000 | 4183 c002 | 4489 82cc | 0000 0041 
  0x000002c148092c1c: 81e0 feff | 1f00 4183 | f800 0f84 | 0856 0000 

  0x000002c148092c2c: ;   {metadata(method data for {method} {0x000002c1593c8040} '<init>' '()V' in 'java/util/AbstractList')}
  0x000002c148092c2c: 488b d049 | b820 2707 | 74c1 0200 | 0049 8380 | 1001 0000 

  0x000002c148092c40: ;   {metadata(method data for {method} {0x000002c159071aa8} '<init>' '()V' in 'java/util/AbstractCollection')}
  0x000002c148092c40: 0148 ba98 | c800 74c1 | 0200 0044 | 8b82 cc00 | 0000 4183 | c002 4489 | 82cc 0000 | 0041 81e0 
  0x000002c148092c60: feff 1f00 | 4183 f800 | 0f84 e755 | 0000 488b 

  0x000002c148092c70: ;   {metadata(method data for {method} {0x000002c159071aa8} '<init>' '()V' in 'java/util/AbstractCollection')}
  0x000002c148092c70: d049 b898 | c800 74c1 | 0200 0049 | 8380 1001 

  0x000002c148092c80: ;   {metadata(method data for {method} {0x000002c1594415a8} '<init>' '()V' in 'java/lang/Object')}
  0x000002c148092c80: 0000 0148 | bad0 6f00 | 74c1 0200 | 0044 8b82 | cc00 0000 | 4183 c002 | 4489 82cc | 0000 0041 
  0x000002c148092ca0: 81e0 feff | 1f00 4183 | f800 0f84 | c655 0000 | 410f be57 | 3883 fa00 | 0f85 d955 | 0000 488b 
  0x000002c148092cc0: 9424 4801 | 0000 4c8b | d244 8950 | 104c 8bc0 | 4c33 c249 | c1e8 1449 | 83f8 000f | 85d1 5500 
  0x000002c148092ce0: ;   {metadata(method data for {method} {0x000002c10b0e89e0} 'listOf' '(Ljava/lang/Object;)Ljava/util/List;' in 'kotlin/collections/CollectionsKt__CollectionsJVMKt')}
  0x000002c148092ce0: 0048 bac8 | ca41 18c1 | 0200 0048 | 8382 2001 | 0000 0148 

  0x000002c148092cf4: ;   {oop("singletonList(...)"{0x0000000081da8c98})}
  0x000002c148092cf4: 8bd0 49b8 | 988c da81 | 0000 0000 | 4889 8424 | 5001 0000 | 0f1f 8000 

  0x000002c148092d0c: ;   {static_call}
  0x000002c148092d0c: 0000 00e8 

  0x000002c148092d10: ; ImmutableOopMap {[248]=Oop [256]=Oop [240]=Oop [336]=Oop }
                      ;*invokestatic checkNotNullExpressionValue {reexecute=0 rethrow=0 return_oop=0}
                      ; - kotlin.collections.CollectionsKt__CollectionsJVMKt::listOf@7 (line 21)
                      ; - org.jetbrains.kotlin.analysis.api.fir.components.KaFirResolver::doResolveCall@261 (line 169)
  0x000002c148092d10: 6cec e100 

  0x000002c148092d14: ;   {metadata(method data for {method} {0x000002c119cdcc18} 'doResolveCall' '(Lorg/jetbrains/kotlin/psi/KtElement;)Lorg/jetbrains/kotlin/analysis/api/resolution/KaCallInfo;' in 'org/jetbrains/kotlin/analysis/api/fir/components/KaFirResolver')}
  0x000002c148092d14: 49b8 e0b2 | 8b1c c102 | 0000 41ff | 8050 0700 | 0048 8bb4 | 2450 0100 | 00e9 1e09 | 0000 488b 
  0x000002c148092d34: bc24 2001 

  0x000002c148092d38: ;   {metadata(method data for {method} {0x000002c119cdcc18} 'doResolveCall' '(Lorg/jetbrains/kotlin/psi/KtElement;)Lorg/jetbrains/kotlin/analysis/api/resolution/KaCallInfo;' in 'org/jetbrains/kotlin/analysis/api/fir/components/KaFirResolver')}
  0x000002c148092d38: 0000 49b8 | e0b2 8b1c | c102 0000 | 4983 8068 | 0700 0001 

  0x000002c148092d4c: ;   {metadata(method data for {method} {0x000002c10ae0bcf0} 'areEqual' '(Ljava/lang/Object;Ljava/lang/Object;)Z' in 'kotlin/jvm/internal/Intrinsics')}
  0x000002c148092d4c: 49b8 1818 | 200b c102 | 0000 418b | 90cc 0000 | 0083 c202 | 4189 90cc | 0000 0081 | e2fe ff1f 
  0x000002c148092d6c: 0083 fa00 | 0f84 5455 | 0000 4883 

  0x000002c148092d78: ;   {metadata(method data for {method} {0x000002c10ae0bcf0} 'areEqual' '(Ljava/lang/Object;Ljava/lang/Object;)Z' in 'kotlin/jvm/internal/Intrinsics')}
  0x000002c148092d78: ff00 49b8 | 1818 200b | c102 0000 | 48c7 c210 | 0100 000f | 8507 0000 | 0048 c7c2 | 2001 0000 
  0x000002c148092d98: 498b 3410 | 488d 7601 | 4989 3410 | 0f85 9200 | 0000 488b | 9c24 0801 | 0000 4883 

  0x000002c148092db4: ;   {metadata(method data for {method} {0x000002c10ae0bcf0} 'areEqual' '(Ljava/lang/Object;Ljava/lang/Object;)Z' in 'kotlin/jvm/internal/Intrinsics')}
  0x000002c148092db4: fb00 49b8 | 1818 200b | c102 0000 | 48c7 c230 | 0100 000f | 8507 0000 | 0048 c7c2 | 4001 0000 
  0x000002c148092dd4: 498b 3410 | 488d 7601 | 4989 3410 | 0f85 2b00 

  0x000002c148092de4: ;   {metadata(method data for {method} {0x000002c10ae0bcf0} 'areEqual' '(Ljava/lang/Object;Ljava/lang/Object;)Z' in 'kotlin/jvm/internal/Intrinsics')}
  0x000002c148092de4: 0000 49b8 | 1818 200b | c102 0000 | 41ff 8050 | 0100 00be | 0100 0000 | 4889 8424 | 5801 0000 
  0x000002c148092e04: 4889 bc24 | 2001 0000 | e9fe 0000 

  0x000002c148092e10: ;   {metadata(method data for {method} {0x000002c10ae0bcf0} 'areEqual' '(Ljava/lang/Object;Ljava/lang/Object;)Z' in 'kotlin/jvm/internal/Intrinsics')}
  0x000002c148092e10: 0049 b818 | 1820 0bc1 | 0200 0041 | ff80 6801 | 0000 be00 | 0000 0048 | 8984 2458 | 0100 0048 
  0x000002c148092e30: 89bc 2420 | 0100 00e9 | d300 0000 | 4889 8424 | 5801 0000 | 488b 9c24 | 0801 0000 

  0x000002c148092e4c: ; implicit exception: dispatches to 0x000002c1480982eb
  0x000002c148092e4c: 483b 074c 

  0x000002c148092e50: ;   {metadata(method data for {method} {0x000002c10ae0bcf0} 'areEqual' '(Ljava/lang/Object;Ljava/lang/Object;)Z' in 'kotlin/jvm/internal/Intrinsics')}
  0x000002c148092e50: 8bc7 48ba | 1818 200b | c102 0000 | 458b 4008 | 49ba 0000 | 0059 c102 | 0000 4d03 | c24c 3b82 
  0x000002c148092e70: 9001 0000 | 750d 4883 | 8298 0100 | 0001 e966 | 0000 004c | 3b82 a001 | 0000 750d | 4883 82a8 
  0x000002c148092e90: 0100 0001 | e950 0000 | 0048 81ba | 9001 0000 | 0000 0000 | 7517 4c89 | 8290 0100 | 0048 c782 
  0x000002c148092eb0: 9801 0000 | 0100 0000 | e92c 0000 | 0048 81ba | a001 0000 | 0000 0000 | 7517 4c89 | 82a0 0100 
  0x000002c148092ed0: 0048 c782 | a801 0000 | 0100 0000 | e908 0000 | 0048 8382 | 8001 0000 | 014c 8bc3 | 488b d748 
  0x000002c148092ef0: 89bc 2420 | 0100 0066 | 0f1f 4400 | 0048 b8ff | ffff ffff 

  0x000002c148092f04: ;   {virtual_call}
  0x000002c148092f04: ffff ffe8 

  0x000002c148092f08: ; ImmutableOopMap {[248]=Oop [256]=Oop [240]=Oop [280]=Oop [272]=Oop [288]=Oop [344]=Oop }
                      ;*invokevirtual equals {reexecute=0 rethrow=0 return_oop=0}
                      ; - kotlin.jvm.internal.Intrinsics::areEqual@18 (line 169)
                      ; - org.jetbrains.kotlin.analysis.api.fir.components.KaFirResolver::doResolveCall@275 (line 1722)
  0x000002c148092f08: 54c7 ec00 | 488b f083 | e601 488b | bc24 2001 

  0x000002c148092f18: ;   {metadata(method data for {method} {0x000002c119cdcc18} 'doResolveCall' '(Lorg/jetbrains/kotlin/psi/KtElement;)Lorg/jetbrains/kotlin/analysis/api/resolution/KaCallInfo;' in 'org/jetbrains/kotlin/analysis/api/fir/components/KaFirResolver')}
  0x000002c148092f18: 0000 49b8 | e0b2 8b1c | c102 0000 | 4983 8078 | 0700 0001 

  0x000002c148092f2c: ;   {metadata(method data for {method} {0x000002c10ae0bcf0} 'areEqual' '(Ljava/lang/Object;Ljava/lang/Object;)Z' in 'kotlin/jvm/internal/Intrinsics')}
  0x000002c148092f2c: 49b8 1818 | 200b c102 | 0000 418b | 90cc 0000 | 0083 c202 | 4189 90cc | 0000 0081 | e2fe ff1f 
  0x000002c148092f4c: 0083 fa00 | 0f84 9a53 | 0000 4883 

  0x000002c148092f58: ;   {metadata(method data for {method} {0x000002c10ae0bcf0} 'areEqual' '(Ljava/lang/Object;Ljava/lang/Object;)Z' in 'kotlin/jvm/internal/Intrinsics')}
  0x000002c148092f58: ff00 49b8 | 1818 200b | c102 0000 | 48c7 c210 | 0100 000f | 8507 0000 | 0048 c7c2 | 2001 0000 
  0x000002c148092f78: 498b 1c10 | 488d 5b01 | 4989 1c10 | 0f85 9000 | 0000 488b | 8424 1001 | 0000 4883 

  0x000002c148092f94: ;   {metadata(method data for {method} {0x000002c10ae0bcf0} 'areEqual' '(Ljava/lang/Object;Ljava/lang/Object;)Z' in 'kotlin/jvm/internal/Intrinsics')}
  0x000002c148092f94: f800 49b8 | 1818 200b | c102 0000 | 48c7 c230 | 0100 000f | 8507 0000 | 0048 c7c2 | 4001 0000 
  0x000002c148092fb4: 498b 1c10 | 488d 5b01 | 4989 1c10 | 0f85 2a00 

  0x000002c148092fc4: ;   {metadata(method data for {method} {0x000002c10ae0bcf0} 'areEqual' '(Ljava/lang/Object;Ljava/lang/Object;)Z' in 'kotlin/jvm/internal/Intrinsics')}
  0x000002c148092fc4: 0000 49b8 | 1818 200b | c102 0000 | 41ff 8050 | 0100 00bb | 0100 0000 | 89b4 2460 | 0100 0048 
  0x000002c148092fe4: 89bc 2420 | 0100 00e9 | f700 0000 

  0x000002c148092ff0: ;   {metadata(method data for {method} {0x000002c10ae0bcf0} 'areEqual' '(Ljava/lang/Object;Ljava/lang/Object;)Z' in 'kotlin/jvm/internal/Intrinsics')}
  0x000002c148092ff0: 49b8 1818 | 200b c102 | 0000 41ff | 8068 0100 | 00bb 0000 | 0000 89b4 | 2460 0100 | 0048 89bc 
  0x000002c148093010: 2420 0100 | 00e9 cd00 | 0000 89b4 | 2460 0100 | 0048 8b84 | 2410 0100 | 0048 3b07 

  0x000002c14809302c: ;   {metadata(method data for {method} {0x000002c10ae0bcf0} 'areEqual' '(Ljava/lang/Object;Ljava/lang/Object;)Z' in 'kotlin/jvm/internal/Intrinsics')}
  0x000002c14809302c: 4c8b c748 | ba18 1820 | 0bc1 0200 | 0045 8b40 | 0849 ba00 | 0000 59c1 | 0200 004d | 03c2 4c3b 
  0x000002c14809304c: 8290 0100 | 0075 0d48 | 8382 9801 | 0000 01e9 | 6600 0000 | 4c3b 82a0 | 0100 0075 | 0d48 8382 
  0x000002c14809306c: a801 0000 | 01e9 5000 | 0000 4881 | ba90 0100 | 0000 0000 | 0075 174c | 8982 9001 | 0000 48c7 
  0x000002c14809308c: 8298 0100 | 0001 0000 | 00e9 2c00 | 0000 4881 | baa0 0100 | 0000 0000 | 0075 174c | 8982 a001 
  0x000002c1480930ac: 0000 48c7 | 82a8 0100 | 0001 0000 | 00e9 0800 | 0000 4883 | 8280 0100 | 0001 4c8b | c048 8bd7 
  0x000002c1480930cc: 4889 bc24 | 2001 0000 | 9048 b8ff | ffff ffff 

  0x000002c1480930dc: ;   {virtual_call}
  0x000002c1480930dc: ffff ffe8 

  0x000002c1480930e0: ; ImmutableOopMap {[248]=Oop [256]=Oop [240]=Oop [280]=Oop [344]=Oop [288]=Oop }
                      ;*invokevirtual equals {reexecute=0 rethrow=0 return_oop=0}
                      ; - kotlin.jvm.internal.Intrinsics::areEqual@18 (line 169)
                      ; - org.jetbrains.kotlin.analysis.api.fir.components.KaFirResolver::doResolveCall@282 (line 1723)
  0x000002c1480930e0: 7cc5 ec00 | 488b d883 | e301 83fb 

  0x000002c1480930ec: ;   {metadata(method data for {method} {0x000002c119cdcc18} 'doResolveCall' '(Lorg/jetbrains/kotlin/psi/KtElement;)Lorg/jetbrains/kotlin/analysis/api/resolution/KaCallInfo;' in 'org/jetbrains/kotlin/analysis/api/fir/components/KaFirResolver')}
  0x000002c1480930ec: 0049 b8e0 | b28b 1cc1 | 0200 0048 | c7c2 8807 | 0000 0f85 | 0700 0000 | 48c7 c298 | 0700 0049 
  0x000002c14809310c: 8b34 1048 | 8d76 0149 | 8934 100f | 85f0 0100 | 0048 8bbc | 2420 0100 

  0x000002c148093124: ;   {metadata(method data for {method} {0x000002c119cdcc18} 'doResolveCall' '(Lorg/jetbrains/kotlin/psi/KtElement;)Lorg/jetbrains/kotlin/analysis/api/resolution/KaCallInfo;' in 'org/jetbrains/kotlin/analysis/api/fir/components/KaFirResolver')}
  0x000002c148093124: 0049 b8e0 | b28b 1cc1 | 0200 0049 | 8380 a807 

  0x000002c148093134: ;   {metadata(method data for {method} {0x000002c10ae0bcf0} 'areEqual' '(Ljava/lang/Object;Ljava/lang/Object;)Z' in 'kotlin/jvm/internal/Intrinsics')}
  0x000002c148093134: 0000 0149 | b818 1820 | 0bc1 0200 | 0041 8b90 | cc00 0000 | 83c2 0241 | 8990 cc00 | 0000 81e2 
  0x000002c148093154: feff 1f00 | 83fa 000f | 84b5 5100 | 0048 83ff 

  0x000002c148093164: ;   {metadata(method data for {method} {0x000002c10ae0bcf0} 'areEqual' '(Ljava/lang/Object;Ljava/lang/Object;)Z' in 'kotlin/jvm/internal/Intrinsics')}
  0x000002c148093164: 0049 b818 | 1820 0bc1 | 0200 0048 | c7c2 1001 | 0000 0f85 | 0700 0000 | 48c7 c220 | 0100 0049 
  0x000002c148093184: 8b34 1048 | 8d76 0149 | 8934 1048 | 8b84 2418 | 0100 000f | 857a 0000 | 0048 83f8 

  0x000002c1480931a0: ;   {metadata(method data for {method} {0x000002c10ae0bcf0} 'areEqual' '(Ljava/lang/Object;Ljava/lang/Object;)Z' in 'kotlin/jvm/internal/Intrinsics')}
  0x000002c1480931a0: 0049 b818 | 1820 0bc1 | 0200 0048 | c7c2 3001 | 0000 0f85 | 0700 0000 | 48c7 c240 | 0100 0049 
  0x000002c1480931c0: 8b34 1048 | 8d76 0149 | 8934 100f | 8523 0000 

  0x000002c1480931d0: ;   {metadata(method data for {method} {0x000002c10ae0bcf0} 'areEqual' '(Ljava/lang/Object;Ljava/lang/Object;)Z' in 'kotlin/jvm/internal/Intrinsics')}
  0x000002c1480931d0: 0049 b818 | 1820 0bc1 | 0200 0041 | ff80 5001 | 0000 be01 | 0000 0048 | 89bc 2420 | 0100 00e9 
  0x000002c1480931f0: e300 0000 

  0x000002c1480931f4: ;   {metadata(method data for {method} {0x000002c10ae0bcf0} 'areEqual' '(Ljava/lang/Object;Ljava/lang/Object;)Z' in 'kotlin/jvm/internal/Intrinsics')}
  0x000002c1480931f4: 49b8 1818 | 200b c102 | 0000 41ff | 8068 0100 | 00be 0000 | 0000 4889 | bc24 2001 | 0000 e9c0 
  0x000002c148093214: 0000 0048 | 3b07 4c8b 

  0x000002c14809321c: ;   {metadata(method data for {method} {0x000002c10ae0bcf0} 'areEqual' '(Ljava/lang/Object;Ljava/lang/Object;)Z' in 'kotlin/jvm/internal/Intrinsics')}
  0x000002c14809321c: c748 ba18 | 1820 0bc1 | 0200 0045 | 8b40 0849 | ba00 0000 | 59c1 0200 | 004d 03c2 | 4c3b 8290 
  0x000002c14809323c: 0100 0075 | 0d48 8382 | 9801 0000 | 01e9 6600 | 0000 4c3b | 82a0 0100 | 0075 0d48 | 8382 a801 
  0x000002c14809325c: 0000 01e9 | 5000 0000 | 4881 ba90 | 0100 0000 | 0000 0075 | 174c 8982 | 9001 0000 | 48c7 8298 
  0x000002c14809327c: 0100 0001 | 0000 00e9 | 2c00 0000 | 4881 baa0 | 0100 0000 | 0000 0075 | 174c 8982 | a001 0000 
  0x000002c14809329c: 48c7 82a8 | 0100 0001 | 0000 00e9 | 0800 0000 | 4883 8280 | 0100 0001 | 4c8b c048 | 8bd7 4889 
  0x000002c1480932bc: bc24 2001 | 0000 6666 | 9048 b8ff | ffff ffff 

  0x000002c1480932cc: ;   {virtual_call}
  0x000002c1480932cc: ffff ffe8 

  0x000002c1480932d0: ; ImmutableOopMap {[248]=Oop [256]=Oop [240]=Oop [344]=Oop [288]=Oop }
                      ;*invokevirtual equals {reexecute=0 rethrow=0 return_oop=0}
                      ; - kotlin.jvm.internal.Intrinsics::areEqual@18 (line 169)
                      ; - org.jetbrains.kotlin.analysis.api.fir.components.KaFirResolver::doResolveCall@292 (line 1723)
  0x000002c1480932d0: 8cc3 ec00 | 488b f083 | e601 83fe 

  0x000002c1480932dc: ;   {metadata(method data for {method} {0x000002c119cdcc18} 'doResolveCall' '(Lorg/jetbrains/kotlin/psi/KtElement;)Lorg/jetbrains/kotlin/analysis/api/resolution/KaCallInfo;' in 'org/jetbrains/kotlin/analysis/api/fir/components/KaFirResolver')}
  0x000002c1480932dc: 0048 bae0 | b28b 1cc1 | 0200 0049 | c7c0 b807 | 0000 0f84 | 0700 0000 | 49c7 c0c8 | 0700 004e 
  0x000002c1480932fc: 8b0c 024d | 8d49 014e | 890c 020f | 841a 0000 

  0x000002c14809330c: ;   {metadata(method data for {method} {0x000002c119cdcc18} 'doResolveCall' '(Lorg/jetbrains/kotlin/psi/KtElement;)Lorg/jetbrains/kotlin/analysis/api/resolution/KaCallInfo;' in 'org/jetbrains/kotlin/analysis/api/fir/components/KaFirResolver')}
  0x000002c14809330c: 0048 bae0 | b28b 1cc1 | 0200 00ff | 82d8 0700 | 00be 0100 | 0000 e905 | 0000 00be | 0000 0000 
  0x000002c14809332c: 8bbc 2460 | 0100 0048 | 8b84 2458 

  0x000002c148093338: ;   {metadata(method data for {method} {0x000002c119cdcc18} 'doResolveCall' '(Lorg/jetbrains/kotlin/psi/KtElement;)Lorg/jetbrains/kotlin/analysis/api/resolution/KaCallInfo;' in 'org/jetbrains/kotlin/analysis/api/fir/components/KaFirResolver')}
  0x000002c148093338: 0100 0048 | bae0 b28b | 1cc1 0200 | 0048 8382 | f007 0000 | 0148 8b94 | 24f0 0000 | 004c 8bc0 
  0x000002c148093358: 4c8b 8c24 | 2001 0000 | 0f1f 8000 

  0x000002c148093364: ;   {static_call}
  0x000002c148093364: 0000 00e8 

  0x000002c148093368: ; ImmutableOopMap {[248]=Oop [256]=Oop [240]=Oop }
                      ;*invokestatic access$toKtCallInfo {reexecute=0 rethrow=0 return_oop=0}
                      ; - org.jetbrains.kotlin.analysis.api.fir.components.KaFirResolver::doResolveCall@323 (line 173)
  0x000002c148093368: d478 92fe 

  0x000002c14809336c: ;   {metadata(method data for {method} {0x000002c119cdcc18} 'doResolveCall' '(Lorg/jetbrains/kotlin/psi/KtElement;)Lorg/jetbrains/kotlin/analysis/api/resolution/KaCallInfo;' in 'org/jetbrains/kotlin/analysis/api/fir/components/KaFirResolver')}
  0x000002c14809336c: 4c8b c048 | bae0 b28b | 1cc1 0200 | 0048 8382 | 0008 0000 

  0x000002c148093380: ;   {metadata(method data for {method} {0x000002c10b0e63b0} 'listOfNotNull' '(Ljava/lang/Object;)Ljava/util/List;' in 'kotlin/collections/CollectionsKt__CollectionsKt')}
  0x000002c148093380: 0148 ba08 | ab74 1cc1 | 0200 008b | b2cc 0000 | 0083 c602 | 89b2 cc00 | 0000 81e6 | feff 1f00 
  0x000002c1480933a0: 83fe 000f | 8493 4f00 | 0049 83f8 

  0x000002c1480933ac: ;   {metadata(method data for {method} {0x000002c10b0e63b0} 'listOfNotNull' '(Ljava/lang/Object;)Ljava/util/List;' in 'kotlin/collections/CollectionsKt__CollectionsKt')}
  0x000002c1480933ac: 0048 ba08 | ab74 1cc1 | 0200 0048 | c7c6 1001 | 0000 0f84 | 0700 0000 | 48c7 c620 | 0100 0048 
  0x000002c1480933cc: 8b3c 3248 | 8d7f 0148 | 893c 320f | 842c 0200 

  0x000002c1480933dc: ;   {metadata(method data for {method} {0x000002c10b0e63b0} 'listOfNotNull' '(Ljava/lang/Object;)Ljava/util/List;' in 'kotlin/collections/CollectionsKt__CollectionsKt')}
  0x000002c1480933dc: 0048 ba08 | ab74 1cc1 | 0200 0048 | 8382 3001 

  0x000002c1480933ec: ;   {metadata(method data for {method} {0x000002c10b0e89e0} 'listOf' '(Ljava/lang/Object;)Ljava/util/List;' in 'kotlin/collections/CollectionsKt__CollectionsJVMKt')}
  0x000002c1480933ec: 0000 0148 | bac8 ca41 | 18c1 0200 | 008b b2cc | 0000 0083 | c602 89b2 | cc00 0000 | 81e6 feff 
  0x000002c14809340c: 1f00 83fe | 000f 8446 

  0x000002c148093414: ;   {metadata(method data for {method} {0x000002c10b0e89e0} 'listOf' '(Ljava/lang/Object;)Ljava/util/List;' in 'kotlin/collections/CollectionsKt__CollectionsJVMKt')}
  0x000002c148093414: 4f00 0048 | bac8 ca41 | 18c1 0200 | 0048 8382 | 1001 0000 

  0x000002c148093428: ;   {metadata(method data for {method} {0x000002c1593829f0} 'singletonList' '(Ljava/lang/Object;)Ljava/util/List;' in 'java/util/Collections')}
  0x000002c148093428: 0148 ba80 | b121 74c1 | 0200 008b | b2cc 0000 | 0083 c602 | 89b2 cc00 | 0000 81e6 | feff 1f00 
  0x000002c148093448: 83fe 000f | 842d 4f00 

  0x000002c148093450: ;   {metadata('java/util/Collections$SingletonList')}
  0x000002c148093450: 0048 bad0 | f804 5ac1 | 0200 0049 | 8b87 0801 | 0000 488d | 7818 493b | bf18 0100 | 000f 872c 
  0x000002c148093470: 4f00 0049 | 89bf 0801 | 0000 48c7 | 0001 0000 | 0048 8bca | 49ba 0000 | 0059 c102 | 0000 492b 
  0x000002c148093490: ca89 4808 | 4833 c989 | 480c 4833 | c948 8948 | 1048 8bd0 

  0x000002c1480934a4: ;   {metadata(method data for {method} {0x000002c1593829f0} 'singletonList' '(Ljava/lang/Object;)Ljava/util/List;' in 'java/util/Collections')}
  0x000002c1480934a4: 48be 80b1 | 2174 c102 | 0000 4883 | 8610 0100 

  0x000002c1480934b4: ;   {metadata(method data for {method} {0x000002c174108030} '<init>' '(Ljava/lang/Object;)V' in 'java/util/Collections$SingletonList')}
  0x000002c1480934b4: 0001 48ba | c8b2 2174 | c102 0000 | 8bb2 cc00 | 0000 83c6 | 0289 b2cc | 0000 0081 | e6fe ff1f 
  0x000002c1480934d4: 0083 fe00 | 0f84 ce4e | 0000 488b 

  0x000002c1480934e0: ;   {metadata(method data for {method} {0x000002c174108030} '<init>' '(Ljava/lang/Object;)V' in 'java/util/Collections$SingletonList')}
  0x000002c1480934e0: d048 bec8 | b221 74c1 | 0200 0048 | 8386 1001 

  0x000002c1480934f0: ;   {metadata(method data for {method} {0x000002c1593c8040} '<init>' '()V' in 'java/util/AbstractList')}
  0x000002c1480934f0: 0000 0148 | ba20 2707 | 74c1 0200 | 008b b2cc | 0000 0083 | c602 89b2 | cc00 0000 | 81e6 feff 
  0x000002c148093510: 1f00 83fe | 000f 84b2 | 4e00 0048 

  0x000002c14809351c: ;   {metadata(method data for {method} {0x000002c1593c8040} '<init>' '()V' in 'java/util/AbstractList')}
  0x000002c14809351c: 8bd0 48be | 2027 0774 | c102 0000 | 4883 8610 | 0100 0001 

  0x000002c148093530: ;   {metadata(method data for {method} {0x000002c159071aa8} '<init>' '()V' in 'java/util/AbstractCollection')}
  0x000002c148093530: 48ba 98c8 | 0074 c102 | 0000 8bb2 | cc00 0000 | 83c6 0289 | b2cc 0000 | 0081 e6fe | ff1f 0083 
  0x000002c148093550: fe00 0f84 | 964e 0000 

  0x000002c148093558: ;   {metadata(method data for {method} {0x000002c159071aa8} '<init>' '()V' in 'java/util/AbstractCollection')}
  0x000002c148093558: 488b d048 | be98 c800 | 74c1 0200 | 0048 8386 | 1001 0000 

  0x000002c14809356c: ;   {metadata(method data for {method} {0x000002c1594415a8} '<init>' '()V' in 'java/lang/Object')}
  0x000002c14809356c: 0148 bad0 | 6f00 74c1 | 0200 008b | b2cc 0000 | 0083 c602 | 89b2 cc00 | 0000 81e6 | feff 1f00 
  0x000002c14809358c: 83fe 000f | 847a 4e00 | 0041 0fbe | 5738 83fa | 000f 858d | 4e00 004d | 8bd0 4489 | 5010 488b 
  0x000002c1480935ac: d049 33d0 | 48c1 ea14 | 4883 fa00 | 0f85 8d4e 

  0x000002c1480935bc: ;   {metadata(method data for {method} {0x000002c10b0e89e0} 'listOf' '(Ljava/lang/Object;)Ljava/util/List;' in 'kotlin/collections/CollectionsKt__CollectionsJVMKt')}
  0x000002c1480935bc: 0000 48ba | c8ca 4118 | c102 0000 | 4883 8220 | 0100 0001 

  0x000002c1480935d0: ;   {oop("singletonList(...)"{0x0000000081da8c98})}
  0x000002c1480935d0: 488b d049 | b898 8cda | 8100 0000 | 0048 8984 | 2468 0100 

  0x000002c1480935e4: ;   {static_call}
  0x000002c1480935e4: 0066 90e8 

  0x000002c1480935e8: ; ImmutableOopMap {[248]=Oop [256]=Oop [240]=Oop [360]=Oop }
                      ;*invokestatic checkNotNullExpressionValue {reexecute=0 rethrow=0 return_oop=0}
                      ; - kotlin.collections.CollectionsKt__CollectionsJVMKt::listOf@7 (line 21)
                      ; - kotlin.collections.CollectionsKt__CollectionsKt::listOfNotNull@5 (line 131)
                      ; - org.jetbrains.kotlin.analysis.api.fir.components.KaFirResolver::doResolveCall@326 (line 172)
  0x000002c1480935e8: 142d 0003 

  0x000002c1480935ec: ;   {metadata(method data for {method} {0x000002c10b0e63b0} 'listOfNotNull' '(Ljava/lang/Object;)Ljava/util/List;' in 'kotlin/collections/CollectionsKt__CollectionsKt')}
  0x000002c1480935ec: 48ba 08ab | 741c c102 | 0000 ff82 | 4001 0000 | 488b 8424 | 6801 0000 | e944 0000 

  0x000002c148093608: ;   {metadata(method data for {method} {0x000002c10b0e63b0} 'listOfNotNull' '(Ljava/lang/Object;)Ljava/util/List;' in 'kotlin/collections/CollectionsKt__CollectionsKt')}
  0x000002c148093608: 0048 ba08 | ab74 1cc1 | 0200 0048 | 8382 5801 

  0x000002c148093618: ;   {metadata(method data for {method} {0x000002c10b0e5eb0} 'emptyList' '()Ljava/util/List;' in 'kotlin/collections/CollectionsKt__CollectionsKt')}
  0x000002c148093618: 0000 0148 | ba88 423a | 0bc1 0200 | 008b b2cc | 0000 0083 | c602 89b2 | cc00 0000 | 81e6 feff 
  0x000002c148093638: 1f00 83fe | 000f 8420 

  0x000002c148093640: ;   {oop(a 'kotlin/collections/EmptyList'{0x000000009acde858})}
  0x000002c148093640: 4e00 0048 | b858 e8cd | 9a00 0000 | 0048 8bf0 

  0x000002c148093650: ; implicit exception: dispatches to 0x000002c148098484
  0x000002c148093650: 483b 0648 

  0x000002c148093654: ;   {metadata(method data for {method} {0x000002c119cdcc18} 'doResolveCall' '(Lorg/jetbrains/kotlin/psi/KtElement;)Lorg/jetbrains/kotlin/analysis/api/resolution/KaCallInfo;' in 'org/jetbrains/kotlin/analysis/api/fir/components/KaFirResolver')}
  0x000002c148093654: 8bd6 48bf | e0b2 8b1c | c102 0000 | 8b52 0849 | ba00 0000 | 59c1 0200 | 0049 03d2 | 483b 9720 
  0x000002c148093674: 0800 0075 | 0d48 8387 | 2808 0000 | 01e9 6600 | 0000 483b | 9730 0800 | 0075 0d48 | 8387 3808 
  0x000002c148093694: 0000 01e9 | 5000 0000 | 4881 bf20 | 0800 0000 | 0000 0075 | 1748 8997 | 2008 0000 | 48c7 8728 
  0x000002c1480936b4: 0800 0001 | 0000 00e9 | 2c00 0000 | 4881 bf30 | 0800 0000 | 0000 0075 | 1748 8997 | 3008 0000 
  0x000002c1480936d4: 48c7 8738 | 0800 0001 | 0000 00e9 | 0800 0000 | 4883 8710 | 0800 0001 | 488b d648 | 89b4 2470 
  0x000002c1480936f4: 0100 0066 | 0f1f 4400 | 0048 b8a0 | 1752 11c1 

  0x000002c148093704: ;   {virtual_call}
  0x000002c148093704: 0200 00e8 

  0x000002c148093708: ; ImmutableOopMap {[248]=Oop [256]=Oop [240]=Oop [368]=Oop }
                      ;*invokeinterface size {reexecute=0 rethrow=0 return_oop=0}
                      ; - org.jetbrains.kotlin.analysis.api.fir.components.KaFirResolver::doResolveCall@335 (line 181)
  0x000002c148093708: 8432 ef00 

  0x000002c14809370c: ;   {metadata(method data for {method} {0x000002c119cdcc18} 'doResolveCall' '(Lorg/jetbrains/kotlin/psi/KtElement;)Lorg/jetbrains/kotlin/analysis/api/resolution/KaCallInfo;' in 'org/jetbrains/kotlin/analysis/api/fir/components/KaFirResolver')}
  0x000002c14809370c: 83f8 0148 | bae0 b28b | 1cc1 0200 | 0048 c7c6 | 4808 0000 | 0f8f 0700 | 0000 48c7 | c658 0800 
  0x000002c14809372c: 0048 8b3c | 3248 8d7f | 0148 893c | 320f 8f1a 

  0x000002c14809373c: ;   {metadata(method data for {method} {0x000002c119cdcc18} 'doResolveCall' '(Lorg/jetbrains/kotlin/psi/KtElement;)Lorg/jetbrains/kotlin/analysis/api/resolution/KaCallInfo;' in 'org/jetbrains/kotlin/analysis/api/fir/components/KaFirResolver')}
  0x000002c14809373c: 0000 0048 | bae0 b28b | 1cc1 0200 | 00ff 8268 | 0800 00ba | 0100 0000 | e905 0000 | 00ba 0000 
  0x000002c14809375c: 0000 83fa 

  0x000002c148093760: ;   {metadata(method data for {method} {0x000002c119cdcc18} 'doResolveCall' '(Lorg/jetbrains/kotlin/psi/KtElement;)Lorg/jetbrains/kotlin/analysis/api/resolution/KaCallInfo;' in 'org/jetbrains/kotlin/analysis/api/fir/components/KaFirResolver')}
  0x000002c148093760: 0048 bae0 | b28b 1cc1 | 0200 0048 | c7c6 9008 | 0000 0f84 | 0700 0000 | 48c7 c680 | 0800 0048 
  0x000002c148093780: 8b3c 3248 | 8d7f 0148 | 893c 320f | 8405 0b00 | 0048 8bb4 | 2470 0100 

  0x000002c148093798: ;   {metadata(method data for {method} {0x000002c119cdcc18} 'doResolveCall' '(Lorg/jetbrains/kotlin/psi/KtElement;)Lorg/jetbrains/kotlin/analysis/api/resolution/KaCallInfo;' in 'org/jetbrains/kotlin/analysis/api/fir/components/KaFirResolver')}
  0x000002c148093798: 0048 bae0 | b28b 1cc1 | 0200 0048 | 8382 e808 

  0x000002c1480937a8: ;   {metadata(method data for {method} {0x000002c10b0c0240} 'singleOrNull' '(Ljava/util/List;)Ljava/lang/Object;' in 'kotlin/collections/CollectionsKt___CollectionsKt')}
  0x000002c1480937a8: 0000 0148 | ba40 4d68 | 1cc1 0200 | 008b bacc | 0000 0083 | c702 89ba | cc00 0000 | 81e7 feff 
  0x000002c1480937c8: 1f00 83ff | 000f 84b6 

  0x000002c1480937d0: ;   {metadata(method data for {method} {0x000002c10b0c0240} 'singleOrNull' '(Ljava/util/List;)Ljava/lang/Object;' in 'kotlin/collections/CollectionsKt___CollectionsKt')}
  0x000002c1480937d0: 4c00 0048 | ba40 4d68 | 1cc1 0200 | 0048 8382 | 1001 0000 

  0x000002c1480937e4: ;   {metadata(method data for {method} {0x000002c10ae0b7a8} 'checkNotNullParameter' '(Ljava/lang/Object;Ljava/lang/String;)V' in 'kotlin/jvm/internal/Intrinsics')}
  0x000002c1480937e4: 0148 ba60 | f31a 0bc1 | 0200 008b | bacc 0000 | 0083 c702 | 89ba cc00 | 0000 81e7 | feff 1f00 
  0x000002c148093804: 83ff 000f | 849d 4c00 | 0048 83fe 

  0x000002c148093810: ;   {metadata(method data for {method} {0x000002c10ae0b7a8} 'checkNotNullParameter' '(Ljava/lang/Object;Ljava/lang/String;)V' in 'kotlin/jvm/internal/Intrinsics')}
  0x000002c148093810: 0048 ba60 | f31a 0bc1 | 0200 0048 | c7c7 1001 | 0000 0f85 | 0700 0000 | 48c7 c720 | 0100 0048 
  0x000002c148093830: 8b04 3a48 | 8d40 0148 | 8904 3a48 | 89b4 2470 | 0100 000f | 8503 0200 

  0x000002c148093848: ;   {metadata(method data for {method} {0x000002c10ae0b7a8} 'checkNotNullParameter' '(Ljava/lang/Object;Ljava/lang/String;)V' in 'kotlin/jvm/internal/Intrinsics')}
  0x000002c148093848: 0048 ba60 | f31a 0bc1 | 0200 0048 | 8382 3001 

  0x000002c148093858: ;   {metadata(method data for {method} {0x000002c10ae0b918} 'throwParameterIsNullNPE' '(Ljava/lang/String;)V' in 'kotlin/jvm/internal/Intrinsics')}
  0x000002c148093858: 0000 0148 | bae8 f41a | 0bc1 0200 | 008b bacc | 0000 0083 | c702 89ba | cc00 0000 | 81e7 feff 
  0x000002c148093878: 1f00 83ff | 000f 8448 | 4c00 000f | 1f44 0000 

  0x000002c148093888: ;   {no_reloc}
  0x000002c148093888: e96e 4c00 | 0000 0000 | 0000 498b | 8708 0100 | 0048 8d78 | 3049 3bbf | 1801 0000 | 0f87 5b4c 
  0x000002c1480938a8: 0000 4989 | bf08 0100 | 0048 c700 | 0100 0000 | 488b ca49 | ba00 0000 | 59c1 0200 | 0049 2bca 
  0x000002c1480938c8: 8948 0848 | 33c9 8948 | 0c48 33c9 | 4889 4810 | 4889 4818 | 4889 4820 | 4889 4828 

  0x000002c1480938e4: ;   {metadata(method data for {method} {0x000002c10ae0b918} 'throwParameterIsNullNPE' '(Ljava/lang/String;)V' in 'kotlin/jvm/internal/Intrinsics')}
  0x000002c1480938e4: 48ba e8f4 | 1a0b c102 | 0000 4883 | 8210 0100 

  0x000002c1480938f4: ;   {oop("<this>"{0x000000008181b3e0})}
  0x000002c1480938f4: 0001 48ba | e0b3 8181 | 0000 0000 | 4889 8424 | 7801 0000 | 0f1f 8000 

  0x000002c14809390c: ;   {static_call}
  0x000002c14809390c: 0000 00e8 

  0x000002c148093910: ; ImmutableOopMap {[248]=Oop [256]=Oop [240]=Oop [376]=Oop [368]=Oop }
                      ;*invokestatic createParameterIsNullExceptionMessage {reexecute=0 rethrow=0 return_oop=0}
                      ; - kotlin.jvm.internal.Intrinsics::throwParameterIsNullNPE@5 (line 140)
                      ; - kotlin.jvm.internal.Intrinsics::checkNotNullParameter@5 (line 131)
                      ; - kotlin.collections.CollectionsKt___CollectionsKt::singleOrNull@3
                      ; - org.jetbrains.kotlin.analysis.api.fir.components.KaFirResolver::doResolveCall@375 (line 182)
  0x000002c148093910: 6ce0 e100 | 4c8b 8424 | 7801 0000 

  0x000002c14809391c: ;   {metadata(method data for {method} {0x000002c10ae0b918} 'throwParameterIsNullNPE' '(Ljava/lang/String;)V' in 'kotlin/jvm/internal/Intrinsics')}
  0x000002c14809391c: 48ba e8f4 | 1a0b c102 | 0000 4883 | 8220 0100 | 0001 4c8b | c048 8b94 | 2478 0100 | 0066 0f1f 
  0x000002c14809393c: ;   {optimized virtual_call}
  0x000002c14809393c: 4400 00e8 

  0x000002c148093940: ; ImmutableOopMap {[248]=Oop [256]=Oop [240]=Oop [376]=Oop [368]=Oop }
                      ;*invokespecial <init> {reexecute=0 rethrow=0 return_oop=0}
                      ; - kotlin.jvm.internal.Intrinsics::throwParameterIsNullNPE@8 (line 140)
                      ; - kotlin.jvm.internal.Intrinsics::checkNotNullParameter@5 (line 131)
                      ; - kotlin.collections.CollectionsKt___CollectionsKt::singleOrNull@3
                      ; - org.jetbrains.kotlin.analysis.api.fir.components.KaFirResolver::doResolveCall@375 (line 182)
  0x000002c148093940: 3cda e100 

  0x000002c148093944: ;   {metadata(method data for {method} {0x000002c10ae0b918} 'throwParameterIsNullNPE' '(Ljava/lang/String;)V' in 'kotlin/jvm/internal/Intrinsics')}
  0x000002c148093944: 48ba e8f4 | 1a0b c102 | 0000 4883 | 8230 0100 

  0x000002c148093954: ;   {metadata(method data for {method} {0x000002c10ae1c908} 'sanitizeStackTrace' '(Ljava/lang/Throwable;)Ljava/lang/Throwable;' in 'kotlin/jvm/internal/Intrinsics')}
  0x000002c148093954: 0001 48ba | c8fb 1a0b | c102 0000 | 8bb2 cc00 | 0000 83c6 | 0289 b2cc | 0000 0081 | e6fe ff1f 
  0x000002c148093974: 0083 fe00 | 0f84 944b 

  0x000002c14809397c: ;   {oop(a 'java/lang/Class'{0x000000009bbaf400} = 'kotlin/jvm/internal/Intrinsics')}
  0x000002c14809397c: 0000 48ba | 00f4 ba9b | 0000 0000 

  0x000002c148093988: ;   {metadata(method data for {method} {0x000002c10ae1c908} 'sanitizeStackTrace' '(Ljava/lang/Throwable;)Ljava/lang/Throwable;' in 'kotlin/jvm/internal/Intrinsics')}
  0x000002c148093988: 488b f248 | bfc8 fb1a | 0bc1 0200 | 0048 8387 | 1001 0000 

  0x000002c14809399c: ;   {metadata(method data for {method} {0x000002c15943def0} 'getName' '()Ljava/lang/String;' in 'java/lang/Class')}
  0x000002c14809399c: 0148 be18 | d505 74c1 | 0200 008b | becc 0000 | 0083 c702 | 89be cc00 | 0000 81e7 | feff 1f00 
  0x000002c1480939bc: 83ff 000f | 846e 4b00 | 008b 522c | 4883 fa00 

  0x000002c1480939cc: ;   {metadata(method data for {method} {0x000002c15943def0} 'getName' '()Ljava/lang/String;' in 'java/lang/Class')}
  0x000002c1480939cc: 48be 18d5 | 0574 c102 | 0000 48c7 | c710 0100 | 000f 8407 | 0000 0048 | c7c7 2001 | 0000 488b 
  0x000002c1480939ec: 1c3e 488d | 5b01 4889 | 1c3e 0f84 | 1800 0000 

  0x000002c1480939fc: ;   {metadata(method data for {method} {0x000002c15943def0} 'getName' '()Ljava/lang/String;' in 'java/lang/Class')}
  0x000002c1480939fc: 48be 18d5 | 0574 c102 | 0000 ff86 | 3001 0000 | 488b f2e9 | 2b00 0000 

  0x000002c148093a14: ;   {oop(a 'java/lang/Class'{0x000000009bbaf400} = 'kotlin/jvm/internal/Intrinsics')}
  0x000002c148093a14: 48ba 00f4 | ba9b 0000 | 0000 488b 

  0x000002c148093a20: ;   {metadata(method data for {method} {0x000002c15943def0} 'getName' '()Ljava/lang/String;' in 'java/lang/Class')}
  0x000002c148093a20: f248 bf18 | d505 74c1 | 0200 0048 | 8387 4801 | 0000 010f 

  0x000002c148093a34: ;   {optimized virtual_call}
  0x000002c148093a34: 1f40 00e8 

  0x000002c148093a38: ; ImmutableOopMap {[248]=Oop [256]=Oop [240]=Oop [376]=Oop [368]=Oop }
                      ;*invokevirtual initClassName {reexecute=0 rethrow=0 return_oop=0}
                      ; - java.lang.Class::getName@14 (line 863)
                      ; - kotlin.jvm.internal.Intrinsics::sanitizeStackTrace@3 (line 253)
                      ; - kotlin.jvm.internal.Intrinsics::throwParameterIsNullNPE@11 (line 140)
                      ; - kotlin.jvm.internal.Intrinsics::checkNotNullParameter@5 (line 131)
                      ; - kotlin.collections.CollectionsKt___CollectionsKt::singleOrNull@3
                      ; - org.jetbrains.kotlin.analysis.api.fir.components.KaFirResolver::doResolveCall@375 (line 182)
  0x000002c148093a38: 44d9 e100 | 488b f048 | 8b84 2478 | 0100 00e9 | 1e07 0000 | 488b b424 | 7001 0000 

  0x000002c148093a54: ;   {metadata(method data for {method} {0x000002c10b0c0240} 'singleOrNull' '(Ljava/util/List;)Ljava/lang/Object;' in 'kotlin/collections/CollectionsKt___CollectionsKt')}
  0x000002c148093a54: 48ba 404d | 681c c102 | 0000 8b76 | 0849 ba00 | 0000 59c1 | 0200 0049 | 03f2 483b | b230 0100 
  0x000002c148093a74: 0075 0d48 | 8382 3801 | 0000 01e9 | 6600 0000 | 483b b240 | 0100 0075 | 0d48 8382 | 4801 0000 
  0x000002c148093a94: 01e9 5000 | 0000 4881 | ba30 0100 | 0000 0000 | 0075 1748 | 89b2 3001 | 0000 48c7 | 8238 0100 
  0x000002c148093ab4: 0001 0000 | 00e9 2c00 | 0000 4881 | ba40 0100 | 0000 0000 | 0075 1748 | 89b2 4001 | 0000 48c7 
  0x000002c148093ad4: 8248 0100 | 0001 0000 | 00e9 0800 | 0000 4883 | 8220 0100 | 0001 488b | 9424 7001 | 0000 6666 
  0x000002c148093af4: 9048 b8d0 | 0e52 11c1 

  0x000002c148093afc: ;   {virtual_call}
  0x000002c148093afc: 0200 00e8 

  0x000002c148093b00: ; ImmutableOopMap {[248]=Oop [256]=Oop [240]=Oop [368]=Oop }
                      ;*invokeinterface size {reexecute=0 rethrow=0 return_oop=0}
                      ; - kotlin.collections.CollectionsKt___CollectionsKt::singleOrNull@7 (line 662)
                      ; - org.jetbrains.kotlin.analysis.api.fir.components.KaFirResolver::doResolveCall@375 (line 182)
  0x000002c148093b00: 8c2e ef00 

  0x000002c148093b04: ;   {metadata(method data for {method} {0x000002c10b0c0240} 'singleOrNull' '(Ljava/util/List;)Ljava/lang/Object;' in 'kotlin/collections/CollectionsKt___CollectionsKt')}
  0x000002c148093b04: 83f8 0149 | b840 4d68 | 1cc1 0200 | 0048 c7c2 | 5801 0000 | 0f85 0700 | 0000 48c7 | c268 0100 
  0x000002c148093b24: 0049 8b34 | 1048 8d76 | 0149 8934 | 100f 85d3 | 0000 0048 | 8bb4 2470 

  0x000002c148093b3c: ;   {metadata(method data for {method} {0x000002c10b0c0240} 'singleOrNull' '(Ljava/util/List;)Ljava/lang/Object;' in 'kotlin/collections/CollectionsKt___CollectionsKt')}
  0x000002c148093b3c: 0100 0049 | b840 4d68 | 1cc1 0200 | 008b 7608 | 49ba 0000 | 0059 c102 | 0000 4903 | f249 3bb0 
  0x000002c148093b5c: 8801 0000 | 750d 4983 | 8090 0100 | 0001 e966 | 0000 0049 | 3bb0 9801 | 0000 750d | 4983 80a0 
  0x000002c148093b7c: 0100 0001 | e950 0000 | 0049 81b8 | 8801 0000 | 0000 0000 | 7517 4989 | b088 0100 | 0049 c780 
  0x000002c148093b9c: 9001 0000 | 0100 0000 | e92c 0000 | 0049 81b8 | 9801 0000 | 0000 0000 | 7517 4989 | b098 0100 
  0x000002c148093bbc: 0049 c780 | a001 0000 | 0100 0000 | e908 0000 | 0049 8380 | 7801 0000 | 0141 b800 | 0000 0048 
  0x000002c148093bdc: 8b94 2470 | 0100 0066 | 9048 b8d0 | f804 5ac1 

  0x000002c148093bec: ;   {virtual_call}
  0x000002c148093bec: 0200 00e8 

  0x000002c148093bf0: ; ImmutableOopMap {[248]=Oop [256]=Oop [240]=Oop }
                      ;*invokeinterface get {reexecute=0 rethrow=0 return_oop=0}
                      ; - kotlin.collections.CollectionsKt___CollectionsKt::singleOrNull@18 (line 662)
                      ; - org.jetbrains.kotlin.analysis.api.fir.components.KaFirResolver::doResolveCall@375 (line 182)
  0x000002c148093bf0: ac2b 0402 

  0x000002c148093bf4: ;   {metadata(method data for {method} {0x000002c10b0c0240} 'singleOrNull' '(Ljava/util/List;)Ljava/lang/Object;' in 'kotlin/collections/CollectionsKt___CollectionsKt')}
  0x000002c148093bf4: 49b8 404d | 681c c102 | 0000 41ff | 80b0 0100 | 00e9 0a00 

  0x000002c148093c08: ;   {oop(NULL)}
  0x000002c148093c08: 0000 48b8 | 0000 0000 | 0000 0000 | 4883 f800 

  0x000002c148093c18: ;   {metadata(method data for {method} {0x000002c119cdcc18} 'doResolveCall' '(Lorg/jetbrains/kotlin/psi/KtElement;)Lorg/jetbrains/kotlin/analysis/api/resolution/KaCallInfo;' in 'org/jetbrains/kotlin/analysis/api/fir/components/KaFirResolver')}
  0x000002c148093c18: 7516 48ba | e0b2 8b1c | c102 0000 | 808a f108 | 0000 01e9 | ee00 0000 

  0x000002c148093c30: ;   {metadata('org/jetbrains/kotlin/analysis/api/resolution/KaCallInfo')}
  0x000002c148093c30: 48be a8c3 | 895c c102 | 0000 8b50 | 0849 ba00 | 0000 59c1 | 0200 0049 | 03d2 483b | 7220 0f84 
  0x000002c148093c50: 1b00 0000 | 483b d60f | 8412 0000 

  0x000002c148093c5c: ;   {runtime_call slow_subtype_check Runtime1 stub}
  0x000002c148093c5c: 0052 56e8 | 1c5b ec00 | 5a5a 83fa | 000f 8493 

  0x000002c148093c6c: ;   {metadata(method data for {method} {0x000002c119cdcc18} 'doResolveCall' '(Lorg/jetbrains/kotlin/psi/KtElement;)Lorg/jetbrains/kotlin/analysis/api/resolution/KaCallInfo;' in 'org/jetbrains/kotlin/analysis/api/fir/components/KaFirResolver')}
  0x000002c148093c6c: 0000 0048 | bae0 b28b | 1cc1 0200 | 008b 7008 | 49ba 0000 | 0059 c102 | 0000 4903 | f248 3bb2 
  0x000002c148093c8c: 0809 0000 | 750d 4883 | 8210 0900 | 0001 e97f | 0000 0048 | 3bb2 1809 | 0000 750d | 4883 8220 
  0x000002c148093cac: 0900 0001 | e969 0000 | 0048 81ba | 0809 0000 | 0000 0000 | 7517 4889 | b208 0900 | 0048 c782 
  0x000002c148093ccc: 1009 0000 | 0100 0000 | e945 0000 | 0048 81ba | 1809 0000 | 0000 0000 | 7517 4889 | b218 0900 
  0x000002c148093cec: 0048 c782 | 2009 0000 | 0100 0000 | e921 0000 | 00e9 1c00 

  0x000002c148093d00: ;   {metadata(method data for {method} {0x000002c119cdcc18} 'doResolveCall' '(Lorg/jetbrains/kotlin/psi/KtElement;)Lorg/jetbrains/kotlin/analysis/api/resolution/KaCallInfo;' in 'org/jetbrains/kotlin/analysis/api/fir/components/KaFirResolver')}
  0x000002c148093d00: 0000 48ba | e0b2 8b1c | c102 0000 | 4883 aaf8 | 0800 0001 | e940 4800 | 00e9 0000 | 0000 4c8b 
  0x000002c148093d20: c049 83f8 

  0x000002c148093d24: ;   {metadata(method data for {method} {0x000002c119cdcc18} 'doResolveCall' '(Lorg/jetbrains/kotlin/psi/KtElement;)Lorg/jetbrains/kotlin/analysis/api/resolution/KaCallInfo;' in 'org/jetbrains/kotlin/analysis/api/fir/components/KaFirResolver')}
  0x000002c148093d24: 0049 b9e0 | b28b 1cc1 | 0200 0048 | c7c2 3009 | 0000 0f85 | 0700 0000 | 48c7 c240 | 0900 0049 
  0x000002c148093d44: 8b34 1148 | 8d76 0149 | 8934 110f | 850a 0000 

  0x000002c148093d54: ;   {oop(a 'org/jetbrains/kotlin/analysis/api/platform/caches/NullValue'{0x000000008332de50})}
  0x000002c148093d54: 0049 b850 | de32 8300 | 0000 0048 | 8bb4 2400 

  0x000002c148093d64: ;   {metadata(method data for {method} {0x000002c119cdcc18} 'doResolveCall' '(Lorg/jetbrains/kotlin/psi/KtElement;)Lorg/jetbrains/kotlin/analysis/api/resolution/KaCallInfo;' in 'org/jetbrains/kotlin/analysis/api/fir/components/KaFirResolver')}
  0x000002c148093d64: 0100 0049 | b9e0 b28b | 1cc1 0200 | 008b 7608 | 49ba 0000 | 0059 c102 | 0000 4903 | f249 3bb1 
  0x000002c148093d84: 6009 0000 | 750d 4983 | 8168 0900 | 0001 e966 | 0000 0049 | 3bb1 7009 | 0000 750d | 4983 8178 
  0x000002c148093da4: 0900 0001 | e950 0000 | 0049 81b9 | 6009 0000 | 0000 0000 | 7517 4989 | b160 0900 | 0049 c781 
  0x000002c148093dc4: 6809 0000 | 0100 0000 | e92c 0000 | 0049 81b9 | 7009 0000 | 0000 0000 | 7517 4989 | b170 0900 
  0x000002c148093de4: 0049 c781 | 7809 0000 | 0100 0000 | e908 0000 | 0049 8381 | 5009 0000 | 0149 8bf0 | 4c8b 8424 
  0x000002c148093e04: f800 0000 | 4c8b ce48 | 8b94 2400 | 0100 0048 | 89b4 2480 | 0100 0066 | 9048 b848 | e400 59c1 
  0x000002c148093e24: ;   {virtual_call}
  0x000002c148093e24: 0200 00e8 

  0x000002c148093e28: ; ImmutableOopMap {[248]=Oop [240]=Oop [384]=Oop }
                      ;*invokeinterface putIfAbsent {reexecute=0 rethrow=0 return_oop=0}
                      ; - org.jetbrains.kotlin.analysis.api.fir.components.KaFirResolver::doResolveCall@399 (line 1706)
  0x000002c148093e28: 74d0 4301 | 4883 f800 

  0x000002c148093e30: ;   {metadata(method data for {method} {0x000002c119cdcc18} 'doResolveCall' '(Lorg/jetbrains/kotlin/psi/KtElement;)Lorg/jetbrains/kotlin/analysis/api/resolution/KaCallInfo;' in 'org/jetbrains/kotlin/analysis/api/fir/components/KaFirResolver')}
  0x000002c148093e30: 49b8 e0b2 | 8b1c c102 | 0000 48c7 | c288 0900 | 000f 8507 | 0000 0048 | c7c2 9809 | 0000 498b 
  0x000002c148093e50: 3410 488d | 7601 4989 | 3410 0f85 | 0b00 0000 | 4c8b 8424 | 8001 0000 

  0x000002c148093e68: ;   {metadata(method data for {method} {0x000002c119cdcc18} 'doResolveCall' '(Lorg/jetbrains/kotlin/psi/KtElement;)Lorg/jetbrains/kotlin/analysis/api/resolution/KaCallInfo;' in 'org/jetbrains/kotlin/analysis/api/fir/components/KaFirResolver')}
  0x000002c148093e68: 498b c049 | b8e0 b28b | 1cc1 0200 | 0049 8380 | a809 0000 

  0x000002c148093e7c: ;   {metadata(method data for {method} {0x000002c10ae0bcf0} 'areEqual' '(Ljava/lang/Object;Ljava/lang/Object;)Z' in 'kotlin/jvm/internal/Intrinsics')}
  0x000002c148093e7c: 0149 b818 | 1820 0bc1 | 0200 0041 | 8b90 cc00 | 0000 83c2 | 0241 8990 | cc00 0000 | 81e2 feff 
  0x000002c148093e9c: 1f00 83fa | 000f 84bb | 4600 0048 

  0x000002c148093ea8: ;   {metadata(method data for {method} {0x000002c10ae0bcf0} 'areEqual' '(Ljava/lang/Object;Ljava/lang/Object;)Z' in 'kotlin/jvm/internal/Intrinsics')}
  0x000002c148093ea8: 83f8 0049 | b818 1820 | 0bc1 0200 | 0048 c7c2 | 1001 0000 | 0f85 0700 | 0000 48c7 | c220 0100 
  0x000002c148093ec8: 0049 8b34 | 1048 8d76 | 0149 8934 | 100f 8534 

  0x000002c148093ed8: ;   {metadata(method data for {method} {0x000002c10ae0bcf0} 'areEqual' '(Ljava/lang/Object;Ljava/lang/Object;)Z' in 'kotlin/jvm/internal/Intrinsics')}
  0x000002c148093ed8: 0000 0049 | b818 1820 | 0bc1 0200 | 0041 ff80 | 3001 0000 

  0x000002c148093eec: ;   {metadata(method data for {method} {0x000002c10ae0bcf0} 'areEqual' '(Ljava/lang/Object;Ljava/lang/Object;)Z' in 'kotlin/jvm/internal/Intrinsics')}
  0x000002c148093eec: 49b8 1818 | 200b c102 | 0000 41ff | 8068 0100 | 00be 0000 | 0000 4889 | 8424 8801 | 0000 e9c8 
  0x000002c148093f0c: 0000 0048 | 3b00 4c8b 

  0x000002c148093f14: ;   {metadata(method data for {method} {0x000002c10ae0bcf0} 'areEqual' '(Ljava/lang/Object;Ljava/lang/Object;)Z' in 'kotlin/jvm/internal/Intrinsics')}
  0x000002c148093f14: c048 ba18 | 1820 0bc1 | 0200 0045 | 8b40 0849 | ba00 0000 | 59c1 0200 | 004d 03c2 | 4c3b 8290 
  0x000002c148093f34: 0100 0075 | 0d48 8382 | 9801 0000 | 01e9 6600 | 0000 4c3b | 82a0 0100 | 0075 0d48 | 8382 a801 
  0x000002c148093f54: 0000 01e9 | 5000 0000 | 4881 ba90 | 0100 0000 | 0000 0075 | 174c 8982 | 9001 0000 | 48c7 8298 
  0x000002c148093f74: 0100 0001 | 0000 00e9 | 2c00 0000 | 4881 baa0 | 0100 0000 | 0000 0075 | 174c 8982 | a001 0000 
  0x000002c148093f94: 48c7 82a8 | 0100 0001 | 0000 00e9 | 0800 0000 | 4883 8280 | 0100 0001 

  0x000002c148093fac: ;   {oop(a 'org/jetbrains/kotlin/analysis/api/platform/caches/NullValue'{0x000000008332de50})}
  0x000002c148093fac: 49b8 50de | 3283 0000 | 0000 488b | d048 8984 | 2488 0100 | 000f 1f40 | 0048 b8ff | ffff ffff 
  0x000002c148093fcc: ;   {virtual_call}
  0x000002c148093fcc: ffff ffe8 

  0x000002c148093fd0: ; ImmutableOopMap {[248]=Oop [240]=Oop [392]=Oop }
                      ;*invokevirtual equals {reexecute=0 rethrow=0 return_oop=0}
                      ; - kotlin.jvm.internal.Intrinsics::areEqual@18 (line 169)
                      ; - org.jetbrains.kotlin.analysis.api.fir.components.KaFirResolver::doResolveCall@427 (line 1728)
  0x000002c148093fd0: 8cb6 ec00 | 488b f083 | e601 83fe 

  0x000002c148093fdc: ;   {metadata(method data for {method} {0x000002c119cdcc18} 'doResolveCall' '(Lorg/jetbrains/kotlin/psi/KtElement;)Lorg/jetbrains/kotlin/analysis/api/resolution/KaCallInfo;' in 'org/jetbrains/kotlin/analysis/api/fir/components/KaFirResolver')}
  0x000002c148093fdc: 0048 b8e0 | b28b 1cc1 | 0200 0048 | c7c2 b809 | 0000 0f84 | 0700 0000 | 48c7 c2c8 | 0900 004c 
  0x000002c148093ffc: 8b04 104d | 8d40 014c | 8904 100f | 841f 0000 

  0x000002c14809400c: ;   {metadata(method data for {method} {0x000002c119cdcc18} 'doResolveCall' '(Lorg/jetbrains/kotlin/psi/KtElement;)Lorg/jetbrains/kotlin/analysis/api/resolution/KaCallInfo;' in 'org/jetbrains/kotlin/analysis/api/fir/components/KaFirResolver')}
  0x000002c14809400c: 0048 b8e0 | b28b 1cc1 | 0200 00ff | 80d8 0900 

  0x000002c14809401c: ;   {oop(NULL)}
  0x000002c14809401c: 0048 b800 | 0000 0000 | 0000 00e9 | 0800 0000 | 488b 8424 | 8801 0000 | 4883 f800 

  0x000002c148094038: ;   {metadata(method data for {method} {0x000002c119cdcc18} 'doResolveCall' '(Lorg/jetbrains/kotlin/psi/KtElement;)Lorg/jetbrains/kotlin/analysis/api/resolution/KaCallInfo;' in 'org/jetbrains/kotlin/analysis/api/fir/components/KaFirResolver')}
  0x000002c148094038: 7517 49b8 | e0b2 8b1c | c102 0000 | 4180 88e9 | 0900 0001 | e9f3 0000 

  0x000002c148094050: ;   {metadata('org/jetbrains/kotlin/analysis/api/resolution/KaCallInfo')}
  0x000002c148094050: 0048 bea8 | c389 5cc1 | 0200 0044 | 8b40 0849 | ba00 0000 | 59c1 0200 | 004d 03c2 | 493b 7020 
  0x000002c148094070: 0f84 1f00 | 0000 4c3b | c60f 8416 | 0000 0041 

  0x000002c148094080: ;   {runtime_call slow_subtype_check Runtime1 stub}
  0x000002c148094080: 5056 e8f9 | 56ec 0041 | 5841 5841 | 83f8 000f | 8493 0000 

  0x000002c148094094: ;   {metadata(method data for {method} {0x000002c119cdcc18} 'doResolveCall' '(Lorg/jetbrains/kotlin/psi/KtElement;)Lorg/jetbrains/kotlin/analysis/api/resolution/KaCallInfo;' in 'org/jetbrains/kotlin/analysis/api/fir/components/KaFirResolver')}
  0x000002c148094094: 0049 b8e0 | b28b 1cc1 | 0200 008b | 7008 49ba | 0000 0059 | c102 0000 | 4903 f249 | 3bb0 000a 
  0x000002c1480940b4: 0000 750d | 4983 8008 | 0a00 0001 | e97f 0000 | 0049 3bb0 | 100a 0000 | 750d 4983 | 8018 0a00 
  0x000002c1480940d4: 0001 e969 | 0000 0049 | 81b8 000a | 0000 0000 | 0000 7517 | 4989 b000 | 0a00 0049 | c780 080a 
  0x000002c1480940f4: 0000 0100 | 0000 e945 | 0000 0049 | 81b8 100a | 0000 0000 | 0000 7517 | 4989 b010 | 0a00 0049 
  0x000002c148094114: c780 180a | 0000 0100 | 0000 e921 | 0000 00e9 | 1c00 0000 

  0x000002c148094128: ;   {metadata(method data for {method} {0x000002c119cdcc18} 'doResolveCall' '(Lorg/jetbrains/kotlin/psi/KtElement;)Lorg/jetbrains/kotlin/analysis/api/resolution/KaCallInfo;' in 'org/jetbrains/kotlin/analysis/api/fir/components/KaFirResolver')}
  0x000002c148094128: 49b8 e0b2 | 8b1c c102 | 0000 4983 | a8f0 0900 | 0001 e949 | 4400 00e9 | 0000 0000 

  0x000002c148094144: ;   {metadata(method data for {method} {0x000002c119cdcc18} 'doResolveCall' '(Lorg/jetbrains/kotlin/psi/KtElement;)Lorg/jetbrains/kotlin/analysis/api/resolution/KaCallInfo;' in 'org/jetbrains/kotlin/analysis/api/fir/components/KaFirResolver')}
  0x000002c148094144: 48ba e0b2 | 8b1c c102 | 0000 ff82 | 280a 0000 | 4881 c470 | 0200 005d 

  0x000002c14809415c: ;   {poll_return}
  0x000002c14809415c: 493b a748 | 0300 000f | 8728 4400 

  0x000002c148094168: ;   {metadata(method data for {method} {0x000002c10ae1c908} 'sanitizeStackTrace' '(Ljava/lang/Throwable;)Ljava/lang/Throwable;' in 'kotlin/jvm/internal/Intrinsics')}
  0x000002c148094168: 00c3 48ba | c8fb 1a0b | c102 0000 | 4883 8248 | 0100 0001 | 488b d04c | 8bc6 0f1f 

  0x000002c148094184: ;   {static_call}
  0x000002c148094184: 4400 00e8 

  0x000002c148094188: ; ImmutableOopMap {[368]=Oop [256]=Oop [240]=Oop [248]=Oop }
                      ;*invokestatic sanitizeStackTrace {reexecute=0 rethrow=0 return_oop=0}
                      ; - kotlin.jvm.internal.Intrinsics::sanitizeStackTrace@6 (line 253)
                      ; - kotlin.jvm.internal.Intrinsics::throwParameterIsNullNPE@11 (line 140)
                      ; - kotlin.jvm.internal.Intrinsics::checkNotNullParameter@5 (line 131)
                      ; - kotlin.collections.CollectionsKt___CollectionsKt::singleOrNull@3
                      ; - org.jetbrains.kotlin.analysis.api.fir.components.KaFirResolver::doResolveCall@375 (line 182)
  0x000002c148094188: f4d7 e100 | 488b b424 | 7001 0000 | 4883 f800 

  0x000002c148094198: ;   {metadata(method data for {method} {0x000002c10ae0b918} 'throwParameterIsNullNPE' '(Ljava/lang/String;)V' in 'kotlin/jvm/internal/Intrinsics')}
  0x000002c148094198: 7516 48bf | e8f4 1a0b | c102 0000 | 808f 3901 | 0000 01e9 | d300 0000 

  0x000002c1480941b0: ;   {metadata('java/lang/NullPointerException')}
  0x000002c1480941b0: 48b9 401a | 0659 c102 | 0000 8b78 | 0849 ba00 | 0000 59c1 | 0200 0049 | 03fa 483b | 4f50 0f85 
  0x000002c1480941d0: 9300 0000 

  0x000002c1480941d4: ;   {metadata(method data for {method} {0x000002c10ae0b918} 'throwParameterIsNullNPE' '(Ljava/lang/String;)V' in 'kotlin/jvm/internal/Intrinsics')}
  0x000002c1480941d4: 48bf e8f4 | 1a0b c102 | 0000 8b48 | 0849 ba00 | 0000 59c1 | 0200 0049 | 03ca 483b | 8f50 0100 
  0x000002c1480941f4: 0075 0d48 | 8387 5801 | 0000 01e9 | 7f00 0000 | 483b 8f60 | 0100 0075 | 0d48 8387 | 6801 0000 
  0x000002c148094214: 01e9 6900 | 0000 4881 | bf50 0100 | 0000 0000 | 0075 1748 | 898f 5001 | 0000 48c7 | 8758 0100 
  0x000002c148094234: 0001 0000 | 00e9 4500 | 0000 4881 | bf60 0100 | 0000 0000 | 0075 1748 | 898f 6001 | 0000 48c7 
  0x000002c148094254: 8768 0100 | 0001 0000 | 00e9 2100 | 0000 e91c 

  0x000002c148094264: ;   {metadata(method data for {method} {0x000002c10ae0b918} 'throwParameterIsNullNPE' '(Ljava/lang/String;)V' in 'kotlin/jvm/internal/Intrinsics')}
  0x000002c148094264: 0000 0048 | bfe8 f41a | 0bc1 0200 | 0048 83af | 4001 0000 | 01e9 2943 | 0000 e900 | 0000 0048 
  0x000002c148094284: ; ImmutableOopMap {[256]=Oop [240]=Oop [248]=Oop rsi=Oop rax=Oop }
                      ;*athrow {reexecute=1 rethrow=0 return_oop=0}
                      ; - (reexecute) kotlin.jvm.internal.Intrinsics::throwParameterIsNullNPE@17 (line 140)
                      ; - kotlin.jvm.internal.Intrinsics::checkNotNullParameter@5 (line 131)
                      ; - kotlin.collections.CollectionsKt___CollectionsKt::singleOrNull@3
                      ; - org.jetbrains.kotlin.analysis.api.fir.components.KaFirResolver::doResolveCall@375 (line 182)
                      ;   {section_word}
  0x000002c148094284: 3b00 48ba | 8642 0948 | c102 0000 

  0x000002c148094290: ;   {runtime_call handle_exception_nofpu Runtime1 stub}
  0x000002c148094290: e8eb 42ec | 0090 6690 

  0x000002c148094298: ;   {no_reloc}
  0x000002c148094298: e927 4300 | 0000 0000 | 0000 498b | 8708 0100 | 0048 8d78 | 2849 3bbf | 1801 0000 | 0f87 1443 
  0x000002c1480942b8: 0000 4989 | bf08 0100 | 0048 c700 | 0100 0000 | 488b ca49 | ba00 0000 | 59c1 0200 | 0049 2bca 
  0x000002c1480942d8: 8948 0848 | 33c9 8948 | 0c48 33c9 | 4889 4810 | 4889 4818 | 4889 4820 

  0x000002c1480942f0: ;   {oop("Should only return 1 KtCallInfo"{0x000000009c9a9e60})}
  0x000002c1480942f0: 49b8 609e | 9a9c 0000 | 0000 498b 

  0x000002c1480942fc: ;   {metadata(method data for {method} {0x000002c119cdcc18} 'doResolveCall' '(Lorg/jetbrains/kotlin/psi/KtElement;)Lorg/jetbrains/kotlin/analysis/api/resolution/KaCallInfo;' in 'org/jetbrains/kotlin/analysis/api/fir/components/KaFirResolver')}
  0x000002c1480942fc: d048 bee0 | b28b 1cc1 | 0200 0048 | 8386 a008 

  0x000002c14809430c: ;   {metadata(method data for {method} {0x000002c159427a98} 'toString' '()Ljava/lang/String;' in 'java/lang/String')}
  0x000002c14809430c: 0000 0148 | ba98 ae0d | 74c1 0200 | 008b b2cc | 0000 0083 | c602 89b2 | cc00 0000 | 81e6 feff 
  0x000002c14809432c: 1f00 83fe | 000f 84a4 | 4200 0048 

  0x000002c148094338: ;   {metadata(method data for {method} {0x000002c119cdcc18} 'doResolveCall' '(Lorg/jetbrains/kotlin/psi/KtElement;)Lorg/jetbrains/kotlin/analysis/api/resolution/KaCallInfo;' in 'org/jetbrains/kotlin/analysis/api/fir/components/KaFirResolver')}
  0x000002c148094338: 8bd0 48be | e0b2 8b1c | c102 0000 | 4883 86d8 | 0800 0001 | 488b d048 | 8984 2490 

  0x000002c148094354: ;   {optimized virtual_call}
  0x000002c148094354: 0100 00e8 

  0x000002c148094358: ; ImmutableOopMap {[240]=Oop [248]=Oop [400]=Oop }
                      ;*invokespecial <init> {reexecute=0 rethrow=0 return_oop=0}
                      ; - org.jetbrains.kotlin.analysis.api.fir.components.KaFirResolver::doResolveCall@369 (line 181)
  0x000002c148094358: 24d0 e100 | 488b 8424 

  0x000002c148094360: ; ImmutableOopMap {[240]=Oop [248]=Oop rax=Oop }
                      ;*athrow {reexecute=1 rethrow=0 return_oop=0}
                      ; - (reexecute) org.jetbrains.kotlin.analysis.api.fir.components.KaFirResolver::doResolveCall@372 (line 181)
  0x000002c148094360: 9001 0000 

  0x000002c148094364: ;   {section_word}
  0x000002c148094364: 48ba 6443 | 0948 c102 

  0x000002c14809436c: ;   {runtime_call handle_exception_nofpu Runtime1 stub}
  0x000002c14809436c: 0000 e80d | 42ec 0090 | 4889 8424 | a001 0000 

  0x000002c14809437c: ;   {metadata(method data for {method} {0x000002c10ae0a8d0} 'checkNotNull' '(Ljava/lang/Object;Ljava/lang/String;)V' in 'kotlin/jvm/internal/Intrinsics')}
  0x000002c14809437c: 48ba 303d | dc17 c102 | 0000 4883 | 8230 0100 

  0x000002c14809438c: ;   {metadata(method data for {method} {0x000002c10ae0ab80} 'throwJavaNpe' '(Ljava/lang/String;)V' in 'kotlin/jvm/internal/Intrinsics')}
  0x000002c14809438c: 0001 48ba | 0000 dd17 | c102 0000 | 8bb2 cc00 | 0000 83c6 | 0289 b2cc | 0000 0081 | e6fe ff1f 
  0x000002c1480943ac: 0083 fe00 | 0f84 4642 | 0000 6690 

  0x000002c1480943b8: ;   {no_reloc}
  0x000002c1480943b8: e96f 4200 | 0000 0000 | 0000 498b | 8708 0100 | 0048 8d78 | 3049 3bbf | 1801 0000 | 0f87 5c42 
  0x000002c1480943d8: 0000 4989 | bf08 0100 | 0048 c700 | 0100 0000 | 488b ca49 | ba00 0000 | 59c1 0200 | 0049 2bca 
  0x000002c1480943f8: 8948 0848 | 33c9 8948 | 0c48 33c9 | 4889 4810 | 4889 4818 | 4889 4820 | 4889 4828 

  0x000002c148094414: ;   {metadata(method data for {method} {0x000002c10ae0ab80} 'throwJavaNpe' '(Ljava/lang/String;)V' in 'kotlin/jvm/internal/Intrinsics')}
  0x000002c148094414: 4c8b c048 | ba00 00dd | 17c1 0200 | 0048 8382 | 1001 0000 

  0x000002c148094428: ;   {oop("null cannot be cast to non-null type org.jetbrains.kotlin.analysis.low.level.api.fir.sessions.LLFirResolvableModuleSession"{0x0000000094cf1f10})}
  0x000002c148094428: 0149 b810 | 1fcf 9400 | 0000 0048 | 8bd0 4889 | 8424 9801 

  0x000002c14809443c: ;   {optimized virtual_call}
  0x000002c14809443c: 0000 90e8 

  0x000002c148094440: ; ImmutableOopMap {[240]=Oop [248]=Oop [288]=Oop [256]=Oop [280]=Oop [272]=Oop [264]=Oop [416]=Oop [408]=Oop }
                      ;*invokespecial <init> {reexecute=0 rethrow=0 return_oop=0}
                      ; - kotlin.jvm.internal.Intrinsics::throwJavaNpe@5 (line 50)
                      ; - kotlin.jvm.internal.Intrinsics::checkNotNull@5 (line 31)
                      ; - org.jetbrains.kotlin.analysis.low.level.api.fir.state.LLSessionProvider::getResolvableSession@15 (line 40)
                      ; - org.jetbrains.kotlin.analysis.low.level.api.fir.state.LLFirResolvableResolveSession::getModuleComponentsForElement@17 (line 58)
                      ; - org.jetbrains.kotlin.analysis.low.level.api.fir.state.LLFirResolvableResolveSession::getOrBuildFirFor$low_level_api_fir@8 (line 47)
                      ; - org.jetbrains.kotlin.analysis.low.level.api.fir.api.LowLevelFirApiFacadeKt::getOrBuildFir@14 (line 108)
                      ; - org.jetbrains.kotlin.analysis.api.fir.components.KaFirResolver::doResolveCall@205 (line 1716)
  0x000002c148094440: 3ccf e100 

  0x000002c148094444: ;   {metadata(method data for {method} {0x000002c10ae0ab80} 'throwJavaNpe' '(Ljava/lang/String;)V' in 'kotlin/jvm/internal/Intrinsics')}
  0x000002c148094444: 48ba 0000 | dd17 c102 | 0000 4883 | 8220 0100 

  0x000002c148094454: ;   {metadata(method data for {method} {0x000002c10ae1c908} 'sanitizeStackTrace' '(Ljava/lang/Throwable;)Ljava/lang/Throwable;' in 'kotlin/jvm/internal/Intrinsics')}
  0x000002c148094454: 0001 48ba | c8fb 1a0b | c102 0000 | 8bb2 cc00 | 0000 83c6 | 0289 b2cc | 0000 0081 | e6fe ff1f 
  0x000002c148094474: 0083 fe00 | 0f84 c541 

  0x000002c14809447c: ;   {oop(a 'java/lang/Class'{0x000000009bbaf400} = 'kotlin/jvm/internal/Intrinsics')}
  0x000002c14809447c: 0000 48ba | 00f4 ba9b | 0000 0000 

  0x000002c148094488: ;   {metadata(method data for {method} {0x000002c10ae1c908} 'sanitizeStackTrace' '(Ljava/lang/Throwable;)Ljava/lang/Throwable;' in 'kotlin/jvm/internal/Intrinsics')}
  0x000002c148094488: 488b f248 | bfc8 fb1a | 0bc1 0200 | 0048 8387 | 1001 0000 

  0x000002c14809449c: ;   {optimized virtual_call}
  0x000002c14809449c: 0166 90e8 

  0x000002c1480944a0: ; ImmutableOopMap {[240]=Oop [248]=Oop [288]=Oop [256]=Oop [280]=Oop [272]=Oop [264]=Oop [416]=Oop [408]=Oop }
                      ;*invokevirtual getName {reexecute=0 rethrow=0 return_oop=0}
                      ; - kotlin.jvm.internal.Intrinsics::sanitizeStackTrace@3 (line 253)
                      ; - kotlin.jvm.internal.Intrinsics::throwJavaNpe@8 (line 50)
                      ; - kotlin.jvm.internal.Intrinsics::checkNotNull@5 (line 31)
                      ; - org.jetbrains.kotlin.analysis.low.level.api.fir.state.LLSessionProvider::getResolvableSession@15 (line 40)
                      ; - org.jetbrains.kotlin.analysis.low.level.api.fir.state.LLFirResolvableResolveSession::getModuleComponentsForElement@17 (line 58)
                      ; - org.jetbrains.kotlin.analysis.low.level.api.fir.state.LLFirResolvableResolveSession::getOrBuildFirFor$low_level_api_fir@8 (line 47)
                      ; - org.jetbrains.kotlin.analysis.low.level.api.fir.api.LowLevelFirApiFacadeKt::getOrBuildFir@14 (line 108)
                      ; - org.jetbrains.kotlin.analysis.api.fir.components.KaFirResolver::doResolveCall@205 (line 1716)
  0x000002c1480944a0: dcce e100 

  0x000002c1480944a4: ;   {metadata(method data for {method} {0x000002c10ae1c908} 'sanitizeStackTrace' '(Ljava/lang/Throwable;)Ljava/lang/Throwable;' in 'kotlin/jvm/internal/Intrinsics')}
  0x000002c1480944a4: 48ba c8fb | 1a0b c102 | 0000 4883 | 8248 0100 | 0001 488b | 9424 9801 | 0000 4c8b | c066 0f1f 
  0x000002c1480944c4: ;   {static_call}
  0x000002c1480944c4: 4400 00e8 

  0x000002c1480944c8: ; ImmutableOopMap {[240]=Oop [248]=Oop [288]=Oop [256]=Oop [280]=Oop [272]=Oop [264]=Oop [416]=Oop }
                      ;*invokestatic sanitizeStackTrace {reexecute=0 rethrow=0 return_oop=0}
                      ; - kotlin.jvm.internal.Intrinsics::sanitizeStackTrace@6 (line 253)
                      ; - kotlin.jvm.internal.Intrinsics::throwJavaNpe@8 (line 50)
                      ; - kotlin.jvm.internal.Intrinsics::checkNotNull@5 (line 31)
                      ; - org.jetbrains.kotlin.analysis.low.level.api.fir.state.LLSessionProvider::getResolvableSession@15 (line 40)
                      ; - org.jetbrains.kotlin.analysis.low.level.api.fir.state.LLFirResolvableResolveSession::getModuleComponentsForElement@17 (line 58)
                      ; - org.jetbrains.kotlin.analysis.low.level.api.fir.state.LLFirResolvableResolveSession::getOrBuildFirFor$low_level_api_fir@8 (line 47)
                      ; - org.jetbrains.kotlin.analysis.low.level.api.fir.api.LowLevelFirApiFacadeKt::getOrBuildFir@14 (line 108)
                      ; - org.jetbrains.kotlin.analysis.api.fir.components.KaFirResolver::doResolveCall@205 (line 1716)
  0x000002c1480944c8: b4d4 e100 | 4883 f800 

  0x000002c1480944d0: ;   {metadata(method data for {method} {0x000002c10ae0ab80} 'throwJavaNpe' '(Ljava/lang/String;)V' in 'kotlin/jvm/internal/Intrinsics')}
  0x000002c1480944d0: 7516 48be | 0000 dd17 | c102 0000 | 808e 2901 | 0000 01e9 | d300 0000 

  0x000002c1480944e8: ;   {metadata('java/lang/NullPointerException')}
  0x000002c1480944e8: 48bf 401a | 0659 c102 | 0000 8b70 | 0849 ba00 | 0000 59c1 | 0200 0049 | 03f2 483b | 7e50 0f85 
  0x000002c148094508: 9300 0000 

  0x000002c14809450c: ;   {metadata(method data for {method} {0x000002c10ae0ab80} 'throwJavaNpe' '(Ljava/lang/String;)V' in 'kotlin/jvm/internal/Intrinsics')}
  0x000002c14809450c: 48be 0000 | dd17 c102 | 0000 8b78 | 0849 ba00 | 0000 59c1 | 0200 0049 | 03fa 483b | be40 0100 
  0x000002c14809452c: 0075 0d48 | 8386 4801 | 0000 01e9 | 7f00 0000 | 483b be50 | 0100 0075 | 0d48 8386 | 5801 0000 
  0x000002c14809454c: 01e9 6900 | 0000 4881 | be40 0100 | 0000 0000 | 0075 1748 | 89be 4001 | 0000 48c7 | 8648 0100 
  0x000002c14809456c: 0001 0000 | 00e9 4500 | 0000 4881 | be50 0100 | 0000 0000 | 0075 1748 | 89be 5001 | 0000 48c7 
  0x000002c14809458c: 8658 0100 | 0001 0000 | 00e9 2100 | 0000 e91c 

  0x000002c14809459c: ;   {metadata(method data for {method} {0x000002c10ae0ab80} 'throwJavaNpe' '(Ljava/lang/String;)V' in 'kotlin/jvm/internal/Intrinsics')}
  0x000002c14809459c: 0000 0048 | be00 00dd | 17c1 0200 | 0048 83ae | 3001 0000 | 01e9 ae40 | 0000 e900 | 0000 0048 
  0x000002c1480945bc: ; ImmutableOopMap {[240]=Oop [248]=Oop [288]=Oop [256]=Oop [280]=Oop [272]=Oop [264]=Oop [416]=Oop rax=Oop }
                      ;*athrow {reexecute=1 rethrow=0 return_oop=0}
                      ; - (reexecute) kotlin.jvm.internal.Intrinsics::throwJavaNpe@14 (line 50)
                      ; - kotlin.jvm.internal.Intrinsics::checkNotNull@5 (line 31)
                      ; - org.jetbrains.kotlin.analysis.low.level.api.fir.state.LLSessionProvider::getResolvableSession@15 (line 40)
                      ; - org.jetbrains.kotlin.analysis.low.level.api.fir.state.LLFirResolvableResolveSession::getModuleComponentsForElement@17 (line 58)
                      ; - org.jetbrains.kotlin.analysis.low.level.api.fir.state.LLFirResolvableResolveSession::getOrBuildFirFor$low_level_api_fir@8 (line 47)
                      ; - org.jetbrains.kotlin.analysis.low.level.api.fir.api.LowLevelFirApiFacadeKt::getOrBuildFir@14 (line 108)
                      ; - org.jetbrains.kotlin.analysis.api.fir.components.KaFirResolver::doResolveCall@205 (line 1716)
                      ;   {section_word}
  0x000002c1480945bc: 3b00 48ba | be45 0948 | c102 0000 

  0x000002c1480945c8: ;   {runtime_call handle_exception_nofpu Runtime1 stub}
  0x000002c1480945c8: e8b3 3fec | 0090 4889 | 9c24 b801 | 0000 4889 | 8424 b001 

  0x000002c1480945dc: ;   {metadata(method data for {method} {0x000002c10ae0b7a8} 'checkNotNullParameter' '(Ljava/lang/Object;Ljava/lang/String;)V' in 'kotlin/jvm/internal/Intrinsics')}
  0x000002c1480945dc: 0000 48ba | 60f3 1a0b | c102 0000 | 4883 8230 | 0100 0001 

  0x000002c1480945f0: ;   {metadata(method data for {method} {0x000002c10ae0b918} 'throwParameterIsNullNPE' '(Ljava/lang/String;)V' in 'kotlin/jvm/internal/Intrinsics')}
  0x000002c1480945f0: 48ba e8f4 | 1a0b c102 | 0000 8bb2 | cc00 0000 | 83c6 0289 | b2cc 0000 | 0081 e6fe | ff1f 0083 
  0x000002c148094610: fe00 0f84 | 5a40 0000 

  0x000002c148094618: ;   {no_reloc}
  0x000002c148094618: e985 4000 | 0000 0000 | 0000 498b | 8708 0100 | 0048 8d78 | 3049 3bbf | 1801 0000 | 0f87 7240 
  0x000002c148094638: 0000 4989 | bf08 0100 | 0048 c700 | 0100 0000 | 488b ca49 | ba00 0000 | 59c1 0200 | 0049 2bca 
  0x000002c148094658: 8948 0848 | 33c9 8948 | 0c48 33c9 | 4889 4810 | 4889 4818 | 4889 4820 | 4889 4828 

  0x000002c148094674: ;   {metadata(method data for {method} {0x000002c10ae0b918} 'throwParameterIsNullNPE' '(Ljava/lang/String;)V' in 'kotlin/jvm/internal/Intrinsics')}
  0x000002c148094674: 48ba e8f4 | 1a0b c102 | 0000 4883 | 8210 0100 

  0x000002c148094684: ;   {oop("module"{0x000000008165bef8})}
  0x000002c148094684: 0001 48ba | f8be 6581 | 0000 0000 | 4889 8424 | a801 0000 | 0f1f 8000 

  0x000002c14809469c: ;   {static_call}
  0x000002c14809469c: 0000 00e8 

  0x000002c1480946a0: ; ImmutableOopMap {[240]=Oop [248]=Oop [264]=Oop [272]=Oop [280]=Oop [256]=Oop [288]=Oop [432]=Oop [424]=Oop [440]=Oop }
                      ;*invokestatic createParameterIsNullExceptionMessage {reexecute=0 rethrow=0 return_oop=0}
                      ; - kotlin.jvm.internal.Intrinsics::throwParameterIsNullNPE@5 (line 140)
                      ; - kotlin.jvm.internal.Intrinsics::checkNotNullParameter@5 (line 131)
                      ; - org.jetbrains.kotlin.analysis.low.level.api.fir.state.LLSessionProvider::getResolvableSession@3
                      ; - org.jetbrains.kotlin.analysis.low.level.api.fir.state.LLFirResolvableResolveSession::getModuleComponentsForElement@17 (line 58)
                      ; - org.jetbrains.kotlin.analysis.low.level.api.fir.state.LLFirResolvableResolveSession::getOrBuildFirFor$low_level_api_fir@8 (line 47)
                      ; - org.jetbrains.kotlin.analysis.low.level.api.fir.api.LowLevelFirApiFacadeKt::getOrBuildFir@14 (line 108)
                      ; - org.jetbrains.kotlin.analysis.api.fir.components.KaFirResolver::doResolveCall@205 (line 1716)
  0x000002c1480946a0: dcd2 e100 | 4c8b 8424 | a801 0000 

  0x000002c1480946ac: ;   {metadata(method data for {method} {0x000002c10ae0b918} 'throwParameterIsNullNPE' '(Ljava/lang/String;)V' in 'kotlin/jvm/internal/Intrinsics')}
  0x000002c1480946ac: 48ba e8f4 | 1a0b c102 | 0000 4883 | 8220 0100 | 0001 4c8b | c048 8b94 | 24a8 0100 | 0066 0f1f 
  0x000002c1480946cc: ;   {optimized virtual_call}
  0x000002c1480946cc: 4400 00e8 

  0x000002c1480946d0: ; ImmutableOopMap {[240]=Oop [248]=Oop [264]=Oop [272]=Oop [280]=Oop [256]=Oop [288]=Oop [432]=Oop [424]=Oop [440]=Oop }
                      ;*invokespecial <init> {reexecute=0 rethrow=0 return_oop=0}
                      ; - kotlin.jvm.internal.Intrinsics::throwParameterIsNullNPE@8 (line 140)
                      ; - kotlin.jvm.internal.Intrinsics::checkNotNullParameter@5 (line 131)
                      ; - org.jetbrains.kotlin.analysis.low.level.api.fir.state.LLSessionProvider::getResolvableSession@3
                      ; - org.jetbrains.kotlin.analysis.low.level.api.fir.state.LLFirResolvableResolveSession::getModuleComponentsForElement@17 (line 58)
                      ; - org.jetbrains.kotlin.analysis.low.level.api.fir.state.LLFirResolvableResolveSession::getOrBuildFirFor$low_level_api_fir@8 (line 47)
                      ; - org.jetbrains.kotlin.analysis.low.level.api.fir.api.LowLevelFirApiFacadeKt::getOrBuildFir@14 (line 108)
                      ; - org.jetbrains.kotlin.analysis.api.fir.components.KaFirResolver::doResolveCall@205 (line 1716)
  0x000002c1480946d0: accc e100 

  0x000002c1480946d4: ;   {metadata(method data for {method} {0x000002c10ae0b918} 'throwParameterIsNullNPE' '(Ljava/lang/String;)V' in 'kotlin/jvm/internal/Intrinsics')}
  0x000002c1480946d4: 48ba e8f4 | 1a0b c102 | 0000 4883 | 8230 0100 

  0x000002c1480946e4: ;   {metadata(method data for {method} {0x000002c10ae1c908} 'sanitizeStackTrace' '(Ljava/lang/Throwable;)Ljava/lang/Throwable;' in 'kotlin/jvm/internal/Intrinsics')}
  0x000002c1480946e4: 0001 48ba | c8fb 1a0b | c102 0000 | 8bb2 cc00 | 0000 83c6 | 0289 b2cc | 0000 0081 | e6fe ff1f 
  0x000002c148094704: 0083 fe00 | 0f84 ab3f 

  0x000002c14809470c: ;   {oop(a 'java/lang/Class'{0x000000009bbaf400} = 'kotlin/jvm/internal/Intrinsics')}
  0x000002c14809470c: 0000 48ba | 00f4 ba9b | 0000 0000 

  0x000002c148094718: ;   {metadata(method data for {method} {0x000002c10ae1c908} 'sanitizeStackTrace' '(Ljava/lang/Throwable;)Ljava/lang/Throwable;' in 'kotlin/jvm/internal/Intrinsics')}
  0x000002c148094718: 488b f248 | bfc8 fb1a | 0bc1 0200 | 0048 8387 | 1001 0000 

  0x000002c14809472c: ;   {optimized virtual_call}
  0x000002c14809472c: 0166 90e8 

  0x000002c148094730: ; ImmutableOopMap {[240]=Oop [248]=Oop [264]=Oop [272]=Oop [280]=Oop [256]=Oop [288]=Oop [432]=Oop [424]=Oop [440]=Oop }
                      ;*invokevirtual getName {reexecute=0 rethrow=0 return_oop=0}
                      ; - kotlin.jvm.internal.Intrinsics::sanitizeStackTrace@3 (line 253)
                      ; - kotlin.jvm.internal.Intrinsics::throwParameterIsNullNPE@11 (line 140)
                      ; - kotlin.jvm.internal.Intrinsics::checkNotNullParameter@5 (line 131)
                      ; - org.jetbrains.kotlin.analysis.low.level.api.fir.state.LLSessionProvider::getResolvableSession@3
                      ; - org.jetbrains.kotlin.analysis.low.level.api.fir.state.LLFirResolvableResolveSession::getModuleComponentsForElement@17 (line 58)
                      ; - org.jetbrains.kotlin.analysis.low.level.api.fir.state.LLFirResolvableResolveSession::getOrBuildFirFor$low_level_api_fir@8 (line 47)
                      ; - org.jetbrains.kotlin.analysis.low.level.api.fir.api.LowLevelFirApiFacadeKt::getOrBuildFir@14 (line 108)
                      ; - org.jetbrains.kotlin.analysis.api.fir.components.KaFirResolver::doResolveCall@205 (line 1716)
  0x000002c148094730: 4ccc e100 

  0x000002c148094734: ;   {metadata(method data for {method} {0x000002c10ae1c908} 'sanitizeStackTrace' '(Ljava/lang/Throwable;)Ljava/lang/Throwable;' in 'kotlin/jvm/internal/Intrinsics')}
  0x000002c148094734: 48ba c8fb | 1a0b c102 | 0000 4883 | 8248 0100 | 0001 488b | 9424 a801 | 0000 4c8b | c066 0f1f 
  0x000002c148094754: ;   {static_call}
  0x000002c148094754: 4400 00e8 

  0x000002c148094758: ; ImmutableOopMap {[240]=Oop [248]=Oop [264]=Oop [272]=Oop [280]=Oop [256]=Oop [288]=Oop [432]=Oop [440]=Oop }
                      ;*invokestatic sanitizeStackTrace {reexecute=0 rethrow=0 return_oop=0}
                      ; - kotlin.jvm.internal.Intrinsics::sanitizeStackTrace@6 (line 253)
                      ; - kotlin.jvm.internal.Intrinsics::throwParameterIsNullNPE@11 (line 140)
                      ; - kotlin.jvm.internal.Intrinsics::checkNotNullParameter@5 (line 131)
                      ; - org.jetbrains.kotlin.analysis.low.level.api.fir.state.LLSessionProvider::getResolvableSession@3
                      ; - org.jetbrains.kotlin.analysis.low.level.api.fir.state.LLFirResolvableResolveSession::getModuleComponentsForElement@17 (line 58)
                      ; - org.jetbrains.kotlin.analysis.low.level.api.fir.state.LLFirResolvableResolveSession::getOrBuildFirFor$low_level_api_fir@8 (line 47)
                      ; - org.jetbrains.kotlin.analysis.low.level.api.fir.api.LowLevelFirApiFacadeKt::getOrBuildFir@14 (line 108)
                      ; - org.jetbrains.kotlin.analysis.api.fir.components.KaFirResolver::doResolveCall@205 (line 1716)
  0x000002c148094758: 24d2 e100 | 4883 f800 

  0x000002c148094760: ;   {metadata(method data for {method} {0x000002c10ae0b918} 'throwParameterIsNullNPE' '(Ljava/lang/String;)V' in 'kotlin/jvm/internal/Intrinsics')}
  0x000002c148094760: 7517 49b8 | e8f4 1a0b | c102 0000 | 4180 8839 | 0100 0001 | e9d4 0000 

  0x000002c148094778: ;   {metadata('java/lang/NullPointerException')}
  0x000002c148094778: 0048 be40 | 1a06 59c1 | 0200 0044 | 8b40 0849 | ba00 0000 | 59c1 0200 | 004d 03c2 | 493b 7050 
  0x000002c148094798: 0f85 9300 

  0x000002c14809479c: ;   {metadata(method data for {method} {0x000002c10ae0b918} 'throwParameterIsNullNPE' '(Ljava/lang/String;)V' in 'kotlin/jvm/internal/Intrinsics')}
  0x000002c14809479c: 0000 49b8 | e8f4 1a0b | c102 0000 | 8b70 0849 | ba00 0000 | 59c1 0200 | 0049 03f2 | 493b b050 
  0x000002c1480947bc: 0100 0075 | 0d49 8380 | 5801 0000 | 01e9 7f00 | 0000 493b | b060 0100 | 0075 0d49 | 8380 6801 
  0x000002c1480947dc: 0000 01e9 | 6900 0000 | 4981 b850 | 0100 0000 | 0000 0075 | 1749 89b0 | 5001 0000 | 49c7 8058 
  0x000002c1480947fc: 0100 0001 | 0000 00e9 | 4500 0000 | 4981 b860 | 0100 0000 | 0000 0075 | 1749 89b0 | 6001 0000 
  0x000002c14809481c: 49c7 8068 | 0100 0001 | 0000 00e9 | 2100 0000 | e91c 0000 

  0x000002c148094830: ;   {metadata(method data for {method} {0x000002c10ae0b918} 'throwParameterIsNullNPE' '(Ljava/lang/String;)V' in 'kotlin/jvm/internal/Intrinsics')}
  0x000002c148094830: 0049 b8e8 | f41a 0bc1 | 0200 0049 | 83a8 4001 | 0000 01e9 | 923e 0000 | e900 0000 

  0x000002c14809484c: ; ImmutableOopMap {[240]=Oop [248]=Oop [264]=Oop [272]=Oop [280]=Oop [256]=Oop [288]=Oop [432]=Oop [440]=Oop rax=Oop }
                      ;*athrow {reexecute=1 rethrow=0 return_oop=0}
                      ; - (reexecute) kotlin.jvm.internal.Intrinsics::throwParameterIsNullNPE@17 (line 140)
                      ; - kotlin.jvm.internal.Intrinsics::checkNotNullParameter@5 (line 131)
                      ; - org.jetbrains.kotlin.analysis.low.level.api.fir.state.LLSessionProvider::getResolvableSession@3
                      ; - org.jetbrains.kotlin.analysis.low.level.api.fir.state.LLFirResolvableResolveSession::getModuleComponentsForElement@17 (line 58)
                      ; - org.jetbrains.kotlin.analysis.low.level.api.fir.state.LLFirResolvableResolveSession::getOrBuildFirFor$low_level_api_fir@8 (line 47)
                      ; - org.jetbrains.kotlin.analysis.low.level.api.fir.api.LowLevelFirApiFacadeKt::getOrBuildFir@14 (line 108)
                      ; - org.jetbrains.kotlin.analysis.api.fir.components.KaFirResolver::doResolveCall@205 (line 1716)
  0x000002c14809484c: 0048 3b00 

  0x000002c148094850: ;   {section_word}
  0x000002c148094850: 48ba 5048 | 0948 c102 

  0x000002c148094858: ;   {runtime_call handle_exception_nofpu Runtime1 stub}
  0x000002c148094858: 0000 e821 | 3dec 0090 

  0x000002c148094860: ;   {metadata(method data for {method} {0x000002c10ae1c908} 'sanitizeStackTrace' '(Ljava/lang/Throwable;)Ljava/lang/Throwable;' in 'kotlin/jvm/internal/Intrinsics')}
  0x000002c148094860: 48ba c8fb | 1a0b c102 | 0000 4883 | 8248 0100 | 0001 488b | d04c 8bc6 | 0f1f 8000 

  0x000002c14809487c: ;   {static_call}
  0x000002c14809487c: 0000 00e8 

  0x000002c148094880: ; ImmutableOopMap {[240]=Oop [248]=Oop [288]=Oop [256]=Oop [280]=Oop [272]=Oop [264]=Oop [304]=Oop }
                      ;*invokestatic sanitizeStackTrace {reexecute=0 rethrow=0 return_oop=0}
                      ; - kotlin.jvm.internal.Intrinsics::sanitizeStackTrace@6 (line 253)
                      ; - kotlin.jvm.internal.Intrinsics::throwParameterIsNullNPE@11 (line 140)
                      ; - kotlin.jvm.internal.Intrinsics::checkNotNullParameter@5 (line 131)
                      ; - org.jetbrains.kotlin.analysis.low.level.api.fir.state.LLFirResolvableResolveSession::getOrBuildFirFor$low_level_api_fir@3
                      ; - org.jetbrains.kotlin.analysis.low.level.api.fir.api.LowLevelFirApiFacadeKt::getOrBuildFir@14 (line 108)
                      ; - org.jetbrains.kotlin.analysis.api.fir.components.KaFirResolver::doResolveCall@205 (line 1716)
  0x000002c148094880: fcd0 e100 | 4883 f800 

  0x000002c148094888: ;   {metadata(method data for {method} {0x000002c10ae0b918} 'throwParameterIsNullNPE' '(Ljava/lang/String;)V' in 'kotlin/jvm/internal/Intrinsics')}
  0x000002c148094888: 7517 49b8 | e8f4 1a0b | c102 0000 | 4180 8839 | 0100 0001 | e9d4 0000 

  0x000002c1480948a0: ;   {metadata('java/lang/NullPointerException')}
  0x000002c1480948a0: 0048 be40 | 1a06 59c1 | 0200 0044 | 8b40 0849 | ba00 0000 | 59c1 0200 | 004d 03c2 | 493b 7050 
  0x000002c1480948c0: 0f85 9300 

  0x000002c1480948c4: ;   {metadata(method data for {method} {0x000002c10ae0b918} 'throwParameterIsNullNPE' '(Ljava/lang/String;)V' in 'kotlin/jvm/internal/Intrinsics')}
  0x000002c1480948c4: 0000 49b8 | e8f4 1a0b | c102 0000 | 8b70 0849 | ba00 0000 | 59c1 0200 | 0049 03f2 | 493b b050 
  0x000002c1480948e4: 0100 0075 | 0d49 8380 | 5801 0000 | 01e9 7f00 | 0000 493b | b060 0100 | 0075 0d49 | 8380 6801 
  0x000002c148094904: 0000 01e9 | 6900 0000 | 4981 b850 | 0100 0000 | 0000 0075 | 1749 89b0 | 5001 0000 | 49c7 8058 
  0x000002c148094924: 0100 0001 | 0000 00e9 | 4500 0000 | 4981 b860 | 0100 0000 | 0000 0075 | 1749 89b0 | 6001 0000 
  0x000002c148094944: 49c7 8068 | 0100 0001 | 0000 00e9 | 2100 0000 | e91c 0000 

  0x000002c148094958: ;   {metadata(method data for {method} {0x000002c10ae0b918} 'throwParameterIsNullNPE' '(Ljava/lang/String;)V' in 'kotlin/jvm/internal/Intrinsics')}
  0x000002c148094958: 0049 b8e8 | f41a 0bc1 | 0200 0049 | 83a8 4001 | 0000 01e9 | 783d 0000 | e900 0000 

  0x000002c148094974: ; ImmutableOopMap {[240]=Oop [248]=Oop [288]=Oop [256]=Oop [280]=Oop [272]=Oop [264]=Oop [304]=Oop rax=Oop }
                      ;*athrow {reexecute=1 rethrow=0 return_oop=0}
                      ; - (reexecute) kotlin.jvm.internal.Intrinsics::throwParameterIsNullNPE@17 (line 140)
                      ; - kotlin.jvm.internal.Intrinsics::checkNotNullParameter@5 (line 131)
                      ; - org.jetbrains.kotlin.analysis.low.level.api.fir.state.LLFirResolvableResolveSession::getOrBuildFirFor$low_level_api_fir@3
                      ; - org.jetbrains.kotlin.analysis.low.level.api.fir.api.LowLevelFirApiFacadeKt::getOrBuildFir@14 (line 108)
                      ; - org.jetbrains.kotlin.analysis.api.fir.components.KaFirResolver::doResolveCall@205 (line 1716)
  0x000002c148094974: 0048 3b00 

  0x000002c148094978: ;   {section_word}
  0x000002c148094978: 48ba 7849 | 0948 c102 

  0x000002c148094980: ;   {runtime_call handle_exception_nofpu Runtime1 stub}
  0x000002c148094980: 0000 e8f9 | 3bec 0090 

  0x000002c148094988: ;   {metadata(method data for {method} {0x000002c10ae1c908} 'sanitizeStackTrace' '(Ljava/lang/Throwable;)Ljava/lang/Throwable;' in 'kotlin/jvm/internal/Intrinsics')}
  0x000002c148094988: 48ba c8fb | 1a0b c102 | 0000 4883 | 8248 0100 | 0001 488b | d04c 8bc6 | 0f1f 8000 

  0x000002c1480949a4: ;   {static_call}
  0x000002c1480949a4: 0000 00e8 

  0x000002c1480949a8: ; ImmutableOopMap {[240]=Oop [248]=Oop [304]=Oop [264]=Oop [272]=Oop [280]=Oop [256]=Oop [288]=Oop }
                      ;*invokestatic sanitizeStackTrace {reexecute=0 rethrow=0 return_oop=0}
                      ; - kotlin.jvm.internal.Intrinsics::sanitizeStackTrace@6 (line 253)
                      ; - kotlin.jvm.internal.Intrinsics::throwParameterIsNullNPE@11 (line 140)
                      ; - kotlin.jvm.internal.Intrinsics::checkNotNullParameter@5 (line 131)
                      ; - org.jetbrains.kotlin.analysis.low.level.api.fir.api.LowLevelFirApiFacadeKt::getOrBuildFir@9
                      ; - org.jetbrains.kotlin.analysis.api.fir.components.KaFirResolver::doResolveCall@205 (line 1716)
  0x000002c1480949a8: d4cf e100 | 4883 f800 

  0x000002c1480949b0: ;   {metadata(method data for {method} {0x000002c10ae0b918} 'throwParameterIsNullNPE' '(Ljava/lang/String;)V' in 'kotlin/jvm/internal/Intrinsics')}
  0x000002c1480949b0: 7517 49b8 | e8f4 1a0b | c102 0000 | 4180 8839 | 0100 0001 | e9d4 0000 

  0x000002c1480949c8: ;   {metadata('java/lang/NullPointerException')}
  0x000002c1480949c8: 0048 be40 | 1a06 59c1 | 0200 0044 | 8b40 0849 | ba00 0000 | 59c1 0200 | 004d 03c2 | 493b 7050 
  0x000002c1480949e8: 0f85 9300 

  0x000002c1480949ec: ;   {metadata(method data for {method} {0x000002c10ae0b918} 'throwParameterIsNullNPE' '(Ljava/lang/String;)V' in 'kotlin/jvm/internal/Intrinsics')}
  0x000002c1480949ec: 0000 49b8 | e8f4 1a0b | c102 0000 | 8b70 0849 | ba00 0000 | 59c1 0200 | 0049 03f2 | 493b b050 
  0x000002c148094a0c: 0100 0075 | 0d49 8380 | 5801 0000 | 01e9 7f00 | 0000 493b | b060 0100 | 0075 0d49 | 8380 6801 
  0x000002c148094a2c: 0000 01e9 | 6900 0000 | 4981 b850 | 0100 0000 | 0000 0075 | 1749 89b0 | 5001 0000 | 49c7 8058 
  0x000002c148094a4c: 0100 0001 | 0000 00e9 | 4500 0000 | 4981 b860 | 0100 0000 | 0000 0075 | 1749 89b0 | 6001 0000 
  0x000002c148094a6c: 49c7 8068 | 0100 0001 | 0000 00e9 | 2100 0000 | e91c 0000 

  0x000002c148094a80: ;   {metadata(method data for {method} {0x000002c10ae0b918} 'throwParameterIsNullNPE' '(Ljava/lang/String;)V' in 'kotlin/jvm/internal/Intrinsics')}
  0x000002c148094a80: 0049 b8e8 | f41a 0bc1 | 0200 0049 | 83a8 4001 | 0000 01e9 | 5e3c 0000 | e900 0000 

  0x000002c148094a9c: ; ImmutableOopMap {[240]=Oop [248]=Oop [304]=Oop [264]=Oop [272]=Oop [280]=Oop [256]=Oop [288]=Oop rax=Oop }
                      ;*athrow {reexecute=1 rethrow=0 return_oop=0}
                      ; - (reexecute) kotlin.jvm.internal.Intrinsics::throwParameterIsNullNPE@17 (line 140)
                      ; - kotlin.jvm.internal.Intrinsics::checkNotNullParameter@5 (line 131)
                      ; - org.jetbrains.kotlin.analysis.low.level.api.fir.api.LowLevelFirApiFacadeKt::getOrBuildFir@9
                      ; - org.jetbrains.kotlin.analysis.api.fir.components.KaFirResolver::doResolveCall@205 (line 1716)
  0x000002c148094a9c: 0048 3b00 

  0x000002c148094aa0: ;   {section_word}
  0x000002c148094aa0: 48ba a04a | 0948 c102 

  0x000002c148094aa8: ;   {runtime_call handle_exception_nofpu Runtime1 stub}
  0x000002c148094aa8: 0000 e8d1 | 3aec 0090 

  0x000002c148094ab0: ;   {metadata(method data for {method} {0x000002c10ae1c908} 'sanitizeStackTrace' '(Ljava/lang/Throwable;)Ljava/lang/Throwable;' in 'kotlin/jvm/internal/Intrinsics')}
  0x000002c148094ab0: 48ba c8fb | 1a0b c102 | 0000 4883 | 8248 0100 | 0001 488b | d04c 8bc6 | 0f1f 8000 

  0x000002c148094acc: ;   {static_call}
  0x000002c148094acc: 0000 00e8 

  0x000002c148094ad0: ; ImmutableOopMap {[240]=Oop [248]=Oop [288]=Oop [256]=Oop [280]=Oop [272]=Oop [264]=Oop [304]=Oop }
                      ;*invokestatic sanitizeStackTrace {reexecute=0 rethrow=0 return_oop=0}
                      ; - kotlin.jvm.internal.Intrinsics::sanitizeStackTrace@6 (line 253)
                      ; - kotlin.jvm.internal.Intrinsics::throwParameterIsNullNPE@11 (line 140)
                      ; - kotlin.jvm.internal.Intrinsics::checkNotNullParameter@5 (line 131)
                      ; - org.jetbrains.kotlin.analysis.low.level.api.fir.api.LowLevelFirApiFacadeKt::getOrBuildFir@3
                      ; - org.jetbrains.kotlin.analysis.api.fir.components.KaFirResolver::doResolveCall@205 (line 1716)
  0x000002c148094ad0: acce e100 | 488b 9c24 | 3001 0000 | 4c8b 8424 | 2001 0000 | 488b 8c24 | 1801 0000 | 488b b424 
  0x000002c148094af0: 1001 0000 | 488b bc24 | 0801 0000 | 4c8b 8c24 | 0001 0000 | 4883 f800 

  0x000002c148094b08: ;   {metadata(method data for {method} {0x000002c10ae0b918} 'throwParameterIsNullNPE' '(Ljava/lang/String;)V' in 'kotlin/jvm/internal/Intrinsics')}
  0x000002c148094b08: 7517 49bb | e8f4 1a0b | c102 0000 | 4180 8b39 | 0100 0001 | e9d5 0000 

  0x000002c148094b20: ;   {metadata('java/lang/NullPointerException')}
  0x000002c148094b20: 0049 bd40 | 1a06 59c1 | 0200 0044 | 8b58 0849 | ba00 0000 | 59c1 0200 | 004d 03da | 4d3b 6b50 
  0x000002c148094b40: 0f85 9400 

  0x000002c148094b44: ;   {metadata(method data for {method} {0x000002c10ae0b918} 'throwParameterIsNullNPE' '(Ljava/lang/String;)V' in 'kotlin/jvm/internal/Intrinsics')}
  0x000002c148094b44: 0000 49bb | e8f4 1a0b | c102 0000 | 448b 6808 | 49ba 0000 | 0059 c102 | 0000 4d03 | ea4d 3bab 
  0x000002c148094b64: 5001 0000 | 750d 4983 | 8358 0100 | 0001 e97f | 0000 004d | 3bab 6001 | 0000 750d | 4983 8368 
  0x000002c148094b84: 0100 0001 | e969 0000 | 0049 81bb | 5001 0000 | 0000 0000 | 7517 4d89 | ab50 0100 | 0049 c783 
  0x000002c148094ba4: 5801 0000 | 0100 0000 | e945 0000 | 0049 81bb | 6001 0000 | 0000 0000 | 7517 4d89 | ab60 0100 
  0x000002c148094bc4: 0049 c783 | 6801 0000 | 0100 0000 | e921 0000 | 00e9 1c00 

  0x000002c148094bd8: ;   {metadata(method data for {method} {0x000002c10ae0b918} 'throwParameterIsNullNPE' '(Ljava/lang/String;)V' in 'kotlin/jvm/internal/Intrinsics')}
  0x000002c148094bd8: 0000 49bb | e8f4 1a0b | c102 0000 | 4983 ab40 | 0100 0001 | e913 3b00 | 00e9 0000 | 0000 483b 
  0x000002c148094bf8: ; ImmutableOopMap {[240]=Oop [248]=Oop r9=Oop rbx=Oop [304]=Oop rcx=Oop [280]=Oop r8=Oop rsi=Oop [272]=Oop rdi=Oop [264]=Oop rax=Oop }
                      ;*athrow {reexecute=1 rethrow=0 return_oop=0}
                      ; - (reexecute) kotlin.jvm.internal.Intrinsics::throwParameterIsNullNPE@17 (line 140)
                      ; - kotlin.jvm.internal.Intrinsics::checkNotNullParameter@5 (line 131)
                      ; - org.jetbrains.kotlin.analysis.low.level.api.fir.api.LowLevelFirApiFacadeKt::getOrBuildFir@3
                      ; - org.jetbrains.kotlin.analysis.api.fir.components.KaFirResolver::doResolveCall@205 (line 1716)
                      ;   {section_word}
  0x000002c148094bf8: 0048 baf9 | 4b09 48c1 

  0x000002c148094c00: ;   {runtime_call handle_exception_nofpu Runtime1 stub}
  0x000002c148094c00: 0200 00e8 | 7839 ec00 | 9049 8b87 | d803 0000 | 4d33 d24d | 8997 d803 | 0000 4d33 | d24d 8997 
  0x000002c148094c20: e003 0000 | 4889 8424 | c801 0000 | 0f1f 4000 

  0x000002c148094c30: ;   {no_reloc}
  0x000002c148094c30: e9ec 3a00 | 0000 0000 | 0000 498b | 8708 0100 | 0048 8d78 | 1849 3bbf | 1801 0000 | 0f87 d93a 
  0x000002c148094c50: 0000 4989 | bf08 0100 | 0048 c700 | 0100 0000 | 488b ca49 | ba00 0000 | 59c1 0200 | 0049 2bca 
  0x000002c148094c70: 8948 0848 | 33c9 8948 | 0c48 33c9 | 4889 4810 | 4889 8424 | c001 0000 

  0x000002c148094c88: ;   {metadata(method data for {method} {0x000002c119cdcc18} 'doResolveCall' '(Lorg/jetbrains/kotlin/psi/KtElement;)Lorg/jetbrains/kotlin/analysis/api/resolution/KaCallInfo;' in 'org/jetbrains/kotlin/analysis/api/fir/components/KaFirResolver')}
  0x000002c148094c88: 488b d048 | bee0 b28b | 1cc1 0200 | 0048 8386 | 400a 0000 

  0x000002c148094c9c: ;   {metadata(method data for {method} {0x000002c15941f040} '<init>' '()V' in 'java/lang/StringBuilder')}
  0x000002c148094c9c: 0148 ba08 | ec02 74c1 | 0200 008b | b2cc 0000 | 0083 c602 | 89b2 cc00 | 0000 81e6 | feff 1f00 
  0x000002c148094cbc: 83fe 000f | 8473 3a00 | 0048 8bd0 

  0x000002c148094cc8: ;   {metadata(method data for {method} {0x000002c15941f040} '<init>' '()V' in 'java/lang/StringBuilder')}
  0x000002c148094cc8: 48be 08ec | 0274 c102 | 0000 4883 | 8610 0100 | 0001 41b8 | 1000 0000 | 488b d00f 

  0x000002c148094ce4: ;   {optimized virtual_call}
  0x000002c148094ce4: 1f40 00e8 

  0x000002c148094ce8: ; ImmutableOopMap {[240]=Oop [456]=Oop [248]=Oop [448]=Oop }
                      ;*invokespecial <init> {reexecute=0 rethrow=0 return_oop=0}
                      ; - java.lang.StringBuilder::<init>@3 (line 106)
                      ; - org.jetbrains.kotlin.analysis.api.fir.components.KaFirResolver::doResolveCall@457 (line 1733)
  0x000002c148094ce8: 94c6 e100 | 488b 8424 | c001 0000 

  0x000002c148094cf4: ;   {metadata(method data for {method} {0x000002c119cdcc18} 'doResolveCall' '(Lorg/jetbrains/kotlin/psi/KtElement;)Lorg/jetbrains/kotlin/analysis/api/resolution/KaCallInfo;' in 'org/jetbrains/kotlin/analysis/api/fir/components/KaFirResolver')}
  0x000002c148094cf4: 49b8 e0b2 | 8b1c c102 | 0000 4983 | 8050 0a00 

  0x000002c148094d04: ;   {metadata(method data for {method} {0x000002c15941f778} 'append' '(Ljava/lang/String;)Ljava/lang/StringBuilder;' in 'java/lang/StringBuilder')}
  0x000002c148094d04: 0001 49b8 | 78f2 0274 | c102 0000 | 418b 90cc | 0000 0083 | c202 4189 | 90cc 0000 | 0081 e2fe 
  0x000002c148094d24: ff1f 0083 | fa00 0f84 | 293a 0000 | 488b 8424 | c001 0000 

  0x000002c148094d38: ;   {metadata(method data for {method} {0x000002c15941f778} 'append' '(Ljava/lang/String;)Ljava/lang/StringBuilder;' in 'java/lang/StringBuilder')}
  0x000002c148094d38: 49b8 78f2 | 0274 c102 | 0000 4983 | 8010 0100 

  0x000002c148094d48: ;   {oop("Error during resolving call "{0x000000009c9a9e18})}
  0x000002c148094d48: 0001 49b8 | 189e 9a9c | 0000 0000 | 488b 9424 | c001 0000 

  0x000002c148094d5c: ;   {optimized virtual_call}
  0x000002c148094d5c: 6666 90e8 

  0x000002c148094d60: ; ImmutableOopMap {[240]=Oop [456]=Oop [248]=Oop [448]=Oop }
                      ;*invokespecial append {reexecute=0 rethrow=0 return_oop=0}
                      ; - java.lang.StringBuilder::append@2 (line 179)
                      ; - org.jetbrains.kotlin.analysis.api.fir.components.KaFirResolver::doResolveCall@463 (line 1733)
  0x000002c148094d60: 1cc6 e100 | 4c8b 8424 | f800 0000 

  0x000002c148094d6c: ; implicit exception: dispatches to 0x000002c14809877a
  0x000002c148094d6c: 493b 0049 

  0x000002c148094d70: ;   {metadata(method data for {method} {0x000002c119cdcc18} 'doResolveCall' '(Lorg/jetbrains/kotlin/psi/KtElement;)Lorg/jetbrains/kotlin/analysis/api/resolution/KaCallInfo;' in 'org/jetbrains/kotlin/analysis/api/fir/components/KaFirResolver')}
  0x000002c148094d70: 8bd0 48be | e0b2 8b1c | c102 0000 | 4883 8688 | 0a00 0001 | 418b 5008 | 49ba 0000 | 0059 c102 
  0x000002c148094d90: 0000 4903 | d248 8b52 | 7048 8b1a 

  0x000002c148094d9c: ;   {metadata(method data for {method} {0x000002c119cdcc18} 'doResolveCall' '(Lorg/jetbrains/kotlin/psi/KtElement;)Lorg/jetbrains/kotlin/analysis/api/resolution/KaCallInfo;' in 'org/jetbrains/kotlin/analysis/api/fir/components/KaFirResolver')}
  0x000002c148094d9c: 48ba e0b2 | 8b1c c102 | 0000 4883 | 82c0 0a00 

  0x000002c148094dac: ;   {metadata(method data for {method} {0x000002c10cce5190} 'getOrCreateKotlinClass' '(Ljava/lang/Class;)Lkotlin/reflect/KClass;' in 'kotlin/jvm/internal/Reflection')}
  0x000002c148094dac: 0001 48ba | b8fc 4419 | c102 0000 | 8bb2 cc00 | 0000 83c6 | 0289 b2cc | 0000 0081 | e6fe ff1f 
  0x000002c148094dcc: 0083 fe00 | 0f84 a939 

  0x000002c148094dd4: ;   {oop(a 'kotlin/reflect/jvm/internal/ReflectionFactoryImpl'{0x000000008e647708})}
  0x000002c148094dd4: 0000 48ba | 0877 648e | 0000 0000 

  0x000002c148094de0: ;   {metadata(method data for {method} {0x000002c10cce5190} 'getOrCreateKotlinClass' '(Ljava/lang/Class;)Lkotlin/reflect/KClass;' in 'kotlin/jvm/internal/Reflection')}
  0x000002c148094de0: 48be b8fc | 4419 c102 | 0000 4883 | 8628 0100 

  0x000002c148094df0: ;   {metadata(method data for {method} {0x000002c10cce7de0} 'getOrCreateKotlinClass' '(Ljava/lang/Class;)Lkotlin/reflect/KClass;' in 'kotlin/reflect/jvm/internal/ReflectionFactoryImpl')}
  0x000002c148094df0: 0001 48ba | 40fe 4419 | c102 0000 | 8bb2 cc00 | 0000 83c6 | 0289 b2cc | 0000 0081 | e6fe ff1f 
  0x000002c148094e10: 0083 fe00 | 0f84 8639 

  0x000002c148094e18: ;   {metadata(method data for {method} {0x000002c10cce7de0} 'getOrCreateKotlinClass' '(Ljava/lang/Class;)Lkotlin/reflect/KClass;' in 'kotlin/reflect/jvm/internal/ReflectionFactoryImpl')}
  0x000002c148094e18: 0000 48ba | 40fe 4419 | c102 0000 | 4883 8210 | 0100 0001 

  0x000002c148094e2c: ;   {metadata(method data for {method} {0x000002c10cd3cac8} 'getOrCreateKotlinClass' '(Ljava/lang/Class;)Lkotlin/reflect/jvm/internal/KClassImpl;' in 'kotlin/reflect/jvm/internal/CachesKt')}
  0x000002c148094e2c: 48ba 004c | 4519 c102 | 0000 8bb2 | cc00 0000 | 83c6 0289 | b2cc 0000 | 0081 e6fe | ff1f 0083 
  0x000002c148094e4c: fe00 0f84 | 6d39 0000 

  0x000002c148094e54: ;   {metadata(method data for {method} {0x000002c10cd3cac8} 'getOrCreateKotlinClass' '(Ljava/lang/Class;)Lkotlin/reflect/jvm/internal/KClassImpl;' in 'kotlin/reflect/jvm/internal/CachesKt')}
  0x000002c148094e54: 48ba 004c | 4519 c102 | 0000 4883 | 8210 0100 

  0x000002c148094e64: ;   {metadata(method data for {method} {0x000002c10ae0b7a8} 'checkNotNullParameter' '(Ljava/lang/Object;Ljava/lang/String;)V' in 'kotlin/jvm/internal/Intrinsics')}
  0x000002c148094e64: 0001 48ba | 60f3 1a0b | c102 0000 | 8bb2 cc00 | 0000 83c6 | 0289 b2cc | 0000 0081 | e6fe ff1f 
  0x000002c148094e84: 0083 fe00 | 0f84 5439 | 0000 4883 

  0x000002c148094e90: ;   {metadata(method data for {method} {0x000002c10ae0b7a8} 'checkNotNullParameter' '(Ljava/lang/Object;Ljava/lang/String;)V' in 'kotlin/jvm/internal/Intrinsics')}
  0x000002c148094e90: fb00 48ba | 60f3 1a0b | c102 0000 | 48c7 c620 | 0100 000f | 8407 0000 | 0048 c7c6 | 1001 0000 
  0x000002c148094eb0: 488b 3c32 | 488d 7f01 | 4889 3c32 | 0f84 3129 

  0x000002c148094ec0: ;   {oop(a 'kotlin/reflect/jvm/internal/ClassValueCache'{0x000000008e644b60})}
  0x000002c148094ec0: 0000 48ba | 604b 648e | 0000 0000 

  0x000002c148094ecc: ;   {metadata(method data for {method} {0x000002c10cd3cac8} 'getOrCreateKotlinClass' '(Ljava/lang/Class;)Lkotlin/reflect/jvm/internal/KClassImpl;' in 'kotlin/reflect/jvm/internal/CachesKt')}
  0x000002c148094ecc: 488b f248 | bf00 4c45 | 19c1 0200 | 0048 8387 | 2001 0000 | 014c 8bc3 

  0x000002c148094ee4: ;   {optimized virtual_call}
  0x000002c148094ee4: 6666 90e8 

  0x000002c148094ee8: ; ImmutableOopMap {[240]=Oop [456]=Oop [448]=Oop [248]=Oop }
                      ;*invokevirtual get {reexecute=0 rethrow=0 return_oop=0}
                      ; - kotlin.reflect.jvm.internal.CachesKt::getOrCreateKotlinClass@10 (line 21)
                      ; - kotlin.reflect.jvm.internal.ReflectionFactoryImpl::getOrCreateKotlinClass@1 (line 41)
                      ; - kotlin.jvm.internal.Reflection::getOrCreateKotlinClass@4 (line 60)
                      ; - org.jetbrains.kotlin.analysis.api.fir.components.KaFirResolver::doResolveCall@470 (line 1733)
  0x000002c148094ee8: 94c4 e100 

  0x000002c148094eec: ;   {metadata(method data for {method} {0x000002c10cd3cac8} 'getOrCreateKotlinClass' '(Ljava/lang/Class;)Lkotlin/reflect/jvm/internal/KClassImpl;' in 'kotlin/reflect/jvm/internal/CachesKt')}
  0x000002c148094eec: 48ba 004c | 4519 c102 | 0000 4883 | 8258 0100 

  0x000002c148094efc: ;   {metadata(method data for {method} {0x000002c10ae0a8d0} 'checkNotNull' '(Ljava/lang/Object;Ljava/lang/String;)V' in 'kotlin/jvm/internal/Intrinsics')}
  0x000002c148094efc: 0001 48ba | 303d dc17 | c102 0000 | 8bb2 cc00 | 0000 83c6 | 0289 b2cc | 0000 0081 | e6fe ff1f 
  0x000002c148094f1c: 0083 fe00 | 0f84 dd38 | 0000 4883 

  0x000002c148094f28: ;   {metadata(method data for {method} {0x000002c10ae0a8d0} 'checkNotNull' '(Ljava/lang/Object;Ljava/lang/String;)V' in 'kotlin/jvm/internal/Intrinsics')}
  0x000002c148094f28: f800 48ba | 303d dc17 | c102 0000 | 48c7 c620 | 0100 000f | 8407 0000 | 0048 c7c6 | 1001 0000 
  0x000002c148094f48: 488b 3c32 | 488d 7f01 | 4889 3c32 | 0f84 4a26 | 0000 4883 | f800 7516 

  0x000002c148094f60: ;   {metadata(method data for {method} {0x000002c10cd3cac8} 'getOrCreateKotlinClass' '(Ljava/lang/Class;)Lkotlin/reflect/jvm/internal/KClassImpl;' in 'kotlin/reflect/jvm/internal/CachesKt')}
  0x000002c148094f60: 48bf 004c | 4519 c102 | 0000 808f | 6101 0000 | 01e9 d200 

  0x000002c148094f74: ;   {metadata('kotlin/reflect/jvm/internal/KClassImpl')}
  0x000002c148094f74: 0000 48bb | 0859 c15b | c102 0000 | 8b70 0849 | ba00 0000 | 59c1 0200 | 0049 03f2 | 483b de0f 
  0x000002c148094f94: 8593 0000 

  0x000002c148094f98: ;   {metadata(method data for {method} {0x000002c10cd3cac8} 'getOrCreateKotlinClass' '(Ljava/lang/Class;)Lkotlin/reflect/jvm/internal/KClassImpl;' in 'kotlin/reflect/jvm/internal/CachesKt')}
  0x000002c148094f98: 0048 bf00 | 4c45 19c1 | 0200 008b | 5808 49ba | 0000 0059 | c102 0000 | 4903 da48 | 3b9f 7801 
  0x000002c148094fb8: 0000 750d | 4883 8780 | 0100 0001 | e97f 0000 | 0048 3b9f | 8801 0000 | 750d 4883 | 8790 0100 
  0x000002c148094fd8: 0001 e969 | 0000 0048 | 81bf 7801 | 0000 0000 | 0000 7517 | 4889 9f78 | 0100 0048 | c787 8001 
  0x000002c148094ff8: 0000 0100 | 0000 e945 | 0000 0048 | 81bf 8801 | 0000 0000 | 0000 7517 | 4889 9f88 | 0100 0048 
  0x000002c148095018: c787 9001 | 0000 0100 | 0000 e921 | 0000 00e9 | 1c00 0000 

  0x000002c14809502c: ;   {metadata(method data for {method} {0x000002c10cd3cac8} 'getOrCreateKotlinClass' '(Ljava/lang/Class;)Lkotlin/reflect/jvm/internal/KClassImpl;' in 'kotlin/reflect/jvm/internal/CachesKt')}
  0x000002c14809502c: 48bf 004c | 4519 c102 | 0000 4883 | af68 0100 | 0001 e9e1 | 3700 00e9 | 0000 0000 | 488b d048 
  0x000002c14809504c: 8b84 24c0 

  0x000002c148095050: ;   {metadata(method data for {method} {0x000002c119cdcc18} 'doResolveCall' '(Lorg/jetbrains/kotlin/psi/KtElement;)Lorg/jetbrains/kotlin/analysis/api/resolution/KaCallInfo;' in 'org/jetbrains/kotlin/analysis/api/fir/components/KaFirResolver')}
  0x000002c148095050: 0100 0048 | bee0 b28b | 1cc1 0200 | 0048 8386 | d00a 0000 

  0x000002c148095064: ;   {metadata(method data for {method} {0x000002c15941f880} 'append' '(Ljava/lang/Object;)Ljava/lang/StringBuilder;' in 'java/lang/StringBuilder')}
  0x000002c148095064: 0148 bec8 | 4914 74c1 | 0200 008b | becc 0000 | 0083 c702 | 89be cc00 | 0000 81e7 | feff 1f00 
  0x000002c148095084: 83ff 000f | 84a0 3700 

  0x000002c14809508c: ;   {metadata(method data for {method} {0x000002c15941f880} 'append' '(Ljava/lang/Object;)Ljava/lang/StringBuilder;' in 'java/lang/StringBuilder')}
  0x000002c14809508c: 0048 bec8 | 4914 74c1 | 0200 0048 | 8386 1001 

  0x000002c14809509c: ;   {metadata(method data for {method} {0x000002c159427eb8} 'valueOf' '(Ljava/lang/Object;)Ljava/lang/String;' in 'java/lang/String')}
  0x000002c14809509c: 0000 0148 | be68 4b14 | 74c1 0200 | 008b becc | 0000 0083 | c702 89be | cc00 0000 | 81e7 feff 
  0x000002c1480950bc: 1f00 83ff | 000f 8487 | 3700 0048 

  0x000002c1480950c8: ;   {metadata(method data for {method} {0x000002c159427eb8} 'valueOf' '(Ljava/lang/Object;)Ljava/lang/String;' in 'java/lang/String')}
  0x000002c1480950c8: 83fa 0048 | be68 4b14 | 74c1 0200 | 0048 c7c7 | 1001 0000 | 0f85 0700 | 0000 48c7 | c720 0100 
  0x000002c1480950e8: 0048 8b1c | 3e48 8d5b | 0148 891c | 3e0f 851f 

  0x000002c1480950f8: ;   {metadata(method data for {method} {0x000002c159427eb8} 'valueOf' '(Ljava/lang/Object;)Ljava/lang/String;' in 'java/lang/String')}
  0x000002c1480950f8: 0000 0048 | ba68 4b14 | 74c1 0200 | 00ff 8230 

  0x000002c148095108: ;   {oop("null"{0x00000000805330c8})}
  0x000002c148095108: 0100 0048 | bec8 3053 | 8000 0000 | 00e9 2500 | 0000 483b | 0248 8bf2 

  0x000002c148095120: ;   {metadata(method data for {method} {0x000002c159427eb8} 'valueOf' '(Ljava/lang/Object;)Ljava/lang/String;' in 'java/lang/String')}
  0x000002c148095120: 48bf 684b | 1474 c102 | 0000 4883 | 8748 0100 | 0001 0f1f 

  0x000002c148095134: ;   {optimized virtual_call}
  0x000002c148095134: 4400 00e8 

  0x000002c148095138: ; ImmutableOopMap {[240]=Oop [456]=Oop [448]=Oop [248]=Oop }
                      ;*invokevirtual toString {reexecute=0 rethrow=0 return_oop=0}
                      ; - java.lang.String::valueOf@11 (line 4220)
                      ; - java.lang.StringBuilder::append@2 (line 173)
                      ; - org.jetbrains.kotlin.analysis.api.fir.components.KaFirResolver::doResolveCall@473 (line 1733)
  0x000002c148095138: 44c2 e100 | 488b f048 | 8b84 24c0 

  0x000002c148095144: ;   {metadata(method data for {method} {0x000002c15941f880} 'append' '(Ljava/lang/Object;)Ljava/lang/StringBuilder;' in 'java/lang/StringBuilder')}
  0x000002c148095144: 0100 0049 | b8c8 4914 | 74c1 0200 | 0049 8380 | 2001 0000 

  0x000002c148095158: ;   {metadata(method data for {method} {0x000002c15941f778} 'append' '(Ljava/lang/String;)Ljava/lang/StringBuilder;' in 'java/lang/StringBuilder')}
  0x000002c148095158: 0149 b878 | f202 74c1 | 0200 0041 | 8b90 cc00 | 0000 83c2 | 0241 8990 | cc00 0000 | 81e2 feff 
  0x000002c148095178: 1f00 83fa | 000f 84f1 | 3600 0048 | 8b84 24c0 

  0x000002c148095188: ;   {metadata(method data for {method} {0x000002c15941f778} 'append' '(Ljava/lang/String;)Ljava/lang/StringBuilder;' in 'java/lang/StringBuilder')}
  0x000002c148095188: 0100 0049 | b878 f202 | 74c1 0200 | 0049 8380 | 1001 0000 | 014c 8bc6 | 488b 9424 | c001 0000 
  0x000002c1480951a8: 0f1f 8000 

  0x000002c1480951ac: ;   {optimized virtual_call}
  0x000002c1480951ac: 0000 00e8 

  0x000002c1480951b0: ; ImmutableOopMap {[240]=Oop [456]=Oop [448]=Oop [248]=Oop }
                      ;*invokespecial append {reexecute=0 rethrow=0 return_oop=0}
                      ; - java.lang.StringBuilder::append@2 (line 179)
                      ; - java.lang.StringBuilder::append@5 (line 173)
                      ; - org.jetbrains.kotlin.analysis.api.fir.components.KaFirResolver::doResolveCall@473 (line 1733)
  0x000002c1480951b0: ccc1 e100 | 488b 8424 | c001 0000 

  0x000002c1480951bc: ;   {metadata(method data for {method} {0x000002c119cdcc18} 'doResolveCall' '(Lorg/jetbrains/kotlin/psi/KtElement;)Lorg/jetbrains/kotlin/analysis/api/resolution/KaCallInfo;' in 'org/jetbrains/kotlin/analysis/api/fir/components/KaFirResolver')}
  0x000002c1480951bc: 48ba e0b2 | 8b1c c102 | 0000 4883 | 8208 0b00 

  0x000002c1480951cc: ;   {metadata(method data for {method} {0x000002c15941f098} 'toString' '()Ljava/lang/String;' in 'java/lang/StringBuilder')}
  0x000002c1480951cc: 0001 48ba | 20f6 0274 | c102 0000 | 448b 82cc | 0000 0041 | 83c0 0244 | 8982 cc00 | 0000 4181 
  0x000002c1480951ec: e0fe ff1f | 0041 83f8 | 000f 849a | 3600 0048 | 8b84 24c0 

  0x000002c148095200: ;   {metadata(method data for {method} {0x000002c15941f098} 'toString' '()Ljava/lang/String;' in 'java/lang/StringBuilder')}
  0x000002c148095200: 0100 0048 | ba20 f602 | 74c1 0200 | 0048 8382 | 1001 0000 

  0x000002c148095214: ;   {metadata(method data for {method} {0x000002c15905d7c8} 'isLatin1' '()Z' in 'java/lang/AbstractStringBuilder')}
  0x000002c148095214: 0148 ba00 | f802 74c1 | 0200 0044 | 8b82 cc00 | 0000 4183 | c002 4489 | 82cc 0000 | 0041 81e0 
  0x000002c148095234: feff 1f00 | 4183 f800 | 0f84 7436 

  0x000002c148095240: ;   {metadata(method data for {method} {0x000002c15905d7c8} 'isLatin1' '()Z' in 'java/lang/AbstractStringBuilder')}
  0x000002c148095240: 0000 48ba | 00f8 0274 | c102 0000 | ff82 2001 | 0000 488b | 8424 c001 | 0000 0fbe | 5010 83fa 
  0x000002c148095260: ;   {metadata(method data for {method} {0x000002c15905d7c8} 'isLatin1' '()Z' in 'java/lang/AbstractStringBuilder')}
  0x000002c148095260: 0048 ba00 | f802 74c1 | 0200 0049 | c7c0 3001 | 0000 0f85 | 0700 0000 | 49c7 c040 | 0100 004e 
  0x000002c148095280: 8b0c 024d | 8d49 014e | 890c 020f | 851a 0000 

  0x000002c148095290: ;   {metadata(method data for {method} {0x000002c15905d7c8} 'isLatin1' '()Z' in 'java/lang/AbstractStringBuilder')}
  0x000002c148095290: 0048 ba00 | f802 74c1 | 0200 00ff | 8250 0100 | 00ba 0100 | 0000 e905 | 0000 00ba | 0000 0000 
  0x000002c1480952b0: 83e2 0183 

  0x000002c1480952b4: ;   {metadata(method data for {method} {0x000002c15941f098} 'toString' '()Ljava/lang/String;' in 'java/lang/StringBuilder')}
  0x000002c1480952b4: fa00 48ba | 20f6 0274 | c102 0000 | 49c7 c048 | 0100 000f | 8407 0000 | 0049 c7c0 | 5801 0000 
  0x000002c1480952d4: 4e8b 0c02 | 4d8d 4901 | 4e89 0c02 | 0f84 3b00 | 0000 8b50 | 1444 8b48 

  0x000002c1480952ec: ;   {metadata(method data for {method} {0x000002c15941f098} 'toString' '()Ljava/lang/String;' in 'java/lang/StringBuilder')}
  0x000002c1480952ec: 0c49 b820 | f602 74c1 | 0200 0049 | 8380 6801 | 0000 0141 | b800 0000 

  0x000002c148095304: ;   {static_call}
  0x000002c148095304: 0066 90e8 

  0x000002c148095308: ; ImmutableOopMap {[240]=Oop [456]=Oop [248]=Oop }
                      ;*invokestatic newString {reexecute=0 rethrow=0 return_oop=0}
                      ; - java.lang.StringBuilder::toString@16 (line 453)
                      ; - org.jetbrains.kotlin.analysis.api.fir.components.KaFirResolver::doResolveCall@476 (line 1733)
  0x000002c148095308: 74c6 e100 

  0x000002c14809530c: ;   {metadata(method data for {method} {0x000002c15941f098} 'toString' '()Ljava/lang/String;' in 'java/lang/StringBuilder')}
  0x000002c14809530c: 48ba 20f6 | 0274 c102 | 0000 ff82 | 7801 0000 | e92b 0000 | 008b 5014 | 448b 480c 

  0x000002c148095328: ;   {metadata(method data for {method} {0x000002c15941f098} 'toString' '()Ljava/lang/String;' in 'java/lang/StringBuilder')}
  0x000002c148095328: 49b8 20f6 | 0274 c102 | 0000 4983 | 8090 0100 | 0001 41b8 | 0000 0000 | 0f1f 8000 

  0x000002c148095344: ;   {static_call}
  0x000002c148095344: 0000 00e8 

  0x000002c148095348: ; ImmutableOopMap {[240]=Oop [456]=Oop [248]=Oop }
                      ;*invokestatic newString {reexecute=0 rethrow=0 return_oop=0}
                      ; - java.lang.StringBuilder::toString@31 (line 454)
                      ; - org.jetbrains.kotlin.analysis.api.fir.components.KaFirResolver::doResolveCall@476 (line 1733)
  0x000002c148095348: 34c6 e100 | 4889 8424 | d001 0000 | 488b 8424 | c801 0000 | 4883 f800 

  0x000002c148095360: ;   {metadata(method data for {method} {0x000002c119cdcc18} 'doResolveCall' '(Lorg/jetbrains/kotlin/psi/KtElement;)Lorg/jetbrains/kotlin/analysis/api/resolution/KaCallInfo;' in 'org/jetbrains/kotlin/analysis/api/fir/components/KaFirResolver')}
  0x000002c148095360: 7516 48b9 | e0b2 8b1c | c102 0000 | 8089 390b | 0000 01e9 | d400 0000 

  0x000002c148095378: ;   {metadata('java/lang/Throwable')}
  0x000002c148095378: 49b9 7802 | 0259 c102 | 0000 8b48 | 0849 ba00 | 0000 59c1 | 0200 0049 | 03ca 4c3b | 4938 0f85 
  0x000002c148095398: 9400 0000 

  0x000002c14809539c: ;   {metadata(method data for {method} {0x000002c119cdcc18} 'doResolveCall' '(Lorg/jetbrains/kotlin/psi/KtElement;)Lorg/jetbrains/kotlin/analysis/api/resolution/KaCallInfo;' in 'org/jetbrains/kotlin/analysis/api/fir/components/KaFirResolver')}
  0x000002c14809539c: 48b9 e0b2 | 8b1c c102 | 0000 448b | 4808 49ba | 0000 0059 | c102 0000 | 4d03 ca4c | 3b89 500b 
  0x000002c1480953bc: 0000 750d | 4883 8158 | 0b00 0001 | e97f 0000 | 004c 3b89 | 600b 0000 | 750d 4883 | 8168 0b00 
  0x000002c1480953dc: 0001 e969 | 0000 0048 | 81b9 500b | 0000 0000 | 0000 7517 | 4c89 8950 | 0b00 0048 | c781 580b 
  0x000002c1480953fc: 0000 0100 | 0000 e945 | 0000 0048 | 81b9 600b | 0000 0000 | 0000 7517 | 4c89 8960 | 0b00 0048 
  0x000002c14809541c: c781 680b | 0000 0100 | 0000 e921 | 0000 00e9 | 1c00 0000 

  0x000002c148095430: ;   {metadata(method data for {method} {0x000002c119cdcc18} 'doResolveCall' '(Lorg/jetbrains/kotlin/psi/KtElement;)Lorg/jetbrains/kotlin/analysis/api/resolution/KaCallInfo;' in 'org/jetbrains/kotlin/analysis/api/fir/components/KaFirResolver')}
  0x000002c148095430: 48b9 e0b2 | 8b1c c102 | 0000 4883 | a940 0b00 | 0001 e990 | 3400 00e9 | 0000 0000 | 488b f848 
  0x000002c148095450: 8bd7 0f1f 

  0x000002c148095454: ;   {static_call}
  0x000002c148095454: 4400 00e8 

  0x000002c148095458: ; ImmutableOopMap {[464]=Oop [456]=Oop [240]=Oop [248]=Oop }
                      ;*invokestatic rethrowIntellijPlatformExceptionIfNeeded {reexecute=0 rethrow=0 return_oop=0}
                      ; - org.jetbrains.kotlin.analysis.api.fir.components.KaFirResolver::doResolveCall@494 (line 1740)
  0x000002c148095458: 24c5 e100 | 0f1f 4000 

  0x000002c148095460: ;   {no_reloc}
  0x000002c148095460: e98a 3400 | 0000 0000 | 0000 80ba | 3301 0000 | 040f 8587 | 3400 0049 | 8b87 0801 | 0000 488d 
  0x000002c148095480: 7828 493b | bf18 0100 | 000f 876f | 3400 0049 | 89bf 0801 | 0000 48c7 | 0001 0000 | 0048 8bca 
  0x000002c1480954a0: 49ba 0000 | 0059 c102 | 0000 492b | ca89 4808 | 4833 c989 | 480c 4833 | c948 8948 | 1048 8948 
  0x000002c1480954c0: 1848 8948 | 2048 8b9c | 24c8 0100 | 0048 83fb 

  0x000002c1480954d0: ;   {metadata(method data for {method} {0x000002c119cdcc18} 'doResolveCall' '(Lorg/jetbrains/kotlin/psi/KtElement;)Lorg/jetbrains/kotlin/analysis/api/resolution/KaCallInfo;' in 'org/jetbrains/kotlin/analysis/api/fir/components/KaFirResolver')}
  0x000002c1480954d0: 0075 1648 | bae0 b28b | 1cc1 0200 | 0080 8a81 | 0b00 0001 | e9d3 0000 

  0x000002c1480954e8: ;   {metadata('java/lang/Throwable')}
  0x000002c1480954e8: 0048 be78 | 0202 59c1 | 0200 008b | 5308 49ba | 0000 0059 | c102 0000 | 4903 d248 | 3b72 380f 
  0x000002c148095508: 8593 0000 

  0x000002c14809550c: ;   {metadata(method data for {method} {0x000002c119cdcc18} 'doResolveCall' '(Lorg/jetbrains/kotlin/psi/KtElement;)Lorg/jetbrains/kotlin/analysis/api/resolution/KaCallInfo;' in 'org/jetbrains/kotlin/analysis/api/fir/components/KaFirResolver')}
  0x000002c14809550c: 0048 bae0 | b28b 1cc1 | 0200 008b | 7308 49ba | 0000 0059 | c102 0000 | 4903 f248 | 3bb2 980b 
  0x000002c14809552c: 0000 750d | 4883 82a0 | 0b00 0001 | e97f 0000 | 0048 3bb2 | a80b 0000 | 750d 4883 | 82b0 0b00 
  0x000002c14809554c: 0001 e969 | 0000 0048 | 81ba 980b | 0000 0000 | 0000 7517 | 4889 b298 | 0b00 0048 | c782 a00b 
  0x000002c14809556c: 0000 0100 | 0000 e945 | 0000 0048 | 81ba a80b | 0000 0000 | 0000 7517 | 4889 b2a8 | 0b00 0048 
  0x000002c14809558c: c782 b00b | 0000 0100 | 0000 e921 | 0000 00e9 | 1c00 0000 

  0x000002c1480955a0: ;   {metadata(method data for {method} {0x000002c119cdcc18} 'doResolveCall' '(Lorg/jetbrains/kotlin/psi/KtElement;)Lorg/jetbrains/kotlin/analysis/api/resolution/KaCallInfo;' in 'org/jetbrains/kotlin/analysis/api/fir/components/KaFirResolver')}
  0x000002c1480955a0: 48ba e0b2 | 8b1c c102 | 0000 4883 | aa88 0b00 | 0001 e954 | 3300 00e9 | 0000 0000 | 4c8b cb4c 
  0x000002c1480955c0: ;   {metadata(method data for {method} {0x000002c119cdcc18} 'doResolveCall' '(Lorg/jetbrains/kotlin/psi/KtElement;)Lorg/jetbrains/kotlin/analysis/api/resolution/KaCallInfo;' in 'org/jetbrains/kotlin/analysis/api/fir/components/KaFirResolver')}
  0x000002c1480955c0: 8bc0 48ba | e0b2 8b1c | c102 0000 | 4883 82c0 | 0b00 0001 | 4c8b 8424 | d001 0000 | 488b d048 
  0x000002c1480955e0: 8984 24d8 

  0x000002c1480955e4: ;   {optimized virtual_call}
  0x000002c1480955e4: 0100 00e8 

  0x000002c1480955e8: ; ImmutableOopMap {[240]=Oop [248]=Oop [472]=Oop }
                      ;*invokespecial <init> {reexecute=0 rethrow=0 return_oop=0}
                      ; - org.jetbrains.kotlin.analysis.api.fir.components.KaFirResolver::doResolveCall@514 (line 1743)
  0x000002c1480955e8: 94bd e100 | 0f1f 4000 

  0x000002c1480955f0: ;   {no_reloc}
  0x000002c1480955f0: e92e 3300 | 0000 0000 | 0000 80ba | 3301 0000 | 040f 852b | 3300 0049 | 8b87 0801 | 0000 488d 
  0x000002c148095610: 7810 493b | bf18 0100 | 000f 8713 | 3300 0049 | 89bf 0801 | 0000 48c7 | 0001 0000 | 0048 8bca 
  0x000002c148095630: 49ba 0000 | 0059 c102 | 0000 492b | ca89 4808 | 4833 c989 | 480c 4833 | c948 8bd0 

  0x000002c14809564c: ;   {metadata(method data for {method} {0x000002c119cdcc18} 'doResolveCall' '(Lorg/jetbrains/kotlin/psi/KtElement;)Lorg/jetbrains/kotlin/analysis/api/resolution/KaCallInfo;' in 'org/jetbrains/kotlin/analysis/api/fir/components/KaFirResolver')}
  0x000002c14809564c: 48be e0b2 | 8b1c c102 | 0000 4883 | 8608 0c00 | 0001 488b | d048 8984 | 24e0 0100 | 0066 0f1f 
  0x000002c14809566c: ;   {optimized virtual_call}
  0x000002c14809566c: 4400 00e8 

  0x000002c148095670: ; ImmutableOopMap {[240]=Oop [248]=Oop [472]=Oop [480]=Oop }
                      ;*invokespecial <init> {reexecute=0 rethrow=0 return_oop=0}
                      ; - org.jetbrains.kotlin.analysis.api.fir.components.KaFirResolver::doResolveCall@537 (line 1745)
  0x000002c148095670: 0cbd e100 | 4c8b 8424 | f800 0000 | 4983 f800 

  0x000002c148095680: ;   {metadata(method data for {method} {0x000002c119cdcc18} 'doResolveCall' '(Lorg/jetbrains/kotlin/psi/KtElement;)Lorg/jetbrains/kotlin/analysis/api/resolution/KaCallInfo;' in 'org/jetbrains/kotlin/analysis/api/fir/components/KaFirResolver')}
  0x000002c148095680: 7516 48b8 | e0b2 8b1c | c102 0000 | 8088 110c | 0000 01e9 | f000 0000 

  0x000002c148095698: ;   {metadata('com/intellij/psi/PsiElement')}
  0x000002c148095698: 48bf 107a | 8f5b c102 | 0000 418b | 4008 49ba | 0000 0059 | c102 0000 | 4903 c248 | 3b78 200f 
  0x000002c1480956b8: 841b 0000 | 0048 3bc7 | 0f84 1200 | 0000 5057 

  0x000002c1480956c8: ;   {runtime_call slow_subtype_check Runtime1 stub}
  0x000002c1480956c8: e8b3 40ec | 0058 5883 | f800 0f84 | 9400 0000 

  0x000002c1480956d8: ;   {metadata(method data for {method} {0x000002c119cdcc18} 'doResolveCall' '(Lorg/jetbrains/kotlin/psi/KtElement;)Lorg/jetbrains/kotlin/analysis/api/resolution/KaCallInfo;' in 'org/jetbrains/kotlin/analysis/api/fir/components/KaFirResolver')}
  0x000002c1480956d8: 48b8 e0b2 | 8b1c c102 | 0000 418b | 7808 49ba | 0000 0059 | c102 0000 | 4903 fa48 | 3bb8 280c 
  0x000002c1480956f8: 0000 750d | 4883 8030 | 0c00 0001 | e97f 0000 | 0048 3bb8 | 380c 0000 | 750d 4883 | 8040 0c00 
  0x000002c148095718: 0001 e969 | 0000 0048 | 81b8 280c | 0000 0000 | 0000 7517 | 4889 b828 | 0c00 0048 | c780 300c 
  0x000002c148095738: 0000 0100 | 0000 e945 | 0000 0048 | 81b8 380c | 0000 0000 | 0000 7517 | 4889 b838 | 0c00 0048 
  0x000002c148095758: c780 400c | 0000 0100 | 0000 e921 | 0000 00e9 | 1c00 0000 

  0x000002c14809576c: ;   {metadata(method data for {method} {0x000002c119cdcc18} 'doResolveCall' '(Lorg/jetbrains/kotlin/psi/KtElement;)Lorg/jetbrains/kotlin/analysis/api/resolution/KaCallInfo;' in 'org/jetbrains/kotlin/analysis/api/fir/components/KaFirResolver')}
  0x000002c14809576c: 48b8 e0b2 | 8b1c c102 | 0000 4883 | a818 0c00 | 0001 e9bc | 3100 00e9 | 0000 0000 | 498b f00f 
  0x000002c14809578c: 1f44 0000 

  0x000002c148095790: ;   {no_reloc}
  0x000002c148095790: e9c2 3100 | 0000 0000 | 0000 e9c2 | 3100 0048 | 8b94 24f0 

  0x000002c1480957a4: ;   {metadata(method data for {method} {0x000002c119cdcc18} 'doResolveCall' '(Lorg/jetbrains/kotlin/psi/KtElement;)Lorg/jetbrains/kotlin/analysis/api/resolution/KaCallInfo;' in 'org/jetbrains/kotlin/analysis/api/fir/components/KaFirResolver')}
  0x000002c1480957a4: 0000 0048 | bfe0 b28b | 1cc1 0200 | 0048 8387 | 500c 0000 

  0x000002c1480957b8: ;   {metadata(method data for {method} {0x000002c119cf2d58} 'getAnalysisSession' '()Lorg/jetbrains/kotlin/analysis/api/KaSession;' in 'org/jetbrains/kotlin/analysis/api/impl/base/components/KaBaseSessionComponent')}
  0x000002c1480957b8: 0148 ba00 | 4210 1cc1 | 0200 008b | bacc 0000 | 0083 c702 | 89ba cc00 | 0000 81e7 | feff 1f00 
  0x000002c1480957d8: 83ff 000f | 848d 3100 | 0048 8b94 | 24f0 0000 

  0x000002c1480957e8: ;   {metadata(method data for {method} {0x000002c119cf2d58} 'getAnalysisSession' '()Lorg/jetbrains/kotlin/analysis/api/KaSession;' in 'org/jetbrains/kotlin/analysis/api/impl/base/components/KaBaseSessionComponent')}
  0x000002c1480957e8: 0048 bf00 | 4210 1cc1 | 0200 0048 | 8387 1001 | 0000 0148 | 8b94 24f0 | 0000 008b | 7a0c 483b 
  0x000002c148095808: 0748 8bdf 

  0x000002c14809580c: ;   {metadata(method data for {method} {0x000002c119cf2d58} 'getAnalysisSession' '()Lorg/jetbrains/kotlin/analysis/api/KaSession;' in 'org/jetbrains/kotlin/analysis/api/impl/base/components/KaBaseSessionComponent')}
  0x000002c14809580c: 48b9 0042 | 101c c102 | 0000 8b5b | 0849 ba00 | 0000 59c1 | 0200 0049 | 03da 483b | 9958 0100 
  0x000002c14809582c: 0075 0d48 | 8381 6001 | 0000 01e9 | 6600 0000 | 483b 9968 | 0100 0075 | 0d48 8381 | 7001 0000 
  0x000002c14809584c: 01e9 5000 | 0000 4881 | b958 0100 | 0000 0000 | 0075 1748 | 8999 5801 | 0000 48c7 | 8160 0100 
  0x000002c14809586c: 0001 0000 | 00e9 2c00 | 0000 4881 | b968 0100 | 0000 0000 | 0075 1748 | 8999 6801 | 0000 48c7 
  0x000002c14809588c: 8170 0100 | 0001 0000 | 00e9 0800 | 0000 4883 | 8148 0100 | 0001 488b | d748 89b4 | 24f0 0100 
  0x000002c1480958ac: 0048 8984 | 24e8 0100 | 0048 b8ff | ffff ffff 

  0x000002c1480958bc: ;   {virtual_call}
  0x000002c1480958bc: ffff ffe8 

  0x000002c1480958c0: ; ImmutableOopMap {[472]=Oop [480]=Oop [488]=Oop [496]=Oop [248]=Oop [240]=Oop }
                      ;*invokeinterface invoke {reexecute=0 rethrow=0 return_oop=0}
                      ; - org.jetbrains.kotlin.analysis.api.impl.base.components.KaBaseSessionComponent::getAnalysisSession@4 (line 18)
                      ; - org.jetbrains.kotlin.analysis.api.fir.components.KaFirResolver::doResolveCall@574 (line 1746)
  0x000002c1480958c0: bcbd e100 | 4883 f800 

  0x000002c1480958c8: ;   {metadata(method data for {method} {0x000002c119cf2d58} 'getAnalysisSession' '()Lorg/jetbrains/kotlin/analysis/api/KaSession;' in 'org/jetbrains/kotlin/analysis/api/impl/base/components/KaBaseSessionComponent')}
  0x000002c1480958c8: 7516 48be | 0042 101c | c102 0000 | 808e 7901 | 0000 01e9 | ee00 0000 

  0x000002c1480958e0: ;   {metadata('org/jetbrains/kotlin/analysis/api/KaSession')}
  0x000002c1480958e0: 48bf c0b7 | 215c c102 | 0000 8b70 | 0849 ba00 | 0000 59c1 | 0200 0049 | 03f2 483b | 7e20 0f84 
  0x000002c148095900: 1b00 0000 | 483b f70f | 8412 0000 

  0x000002c14809590c: ;   {runtime_call slow_subtype_check Runtime1 stub}
  0x000002c14809590c: 0056 57e8 | 6c3e ec00 | 5e5e 83fe | 000f 8493 

  0x000002c14809591c: ;   {metadata(method data for {method} {0x000002c119cf2d58} 'getAnalysisSession' '()Lorg/jetbrains/kotlin/analysis/api/KaSession;' in 'org/jetbrains/kotlin/analysis/api/impl/base/components/KaBaseSessionComponent')}
  0x000002c14809591c: 0000 0048 | be00 4210 | 1cc1 0200 | 008b 7808 | 49ba 0000 | 0059 c102 | 0000 4903 | fa48 3bbe 
  0x000002c14809593c: 9001 0000 | 750d 4883 | 8698 0100 | 0001 e97f | 0000 0048 | 3bbe a001 | 0000 750d | 4883 86a8 
  0x000002c14809595c: 0100 0001 | e969 0000 | 0048 81be | 9001 0000 | 0000 0000 | 7517 4889 | be90 0100 | 0048 c786 
  0x000002c14809597c: 9801 0000 | 0100 0000 | e945 0000 | 0048 81be | a001 0000 | 0000 0000 | 7517 4889 | bea0 0100 
  0x000002c14809599c: 0048 c786 | a801 0000 | 0100 0000 | e921 0000 | 00e9 1c00 

  0x000002c1480959b0: ;   {metadata(method data for {method} {0x000002c119cf2d58} 'getAnalysisSession' '()Lorg/jetbrains/kotlin/analysis/api/KaSession;' in 'org/jetbrains/kotlin/analysis/api/impl/base/components/KaBaseSessionComponent')}
  0x000002c1480959b0: 0000 48be | 0042 101c | c102 0000 | 4883 ae80 | 0100 0001 | e9cb 2f00 | 00e9 0000 | 0000 4c8b 
  0x000002c1480959d0: c048 8b84 | 24e8 0100 

  0x000002c1480959d8: ;   {metadata(method data for {method} {0x000002c119cdcc18} 'doResolveCall' '(Lorg/jetbrains/kotlin/psi/KtElement;)Lorg/jetbrains/kotlin/analysis/api/resolution/KaCallInfo;' in 'org/jetbrains/kotlin/analysis/api/fir/components/KaFirResolver')}
  0x000002c1480959d8: 0048 bae0 | b28b 1cc1 | 0200 0048 | 8382 880c | 0000 0148 | 8b94 24e8 | 0100 000f 

  0x000002c1480959f4: ;   {optimized virtual_call}
  0x000002c1480959f4: 1f40 00e8 

  0x000002c1480959f8: ; ImmutableOopMap {[472]=Oop [480]=Oop [488]=Oop [496]=Oop [248]=Oop [240]=Oop }
                      ;*invokespecial <init> {reexecute=0 rethrow=0 return_oop=0}
                      ; - org.jetbrains.kotlin.analysis.api.fir.components.KaFirResolver::doResolveCall@577 (line 1746)
  0x000002c1480959f8: 84b9 e100 | 488b 8424 | e801 0000 | 4883 f800 

  0x000002c148095a08: ;   {metadata(method data for {method} {0x000002c119cdcc18} 'doResolveCall' '(Lorg/jetbrains/kotlin/psi/KtElement;)Lorg/jetbrains/kotlin/analysis/api/resolution/KaCallInfo;' in 'org/jetbrains/kotlin/analysis/api/fir/components/KaFirResolver')}
  0x000002c148095a08: 7517 49b8 | e0b2 8b1c | c102 0000 | 4180 8891 | 0c00 0001 | e9f5 0000 

  0x000002c148095a20: ;   {metadata('kotlin/jvm/functions/Function1')}
  0x000002c148095a20: 0049 b9f8 | 308a 5bc1 | 0200 0044 | 8b40 0849 | ba00 0000 | 59c1 0200 | 004d 03c2 | 4d3b 4820 
  0x000002c148095a40: 0f84 2000 | 0000 4d3b | c10f 8417 | 0000 0041 

  0x000002c148095a50: ;   {runtime_call slow_subtype_check Runtime1 stub}
  0x000002c148095a50: 5041 51e8 | 283d ec00 | 4158 4158 | 4183 f800 | 0f84 9400 

  0x000002c148095a64: ;   {metadata(method data for {method} {0x000002c119cdcc18} 'doResolveCall' '(Lorg/jetbrains/kotlin/psi/KtElement;)Lorg/jetbrains/kotlin/analysis/api/resolution/KaCallInfo;' in 'org/jetbrains/kotlin/analysis/api/fir/components/KaFirResolver')}
  0x000002c148095a64: 0000 49b8 | e0b2 8b1c | c102 0000 | 448b 4808 | 49ba 0000 | 0059 c102 | 0000 4d03 | ca4d 3b88 
  0x000002c148095a84: a80c 0000 | 750d 4983 | 80b0 0c00 | 0001 e97f | 0000 004d | 3b88 b80c | 0000 750d | 4983 80c0 
  0x000002c148095aa4: 0c00 0001 | e969 0000 | 0049 81b8 | a80c 0000 | 0000 0000 | 7517 4d89 | 88a8 0c00 | 0049 c780 
  0x000002c148095ac4: b00c 0000 | 0100 0000 | e945 0000 | 0049 81b8 | b80c 0000 | 0000 0000 | 7517 4d89 | 88b8 0c00 
  0x000002c148095ae4: 0049 c780 | c00c 0000 | 0100 0000 | e921 0000 | 00e9 1c00 

  0x000002c148095af8: ;   {metadata(method data for {method} {0x000002c119cdcc18} 'doResolveCall' '(Lorg/jetbrains/kotlin/psi/KtElement;)Lorg/jetbrains/kotlin/analysis/api/resolution/KaCallInfo;' in 'org/jetbrains/kotlin/analysis/api/fir/components/KaFirResolver')}
  0x000002c148095af8: 0000 49b8 | e0b2 8b1c | c102 0000 | 4983 a898 | 0c00 0001 | e98c 2e00 | 00e9 0000 | 0000 488b 
  0x000002c148095b18: ;   {oop("psi"{0x00000000849d3f88})}
  0x000002c148095b18: f849 b888 | 3f9d 8400 | 0000 0048 | 8b94 24e0 | 0100 004c | 8b8c 24f0 | 0100 000f 

  0x000002c148095b34: ;   {static_call}
  0x000002c148095b34: 1f40 00e8 

  0x000002c148095b38: ; ImmutableOopMap {[472]=Oop [480]=Oop [248]=Oop [240]=Oop }
                      ;*invokestatic withPsiEntry {reexecute=0 rethrow=0 return_oop=0}
                      ; - org.jetbrains.kotlin.analysis.api.fir.components.KaFirResolver::doResolveCall@583 (line 1746)
  0x000002c148095b38: 44be e100 | 488b 9424 | f000 0000 

  0x000002c148095b44: ;   {metadata(method data for {method} {0x000002c119cdcc18} 'doResolveCall' '(Lorg/jetbrains/kotlin/psi/KtElement;)Lorg/jetbrains/kotlin/analysis/api/resolution/KaCallInfo;' in 'org/jetbrains/kotlin/analysis/api/fir/components/KaFirResolver')}
  0x000002c148095b44: 48be e0b2 | 8b1c c102 | 0000 8b52 | 0849 ba00 | 0000 59c1 | 0200 0049 | 03d2 483b | 96f0 0c00 
  0x000002c148095b64: 0075 0d48 | 8386 f80c | 0000 01e9 | 6600 0000 | 483b 9600 | 0d00 0075 | 0d48 8386 | 080d 0000 
  0x000002c148095b84: 01e9 5000 | 0000 4881 | bef0 0c00 | 0000 0000 | 0075 1748 | 8996 f00c | 0000 48c7 | 86f8 0c00 
  0x000002c148095ba4: 0001 0000 | 00e9 2c00 | 0000 4881 | be00 0d00 | 0000 0000 | 0075 1748 | 8996 000d | 0000 48c7 
  0x000002c148095bc4: 8608 0d00 | 0001 0000 | 00e9 0800 | 0000 4883 | 86e0 0c00 

  0x000002c148095bd8: ;   {metadata(method data for {method} {0x000002c119cd64b8} 'getFirResolveSession' '()Lorg/jetbrains/kotlin/analysis/low/level/api/fir/api/LLFirResolveSession;' in 'org/jetbrains/kotlin/analysis/api/fir/components/KaFirSessionComponent')}
  0x000002c148095bd8: 0001 48ba | 38e1 9d1c | c102 0000 | 8bb2 cc00 | 0000 83c6 | 0289 b2cc | 0000 0081 | e6fe ff1f 
  0x000002c148095bf8: 0083 fe00 | 0f84 a42d | 0000 488b | 9424 f000 

  0x000002c148095c08: ;   {metadata(method data for {method} {0x000002c119cd64b8} 'getFirResolveSession' '()Lorg/jetbrains/kotlin/analysis/low/level/api/fir/api/LLFirResolveSession;' in 'org/jetbrains/kotlin/analysis/api/fir/components/KaFirSessionComponent')}
  0x000002c148095c08: 0000 48be | 38e1 9d1c | c102 0000 

  0x000002c148095c14: ;   {metadata(method data for {method} {0x000002c119ceb828} 'getAnalysisSession' '()Lorg/jetbrains/kotlin/analysis/api/fir/KaFirSession;' in 'org/jetbrains/kotlin/analysis/api/fir/components/KaFirResolver')}
  0x000002c148095c14: 48ba 7050 | 8c1c c102 | 0000 8bb2 | cc00 0000 | 83c6 0289 | b2cc 0000 | 0081 e6fe | ff1f 0083 
  0x000002c148095c34: fe00 0f84 | 8b2d 0000 | 488b 9424 | f000 0000 

  0x000002c148095c44: ;   {metadata(method data for {method} {0x000002c119ceb828} 'getAnalysisSession' '()Lorg/jetbrains/kotlin/analysis/api/fir/KaFirSession;' in 'org/jetbrains/kotlin/analysis/api/fir/components/KaFirResolver')}
  0x000002c148095c44: 48be 7050 | 8c1c c102 | 0000 4883 | 8610 0100 

  0x000002c148095c54: ;   {metadata(method data for {method} {0x000002c119cf2d58} 'getAnalysisSession' '()Lorg/jetbrains/kotlin/analysis/api/KaSession;' in 'org/jetbrains/kotlin/analysis/api/impl/base/components/KaBaseSessionComponent')}
  0x000002c148095c54: 0001 48ba | 0042 101c | c102 0000 | 8bb2 cc00 | 0000 83c6 | 0289 b2cc | 0000 0081 | e6fe ff1f 
  0x000002c148095c74: 0083 fe00 | 0f84 6a2d | 0000 488b | 9424 f000 

  0x000002c148095c84: ;   {metadata(method data for {method} {0x000002c119cf2d58} 'getAnalysisSession' '()Lorg/jetbrains/kotlin/analysis/api/KaSession;' in 'org/jetbrains/kotlin/analysis/api/impl/base/components/KaBaseSessionComponent')}
  0x000002c148095c84: 0000 48be | 0042 101c | c102 0000 | 4883 8610 | 0100 0001 | 488b 9424 | f000 0000 | 8b52 0c48 
  0x000002c148095ca4: 3b02 488b 

  0x000002c148095ca8: ;   {metadata(method data for {method} {0x000002c119cf2d58} 'getAnalysisSession' '()Lorg/jetbrains/kotlin/analysis/api/KaSession;' in 'org/jetbrains/kotlin/analysis/api/impl/base/components/KaBaseSessionComponent')}
  0x000002c148095ca8: f248 bf00 | 4210 1cc1 | 0200 008b | 7608 49ba | 0000 0059 | c102 0000 | 4903 f248 | 3bb7 5801 
  0x000002c148095cc8: 0000 750d | 4883 8760 | 0100 0001 | e966 0000 | 0048 3bb7 | 6801 0000 | 750d 4883 | 8770 0100 
  0x000002c148095ce8: 0001 e950 | 0000 0048 | 81bf 5801 | 0000 0000 | 0000 7517 | 4889 b758 | 0100 0048 | c787 6001 
  0x000002c148095d08: 0000 0100 | 0000 e92c | 0000 0048 | 81bf 6801 | 0000 0000 | 0000 7517 | 4889 b768 | 0100 0048 
  0x000002c148095d28: c787 7001 | 0000 0100 | 0000 e908 | 0000 0048 | 8387 4801 | 0000 0166 | 0f1f 4400 | 0048 b8ff 
  0x000002c148095d48: ffff ffff 

  0x000002c148095d4c: ;   {virtual_call}
  0x000002c148095d4c: ffff ffe8 

  0x000002c148095d50: ; ImmutableOopMap {[472]=Oop [480]=Oop [248]=Oop }
                      ;*invokeinterface invoke {reexecute=0 rethrow=0 return_oop=0}
                      ; - org.jetbrains.kotlin.analysis.api.impl.base.components.KaBaseSessionComponent::getAnalysisSession@4 (line 18)
                      ; - org.jetbrains.kotlin.analysis.api.fir.components.KaFirResolver::getAnalysisSession@1 (line 89)
                      ; - org.jetbrains.kotlin.analysis.api.fir.components.KaFirSessionComponent::getFirResolveSession@1 (line 35)
                      ; - org.jetbrains.kotlin.analysis.api.fir.components.KaFirResolver::doResolveCall@588 (line 1747)
  0x000002c148095d50: 2cb9 e100 | 4883 f800 

  0x000002c148095d58: ;   {metadata(method data for {method} {0x000002c119cf2d58} 'getAnalysisSession' '()Lorg/jetbrains/kotlin/analysis/api/KaSession;' in 'org/jetbrains/kotlin/analysis/api/impl/base/components/KaBaseSessionComponent')}
  0x000002c148095d58: 7516 48bf | 0042 101c | c102 0000 | 808f 7901 | 0000 01e9 | ee00 0000 

  0x000002c148095d70: ;   {metadata('org/jetbrains/kotlin/analysis/api/KaSession')}
  0x000002c148095d70: 48ba c0b7 | 215c c102 | 0000 8b78 | 0849 ba00 | 0000 59c1 | 0200 0049 | 03fa 483b | 5720 0f84 
  0x000002c148095d90: 1b00 0000 | 483b fa0f | 8412 0000 

  0x000002c148095d9c: ;   {runtime_call slow_subtype_check Runtime1 stub}
  0x000002c148095d9c: 0057 52e8 | dc39 ec00 | 5f5f 83ff | 000f 8493 

  0x000002c148095dac: ;   {metadata(method data for {method} {0x000002c119cf2d58} 'getAnalysisSession' '()Lorg/jetbrains/kotlin/analysis/api/KaSession;' in 'org/jetbrains/kotlin/analysis/api/impl/base/components/KaBaseSessionComponent')}
  0x000002c148095dac: 0000 0048 | bf00 4210 | 1cc1 0200 | 008b 5008 | 49ba 0000 | 0059 c102 | 0000 4903 | d248 3b97 
  0x000002c148095dcc: 9001 0000 | 750d 4883 | 8798 0100 | 0001 e97f | 0000 0048 | 3b97 a001 | 0000 750d | 4883 87a8 
  0x000002c148095dec: 0100 0001 | e969 0000 | 0048 81bf | 9001 0000 | 0000 0000 | 7517 4889 | 9790 0100 | 0048 c787 
  0x000002c148095e0c: 9801 0000 | 0100 0000 | e945 0000 | 0048 81bf | a001 0000 | 0000 0000 | 7517 4889 | 97a0 0100 
  0x000002c148095e2c: 0048 c787 | a801 0000 | 0100 0000 | e921 0000 | 00e9 1c00 

  0x000002c148095e40: ;   {metadata(method data for {method} {0x000002c119cf2d58} 'getAnalysisSession' '()Lorg/jetbrains/kotlin/analysis/api/KaSession;' in 'org/jetbrains/kotlin/analysis/api/impl/base/components/KaBaseSessionComponent')}
  0x000002c148095e40: 0000 48bf | 0042 101c | c102 0000 | 4883 af80 | 0100 0001 | e9b5 2b00 | 00e9 0000 | 0000 488b 
  0x000002c148095e60: d048 83fa 

  0x000002c148095e64: ;   {metadata(method data for {method} {0x000002c119ceb828} 'getAnalysisSession' '()Lorg/jetbrains/kotlin/analysis/api/fir/KaFirSession;' in 'org/jetbrains/kotlin/analysis/api/fir/components/KaFirResolver')}
  0x000002c148095e64: 0075 1648 | bf70 508c | 1cc1 0200 | 0080 8f41 | 0100 0001 | e9d2 0000 

  0x000002c148095e7c: ;   {metadata('org/jetbrains/kotlin/analysis/api/fir/KaFirSession')}
  0x000002c148095e7c: 0048 b8a0 | 9735 5cc1 | 0200 008b | 7208 49ba | 0000 0059 | c102 0000 | 4903 f248 | 3bc6 0f85 
  0x000002c148095e9c: 9300 0000 

  0x000002c148095ea0: ;   {metadata(method data for {method} {0x000002c119ceb828} 'getAnalysisSession' '()Lorg/jetbrains/kotlin/analysis/api/fir/KaFirSession;' in 'org/jetbrains/kotlin/analysis/api/fir/components/KaFirResolver')}
  0x000002c148095ea0: 48bf 7050 | 8c1c c102 | 0000 8b42 | 0849 ba00 | 0000 59c1 | 0200 0049 | 03c2 483b | 8758 0100 
  0x000002c148095ec0: 0075 0d48 | 8387 6001 | 0000 01e9 | 7f00 0000 | 483b 8768 | 0100 0075 | 0d48 8387 | 7001 0000 
  0x000002c148095ee0: 01e9 6900 | 0000 4881 | bf58 0100 | 0000 0000 | 0075 1748 | 8987 5801 | 0000 48c7 | 8760 0100 
  0x000002c148095f00: 0001 0000 | 00e9 4500 | 0000 4881 | bf68 0100 | 0000 0000 | 0075 1748 | 8987 6801 | 0000 48c7 
  0x000002c148095f20: 8770 0100 | 0001 0000 | 00e9 2100 | 0000 e91c 

  0x000002c148095f30: ;   {metadata(method data for {method} {0x000002c119ceb828} 'getAnalysisSession' '()Lorg/jetbrains/kotlin/analysis/api/fir/KaFirSession;' in 'org/jetbrains/kotlin/analysis/api/fir/components/KaFirResolver')}
  0x000002c148095f30: 0000 0048 | bf70 508c | 1cc1 0200 | 0048 83af | 4801 0000 | 01e9 cd2a | 0000 e900 | 0000 0048 
  0x000002c148095f50: 3b02 488b 

  0x000002c148095f54: ;   {metadata(method data for {method} {0x000002c119cd64b8} 'getFirResolveSession' '()Lorg/jetbrains/kotlin/analysis/low/level/api/fir/api/LLFirResolveSession;' in 'org/jetbrains/kotlin/analysis/api/fir/components/KaFirSessionComponent')}
  0x000002c148095f54: f248 bf38 | e19d 1cc1 | 0200 0048 | 8387 4801 | 0000 018b | 9a84 0000 | 0048 899c | 2400 0200 
  0x000002c148095f74: ;   {metadata(method data for {method} {0x000002c119cdcc18} 'doResolveCall' '(Lorg/jetbrains/kotlin/psi/KtElement;)Lorg/jetbrains/kotlin/analysis/api/resolution/KaCallInfo;' in 'org/jetbrains/kotlin/analysis/api/fir/components/KaFirResolver')}
  0x000002c148095f74: 0048 bae0 | b28b 1cc1 | 0200 0048 | 8382 180d 

  0x000002c148095f84: ;   {metadata(method data for {method} {0x000002c1191cc248} 'getOrBuildFir' '(Lorg/jetbrains/kotlin/psi/KtElement;Lorg/jetbrains/kotlin/analysis/low/level/api/fir/api/LLFirResolveSession;)Lorg/jetbrains/kotlin/fir/FirElement;' in 'org/jetbrains/kotlin/analysis/low/level/api/fir/api/LowLevelFirApiFacadeKt')}
  0x000002c148095f84: 0000 0148 | baf0 ca9d | 1cc1 0200 | 008b b2cc | 0000 0083 | c602 89b2 | cc00 0000 | 81e6 feff 
  0x000002c148095fa4: 1f00 83fe | 000f 8476 

  0x000002c148095fac: ;   {metadata(method data for {method} {0x000002c1191cc248} 'getOrBuildFir' '(Lorg/jetbrains/kotlin/psi/KtElement;Lorg/jetbrains/kotlin/analysis/low/level/api/fir/api/LLFirResolveSession;)Lorg/jetbrains/kotlin/fir/FirElement;' in 'org/jetbrains/kotlin/analysis/low/level/api/fir/api/LowLevelFirApiFacadeKt')}
  0x000002c148095fac: 2a00 0048 | baf0 ca9d | 1cc1 0200 | 0048 8382 | 1001 0000 

  0x000002c148095fc0: ;   {metadata(method data for {method} {0x000002c10ae0b7a8} 'checkNotNullParameter' '(Ljava/lang/Object;Ljava/lang/String;)V' in 'kotlin/jvm/internal/Intrinsics')}
  0x000002c148095fc0: 0148 ba60 | f31a 0bc1 | 0200 008b | b2cc 0000 | 0083 c602 | 89b2 cc00 | 0000 81e6 | feff 1f00 
  0x000002c148095fe0: 83fe 000f | 845d 2a00 | 004c 8b84 | 24f8 0000 | 0049 83f8 

  0x000002c148095ff4: ;   {metadata(method data for {method} {0x000002c10ae0b7a8} 'checkNotNullParameter' '(Ljava/lang/Object;Ljava/lang/String;)V' in 'kotlin/jvm/internal/Intrinsics')}
  0x000002c148095ff4: 0048 ba60 | f31a 0bc1 | 0200 0048 | c7c6 1001 | 0000 0f85 | 0700 0000 | 48c7 c620 | 0100 0048 
  0x000002c148096014: 8b3c 3248 | 8d7f 0148 | 893c 320f | 85ff 0100 

  0x000002c148096024: ;   {metadata(method data for {method} {0x000002c10ae0b7a8} 'checkNotNullParameter' '(Ljava/lang/Object;Ljava/lang/String;)V' in 'kotlin/jvm/internal/Intrinsics')}
  0x000002c148096024: 0048 ba60 | f31a 0bc1 | 0200 0048 | 8382 3001 

  0x000002c148096034: ;   {metadata(method data for {method} {0x000002c10ae0b918} 'throwParameterIsNullNPE' '(Ljava/lang/String;)V' in 'kotlin/jvm/internal/Intrinsics')}
  0x000002c148096034: 0000 0148 | bae8 f41a | 0bc1 0200 | 008b b2cc | 0000 0083 | c602 89b2 | cc00 0000 | 81e6 feff 
  0x000002c148096054: 1f00 83fe | 000f 8408 | 2a00 0090 

  0x000002c148096060: ;   {no_reloc}
  0x000002c148096060: e932 2a00 | 0000 0000 | 0000 498b | 8708 0100 | 0048 8d78 | 3049 3bbf | 1801 0000 | 0f87 1f2a 
  0x000002c148096080: 0000 4989 | bf08 0100 | 0048 c700 | 0100 0000 | 488b ca49 | ba00 0000 | 59c1 0200 | 0049 2bca 
  0x000002c1480960a0: 8948 0848 | 33c9 8948 | 0c48 33c9 | 4889 4810 | 4889 4818 | 4889 4820 | 4889 4828 

  0x000002c1480960bc: ;   {metadata(method data for {method} {0x000002c10ae0b918} 'throwParameterIsNullNPE' '(Ljava/lang/String;)V' in 'kotlin/jvm/internal/Intrinsics')}
  0x000002c1480960bc: 48ba e8f4 | 1a0b c102 | 0000 4883 | 8210 0100 

  0x000002c1480960cc: ;   {oop("<this>"{0x000000008181b3e0})}
  0x000002c1480960cc: 0001 48ba | e0b3 8181 | 0000 0000 | 4889 8424 | f801 0000 | 0f1f 8000 

  0x000002c1480960e4: ;   {static_call}
  0x000002c1480960e4: 0000 00e8 

  0x000002c1480960e8: ; ImmutableOopMap {[472]=Oop [480]=Oop [512]=Oop [504]=Oop [248]=Oop }
                      ;*invokestatic createParameterIsNullExceptionMessage {reexecute=0 rethrow=0 return_oop=0}
                      ; - kotlin.jvm.internal.Intrinsics::throwParameterIsNullNPE@5 (line 140)
                      ; - kotlin.jvm.internal.Intrinsics::checkNotNullParameter@5 (line 131)
                      ; - org.jetbrains.kotlin.analysis.low.level.api.fir.api.LowLevelFirApiFacadeKt::getOrBuildFir@3
                      ; - org.jetbrains.kotlin.analysis.api.fir.components.KaFirResolver::doResolveCall@591 (line 1747)
  0x000002c1480960e8: 94b8 e100 | 4c8b 8424 | f801 0000 

  0x000002c1480960f4: ;   {metadata(method data for {method} {0x000002c10ae0b918} 'throwParameterIsNullNPE' '(Ljava/lang/String;)V' in 'kotlin/jvm/internal/Intrinsics')}
  0x000002c1480960f4: 48ba e8f4 | 1a0b c102 | 0000 4883 | 8220 0100 | 0001 4c8b | c048 8b94 | 24f8 0100 | 0066 0f1f 
  0x000002c148096114: ;   {optimized virtual_call}
  0x000002c148096114: 4400 00e8 

  0x000002c148096118: ; ImmutableOopMap {[472]=Oop [480]=Oop [512]=Oop [504]=Oop [248]=Oop }
                      ;*invokespecial <init> {reexecute=0 rethrow=0 return_oop=0}
                      ; - kotlin.jvm.internal.Intrinsics::throwParameterIsNullNPE@8 (line 140)
                      ; - kotlin.jvm.internal.Intrinsics::checkNotNullParameter@5 (line 131)
                      ; - org.jetbrains.kotlin.analysis.low.level.api.fir.api.LowLevelFirApiFacadeKt::getOrBuildFir@3
                      ; - org.jetbrains.kotlin.analysis.api.fir.components.KaFirResolver::doResolveCall@591 (line 1747)
  0x000002c148096118: 64b2 e100 

  0x000002c14809611c: ;   {metadata(method data for {method} {0x000002c10ae0b918} 'throwParameterIsNullNPE' '(Ljava/lang/String;)V' in 'kotlin/jvm/internal/Intrinsics')}
  0x000002c14809611c: 48ba e8f4 | 1a0b c102 | 0000 4883 | 8230 0100 

  0x000002c14809612c: ;   {metadata(method data for {method} {0x000002c10ae1c908} 'sanitizeStackTrace' '(Ljava/lang/Throwable;)Ljava/lang/Throwable;' in 'kotlin/jvm/internal/Intrinsics')}
  0x000002c14809612c: 0001 48ba | c8fb 1a0b | c102 0000 | 8bb2 cc00 | 0000 83c6 | 0289 b2cc | 0000 0081 | e6fe ff1f 
  0x000002c14809614c: 0083 fe00 | 0f84 5829 

  0x000002c148096154: ;   {oop(a 'java/lang/Class'{0x000000009bbaf400} = 'kotlin/jvm/internal/Intrinsics')}
  0x000002c148096154: 0000 48ba | 00f4 ba9b | 0000 0000 

  0x000002c148096160: ;   {metadata(method data for {method} {0x000002c10ae1c908} 'sanitizeStackTrace' '(Ljava/lang/Throwable;)Ljava/lang/Throwable;' in 'kotlin/jvm/internal/Intrinsics')}
  0x000002c148096160: 488b f248 | bfc8 fb1a | 0bc1 0200 | 0048 8387 | 1001 0000 

  0x000002c148096174: ;   {metadata(method data for {method} {0x000002c15943def0} 'getName' '()Ljava/lang/String;' in 'java/lang/Class')}
  0x000002c148096174: 0148 be18 | d505 74c1 | 0200 008b | becc 0000 | 0083 c702 | 89be cc00 | 0000 81e7 | feff 1f00 
  0x000002c148096194: 83ff 000f | 8432 2900 | 008b 522c | 4883 fa00 

  0x000002c1480961a4: ;   {metadata(method data for {method} {0x000002c15943def0} 'getName' '()Ljava/lang/String;' in 'java/lang/Class')}
  0x000002c1480961a4: 48be 18d5 | 0574 c102 | 0000 48c7 | c710 0100 | 000f 8407 | 0000 0048 | c7c7 2001 | 0000 488b 
  0x000002c1480961c4: 1c3e 488d | 5b01 4889 | 1c3e 0f84 | 1800 0000 

  0x000002c1480961d4: ;   {metadata(method data for {method} {0x000002c15943def0} 'getName' '()Ljava/lang/String;' in 'java/lang/Class')}
  0x000002c1480961d4: 48be 18d5 | 0574 c102 | 0000 ff86 | 3001 0000 | 488b f2e9 | 2b00 0000 

  0x000002c1480961ec: ;   {oop(a 'java/lang/Class'{0x000000009bbaf400} = 'kotlin/jvm/internal/Intrinsics')}
  0x000002c1480961ec: 48ba 00f4 | ba9b 0000 | 0000 488b 

  0x000002c1480961f8: ;   {metadata(method data for {method} {0x000002c15943def0} 'getName' '()Ljava/lang/String;' in 'java/lang/Class')}
  0x000002c1480961f8: f248 bf18 | d505 74c1 | 0200 0048 | 8387 4801 | 0000 010f 

  0x000002c14809620c: ;   {optimized virtual_call}
  0x000002c14809620c: 1f40 00e8 

  0x000002c148096210: ; ImmutableOopMap {[472]=Oop [480]=Oop [512]=Oop [504]=Oop [248]=Oop }
                      ;*invokevirtual initClassName {reexecute=0 rethrow=0 return_oop=0}
                      ; - java.lang.Class::getName@14 (line 863)
                      ; - kotlin.jvm.internal.Intrinsics::sanitizeStackTrace@3 (line 253)
                      ; - kotlin.jvm.internal.Intrinsics::throwParameterIsNullNPE@11 (line 140)
                      ; - kotlin.jvm.internal.Intrinsics::checkNotNullParameter@5 (line 131)
                      ; - org.jetbrains.kotlin.analysis.low.level.api.fir.api.LowLevelFirApiFacadeKt::getOrBuildFir@3
                      ; - org.jetbrains.kotlin.analysis.api.fir.components.KaFirResolver::doResolveCall@591 (line 1747)
  0x000002c148096210: 6cb1 e100 | 488b f048 | 8b84 24f8 | 0100 00e9 | 5112 0000 

  0x000002c148096224: ;   {metadata(method data for {method} {0x000002c1191cc248} 'getOrBuildFir' '(Lorg/jetbrains/kotlin/psi/KtElement;Lorg/jetbrains/kotlin/analysis/low/level/api/fir/api/LLFirResolveSession;)Lorg/jetbrains/kotlin/fir/FirElement;' in 'org/jetbrains/kotlin/analysis/low/level/api/fir/api/LowLevelFirApiFacadeKt')}
  0x000002c148096224: 48ba f0ca | 9d1c c102 | 0000 4883 | 8220 0100 

  0x000002c148096234: ;   {metadata(method data for {method} {0x000002c10ae0b7a8} 'checkNotNullParameter' '(Ljava/lang/Object;Ljava/lang/String;)V' in 'kotlin/jvm/internal/Intrinsics')}
  0x000002c148096234: 0001 48ba | 60f3 1a0b | c102 0000 | 8bb2 cc00 | 0000 83c6 | 0289 b2cc | 0000 0081 | e6fe ff1f 
  0x000002c148096254: 0083 fe00 | 0f84 9728 | 0000 4883 

  0x000002c148096260: ;   {metadata(method data for {method} {0x000002c10ae0b7a8} 'checkNotNullParameter' '(Ljava/lang/Object;Ljava/lang/String;)V' in 'kotlin/jvm/internal/Intrinsics')}
  0x000002c148096260: fb00 48ba | 60f3 1a0b | c102 0000 | 48c7 c610 | 0100 000f | 8507 0000 | 0048 c7c6 | 2001 0000 
  0x000002c148096280: 488b 3c32 | 488d 7f01 | 4889 3c32 | 0f85 0202 

  0x000002c148096290: ;   {metadata(method data for {method} {0x000002c10ae0b7a8} 'checkNotNullParameter' '(Ljava/lang/Object;Ljava/lang/String;)V' in 'kotlin/jvm/internal/Intrinsics')}
  0x000002c148096290: 0000 48ba | 60f3 1a0b | c102 0000 | 4883 8230 | 0100 0001 

  0x000002c1480962a4: ;   {metadata(method data for {method} {0x000002c10ae0b918} 'throwParameterIsNullNPE' '(Ljava/lang/String;)V' in 'kotlin/jvm/internal/Intrinsics')}
  0x000002c1480962a4: 48ba e8f4 | 1a0b c102 | 0000 8bb2 | cc00 0000 | 83c6 0289 | b2cc 0000 | 0081 e6fe | ff1f 0083 
  0x000002c1480962c4: fe00 0f84 | 4a28 0000 | 0f1f 4000 

  0x000002c1480962d0: ;   {no_reloc}
  0x000002c1480962d0: e971 2800 | 0000 0000 | 0000 498b | 8708 0100 | 0048 8d78 | 3049 3bbf | 1801 0000 | 0f87 5e28 
  0x000002c1480962f0: 0000 4989 | bf08 0100 | 0048 c700 | 0100 0000 | 488b ca49 | ba00 0000 | 59c1 0200 | 0049 2bca 
  0x000002c148096310: 8948 0848 | 33c9 8948 | 0c48 33c9 | 4889 4810 | 4889 4818 | 4889 4820 | 4889 4828 

  0x000002c14809632c: ;   {metadata(method data for {method} {0x000002c10ae0b918} 'throwParameterIsNullNPE' '(Ljava/lang/String;)V' in 'kotlin/jvm/internal/Intrinsics')}
  0x000002c14809632c: 48ba e8f4 | 1a0b c102 | 0000 4883 | 8210 0100 

  0x000002c14809633c: ;   {oop("firResolveSession"{0x00000000950904e8})}
  0x000002c14809633c: 0001 48ba | e804 0995 | 0000 0000 | 4889 8424 | 0802 0000 | 0f1f 8000 

  0x000002c148096354: ;   {static_call}
  0x000002c148096354: 0000 00e8 

  0x000002c148096358: ; ImmutableOopMap {[472]=Oop [480]=Oop [248]=Oop [512]=Oop [520]=Oop }
                      ;*invokestatic createParameterIsNullExceptionMessage {reexecute=0 rethrow=0 return_oop=0}
                      ; - kotlin.jvm.internal.Intrinsics::throwParameterIsNullNPE@5 (line 140)
                      ; - kotlin.jvm.internal.Intrinsics::checkNotNullParameter@5 (line 131)
                      ; - org.jetbrains.kotlin.analysis.low.level.api.fir.api.LowLevelFirApiFacadeKt::getOrBuildFir@9
                      ; - org.jetbrains.kotlin.analysis.api.fir.components.KaFirResolver::doResolveCall@591 (line 1747)
  0x000002c148096358: 24b6 e100 | 4c8b 8424 | 0802 0000 

  0x000002c148096364: ;   {metadata(method data for {method} {0x000002c10ae0b918} 'throwParameterIsNullNPE' '(Ljava/lang/String;)V' in 'kotlin/jvm/internal/Intrinsics')}
  0x000002c148096364: 48ba e8f4 | 1a0b c102 | 0000 4883 | 8220 0100 | 0001 4c8b | c048 8b94 | 2408 0200 | 0066 0f1f 
  0x000002c148096384: ;   {optimized virtual_call}
  0x000002c148096384: 4400 00e8 

  0x000002c148096388: ; ImmutableOopMap {[472]=Oop [480]=Oop [248]=Oop [512]=Oop [520]=Oop }
                      ;*invokespecial <init> {reexecute=0 rethrow=0 return_oop=0}
                      ; - kotlin.jvm.internal.Intrinsics::throwParameterIsNullNPE@8 (line 140)
                      ; - kotlin.jvm.internal.Intrinsics::checkNotNullParameter@5 (line 131)
                      ; - org.jetbrains.kotlin.analysis.low.level.api.fir.api.LowLevelFirApiFacadeKt::getOrBuildFir@9
                      ; - org.jetbrains.kotlin.analysis.api.fir.components.KaFirResolver::doResolveCall@591 (line 1747)
  0x000002c148096388: f4af e100 

  0x000002c14809638c: ;   {metadata(method data for {method} {0x000002c10ae0b918} 'throwParameterIsNullNPE' '(Ljava/lang/String;)V' in 'kotlin/jvm/internal/Intrinsics')}
  0x000002c14809638c: 48ba e8f4 | 1a0b c102 | 0000 4883 | 8230 0100 

  0x000002c14809639c: ;   {metadata(method data for {method} {0x000002c10ae1c908} 'sanitizeStackTrace' '(Ljava/lang/Throwable;)Ljava/lang/Throwable;' in 'kotlin/jvm/internal/Intrinsics')}
  0x000002c14809639c: 0001 48ba | c8fb 1a0b | c102 0000 | 8bb2 cc00 | 0000 83c6 | 0289 b2cc | 0000 0081 | e6fe ff1f 
  0x000002c1480963bc: 0083 fe00 | 0f84 9727 

  0x000002c1480963c4: ;   {oop(a 'java/lang/Class'{0x000000009bbaf400} = 'kotlin/jvm/internal/Intrinsics')}
  0x000002c1480963c4: 0000 48ba | 00f4 ba9b | 0000 0000 

  0x000002c1480963d0: ;   {metadata(method data for {method} {0x000002c10ae1c908} 'sanitizeStackTrace' '(Ljava/lang/Throwable;)Ljava/lang/Throwable;' in 'kotlin/jvm/internal/Intrinsics')}
  0x000002c1480963d0: 488b f248 | bfc8 fb1a | 0bc1 0200 | 0048 8387 | 1001 0000 

  0x000002c1480963e4: ;   {metadata(method data for {method} {0x000002c15943def0} 'getName' '()Ljava/lang/String;' in 'java/lang/Class')}
  0x000002c1480963e4: 0148 be18 | d505 74c1 | 0200 008b | becc 0000 | 0083 c702 | 89be cc00 | 0000 81e7 | feff 1f00 
  0x000002c148096404: 83ff 000f | 8471 2700 | 008b 522c | 4883 fa00 

  0x000002c148096414: ;   {metadata(method data for {method} {0x000002c15943def0} 'getName' '()Ljava/lang/String;' in 'java/lang/Class')}
  0x000002c148096414: 48be 18d5 | 0574 c102 | 0000 48c7 | c710 0100 | 000f 8407 | 0000 0048 | c7c7 2001 | 0000 488b 
  0x000002c148096434: 1c3e 488d | 5b01 4889 | 1c3e 0f84 | 1800 0000 

  0x000002c148096444: ;   {metadata(method data for {method} {0x000002c15943def0} 'getName' '()Ljava/lang/String;' in 'java/lang/Class')}
  0x000002c148096444: 48be 18d5 | 0574 c102 | 0000 ff86 | 3001 0000 | 488b f2e9 | 2b00 0000 

  0x000002c14809645c: ;   {oop(a 'java/lang/Class'{0x000000009bbaf400} = 'kotlin/jvm/internal/Intrinsics')}
  0x000002c14809645c: 48ba 00f4 | ba9b 0000 | 0000 488b 

  0x000002c148096468: ;   {metadata(method data for {method} {0x000002c15943def0} 'getName' '()Ljava/lang/String;' in 'java/lang/Class')}
  0x000002c148096468: f248 bf18 | d505 74c1 | 0200 0048 | 8387 4801 | 0000 010f 

  0x000002c14809647c: ;   {optimized virtual_call}
  0x000002c14809647c: 1f40 00e8 

  0x000002c148096480: ; ImmutableOopMap {[472]=Oop [480]=Oop [248]=Oop [512]=Oop [520]=Oop }
                      ;*invokevirtual initClassName {reexecute=0 rethrow=0 return_oop=0}
                      ; - java.lang.Class::getName@14 (line 863)
                      ; - kotlin.jvm.internal.Intrinsics::sanitizeStackTrace@3 (line 253)
                      ; - kotlin.jvm.internal.Intrinsics::throwParameterIsNullNPE@11 (line 140)
                      ; - kotlin.jvm.internal.Intrinsics::checkNotNullParameter@5 (line 131)
                      ; - org.jetbrains.kotlin.analysis.low.level.api.fir.api.LowLevelFirApiFacadeKt::getOrBuildFir@9
                      ; - org.jetbrains.kotlin.analysis.api.fir.components.KaFirResolver::doResolveCall@591 (line 1747)
  0x000002c148096480: fcae e100 | 488b f048 | 8b84 2408 | 0200 00e9 | c90e 0000 | 4c8b 8424 | f800 0000 

  0x000002c14809649c: ; implicit exception: dispatches to 0x000002c148098ba4
  0x000002c14809649c: 483b 0348 

  0x000002c1480964a0: ;   {metadata(method data for {method} {0x000002c1191cc248} 'getOrBuildFir' '(Lorg/jetbrains/kotlin/psi/KtElement;Lorg/jetbrains/kotlin/analysis/low/level/api/fir/api/LLFirResolveSession;)Lorg/jetbrains/kotlin/fir/FirElement;' in 'org/jetbrains/kotlin/analysis/low/level/api/fir/api/LowLevelFirApiFacadeKt')}
  0x000002c1480964a0: 8bd3 48be | f0ca 9d1c | c102 0000 | 4883 8630 | 0100 0001 

  0x000002c1480964b4: ;   {metadata(method data for {method} {0x000002c1191eac30} 'getOrBuildFirFor$low_level_api_fir' '(Lorg/jetbrains/kotlin/psi/KtElement;)Lorg/jetbrains/kotlin/fir/FirElement;' in 'org/jetbrains/kotlin/analysis/low/level/api/fir/state/LLFirResolvableResolveSession')}
  0x000002c1480964b4: 48ba a0cc | 9d1c c102 | 0000 8bb2 | cc00 0000 | 83c6 0289 | b2cc 0000 | 0081 e6fe | ff1f 0083 
  0x000002c1480964d4: fe00 0f84 | cd26 0000 

  0x000002c1480964dc: ;   {metadata(method data for {method} {0x000002c1191eac30} 'getOrBuildFirFor$low_level_api_fir' '(Lorg/jetbrains/kotlin/psi/KtElement;)Lorg/jetbrains/kotlin/fir/FirElement;' in 'org/jetbrains/kotlin/analysis/low/level/api/fir/state/LLFirResolvableResolveSession')}
  0x000002c1480964dc: 48ba a0cc | 9d1c c102 | 0000 4883 | 8210 0100 

  0x000002c1480964ec: ;   {metadata(method data for {method} {0x000002c10ae0b7a8} 'checkNotNullParameter' '(Ljava/lang/Object;Ljava/lang/String;)V' in 'kotlin/jvm/internal/Intrinsics')}
  0x000002c1480964ec: 0001 48ba | 60f3 1a0b | c102 0000 | 8bb2 cc00 | 0000 83c6 | 0289 b2cc | 0000 0081 | e6fe ff1f 
  0x000002c14809650c: 0083 fe00 | 0f84 b426 | 0000 4983 

  0x000002c148096518: ;   {metadata(method data for {method} {0x000002c10ae0b7a8} 'checkNotNullParameter' '(Ljava/lang/Object;Ljava/lang/String;)V' in 'kotlin/jvm/internal/Intrinsics')}
  0x000002c148096518: f800 48ba | 60f3 1a0b | c102 0000 | 48c7 c610 | 0100 000f | 8507 0000 | 0048 c7c6 | 2001 0000 
  0x000002c148096538: 488b 3c32 | 488d 7f01 | 4889 3c32 | 0f85 0202 

  0x000002c148096548: ;   {metadata(method data for {method} {0x000002c10ae0b7a8} 'checkNotNullParameter' '(Ljava/lang/Object;Ljava/lang/String;)V' in 'kotlin/jvm/internal/Intrinsics')}
  0x000002c148096548: 0000 48ba | 60f3 1a0b | c102 0000 | 4883 8230 | 0100 0001 

  0x000002c14809655c: ;   {metadata(method data for {method} {0x000002c10ae0b918} 'throwParameterIsNullNPE' '(Ljava/lang/String;)V' in 'kotlin/jvm/internal/Intrinsics')}
  0x000002c14809655c: 48ba e8f4 | 1a0b c102 | 0000 8bb2 | cc00 0000 | 83c6 0289 | b2cc 0000 | 0081 e6fe | ff1f 0083 
  0x000002c14809657c: fe00 0f84 | 6726 0000 | 0f1f 4000 

  0x000002c148096588: ;   {no_reloc}
  0x000002c148096588: e98e 2600 | 0000 0000 | 0000 498b | 8708 0100 | 0048 8d78 | 3049 3bbf | 1801 0000 | 0f87 7b26 
  0x000002c1480965a8: 0000 4989 | bf08 0100 | 0048 c700 | 0100 0000 | 488b ca49 | ba00 0000 | 59c1 0200 | 0049 2bca 
  0x000002c1480965c8: 8948 0848 | 33c9 8948 | 0c48 33c9 | 4889 4810 | 4889 4818 | 4889 4820 | 4889 4828 

  0x000002c1480965e4: ;   {metadata(method data for {method} {0x000002c10ae0b918} 'throwParameterIsNullNPE' '(Ljava/lang/String;)V' in 'kotlin/jvm/internal/Intrinsics')}
  0x000002c1480965e4: 48ba e8f4 | 1a0b c102 | 0000 4883 | 8210 0100 

  0x000002c1480965f4: ;   {oop("element"{0x0000000081677570})}
  0x000002c1480965f4: 0001 48ba | 7075 6781 | 0000 0000 | 4889 8424 | 1002 0000 | 0f1f 8000 

  0x000002c14809660c: ;   {static_call}
  0x000002c14809660c: 0000 00e8 

  0x000002c148096610: ; ImmutableOopMap {[472]=Oop [480]=Oop [512]=Oop [528]=Oop [248]=Oop }
                      ;*invokestatic createParameterIsNullExceptionMessage {reexecute=0 rethrow=0 return_oop=0}
                      ; - kotlin.jvm.internal.Intrinsics::throwParameterIsNullNPE@5 (line 140)
                      ; - kotlin.jvm.internal.Intrinsics::checkNotNullParameter@5 (line 131)
                      ; - org.jetbrains.kotlin.analysis.low.level.api.fir.state.LLFirResolvableResolveSession::getOrBuildFirFor$low_level_api_fir@3
                      ; - org.jetbrains.kotlin.analysis.low.level.api.fir.api.LowLevelFirApiFacadeKt::getOrBuildFir@14 (line 108)
                      ; - org.jetbrains.kotlin.analysis.api.fir.components.KaFirResolver::doResolveCall@591 (line 1747)
  0x000002c148096610: 6cb3 e100 | 4c8b 8424 | 1002 0000 

  0x000002c14809661c: ;   {metadata(method data for {method} {0x000002c10ae0b918} 'throwParameterIsNullNPE' '(Ljava/lang/String;)V' in 'kotlin/jvm/internal/Intrinsics')}
  0x000002c14809661c: 48ba e8f4 | 1a0b c102 | 0000 4883 | 8220 0100 | 0001 4c8b | c048 8b94 | 2410 0200 | 0066 0f1f 
  0x000002c14809663c: ;   {optimized virtual_call}
  0x000002c14809663c: 4400 00e8 

  0x000002c148096640: ; ImmutableOopMap {[472]=Oop [480]=Oop [512]=Oop [528]=Oop [248]=Oop }
                      ;*invokespecial <init> {reexecute=0 rethrow=0 return_oop=0}
                      ; - kotlin.jvm.internal.Intrinsics::throwParameterIsNullNPE@8 (line 140)
                      ; - kotlin.jvm.internal.Intrinsics::checkNotNullParameter@5 (line 131)
                      ; - org.jetbrains.kotlin.analysis.low.level.api.fir.state.LLFirResolvableResolveSession::getOrBuildFirFor$low_level_api_fir@3
                      ; - org.jetbrains.kotlin.analysis.low.level.api.fir.api.LowLevelFirApiFacadeKt::getOrBuildFir@14 (line 108)
                      ; - org.jetbrains.kotlin.analysis.api.fir.components.KaFirResolver::doResolveCall@591 (line 1747)
  0x000002c148096640: 3cad e100 

  0x000002c148096644: ;   {metadata(method data for {method} {0x000002c10ae0b918} 'throwParameterIsNullNPE' '(Ljava/lang/String;)V' in 'kotlin/jvm/internal/Intrinsics')}
  0x000002c148096644: 48ba e8f4 | 1a0b c102 | 0000 4883 | 8230 0100 

  0x000002c148096654: ;   {metadata(method data for {method} {0x000002c10ae1c908} 'sanitizeStackTrace' '(Ljava/lang/Throwable;)Ljava/lang/Throwable;' in 'kotlin/jvm/internal/Intrinsics')}
  0x000002c148096654: 0001 48ba | c8fb 1a0b | c102 0000 | 8bb2 cc00 | 0000 83c6 | 0289 b2cc | 0000 0081 | e6fe ff1f 
  0x000002c148096674: 0083 fe00 | 0f84 b425 

  0x000002c14809667c: ;   {oop(a 'java/lang/Class'{0x000000009bbaf400} = 'kotlin/jvm/internal/Intrinsics')}
  0x000002c14809667c: 0000 48ba | 00f4 ba9b | 0000 0000 

  0x000002c148096688: ;   {metadata(method data for {method} {0x000002c10ae1c908} 'sanitizeStackTrace' '(Ljava/lang/Throwable;)Ljava/lang/Throwable;' in 'kotlin/jvm/internal/Intrinsics')}
  0x000002c148096688: 488b f248 | bfc8 fb1a | 0bc1 0200 | 0048 8387 | 1001 0000 

  0x000002c14809669c: ;   {metadata(method data for {method} {0x000002c15943def0} 'getName' '()Ljava/lang/String;' in 'java/lang/Class')}
  0x000002c14809669c: 0148 be18 | d505 74c1 | 0200 008b | becc 0000 | 0083 c702 | 89be cc00 | 0000 81e7 | feff 1f00 
  0x000002c1480966bc: 83ff 000f | 848e 2500 | 008b 522c | 4883 fa00 

  0x000002c1480966cc: ;   {metadata(method data for {method} {0x000002c15943def0} 'getName' '()Ljava/lang/String;' in 'java/lang/Class')}
  0x000002c1480966cc: 48be 18d5 | 0574 c102 | 0000 48c7 | c710 0100 | 000f 8407 | 0000 0048 | c7c7 2001 | 0000 488b 
  0x000002c1480966ec: 1c3e 488d | 5b01 4889 | 1c3e 0f84 | 1800 0000 

  0x000002c1480966fc: ;   {metadata(method data for {method} {0x000002c15943def0} 'getName' '()Ljava/lang/String;' in 'java/lang/Class')}
  0x000002c1480966fc: 48be 18d5 | 0574 c102 | 0000 ff86 | 3001 0000 | 488b f2e9 | 2b00 0000 

  0x000002c148096714: ;   {oop(a 'java/lang/Class'{0x000000009bbaf400} = 'kotlin/jvm/internal/Intrinsics')}
  0x000002c148096714: 48ba 00f4 | ba9b 0000 | 0000 488b 

  0x000002c148096720: ;   {metadata(method data for {method} {0x000002c15943def0} 'getName' '()Ljava/lang/String;' in 'java/lang/Class')}
  0x000002c148096720: f248 bf18 | d505 74c1 | 0200 0048 | 8387 4801 | 0000 010f 

  0x000002c148096734: ;   {optimized virtual_call}
  0x000002c148096734: 1f40 00e8 

  0x000002c148096738: ; ImmutableOopMap {[472]=Oop [480]=Oop [512]=Oop [528]=Oop [248]=Oop }
                      ;*invokevirtual initClassName {reexecute=0 rethrow=0 return_oop=0}
                      ; - java.lang.Class::getName@14 (line 863)
                      ; - kotlin.jvm.internal.Intrinsics::sanitizeStackTrace@3 (line 253)
                      ; - kotlin.jvm.internal.Intrinsics::throwParameterIsNullNPE@11 (line 140)
                      ; - kotlin.jvm.internal.Intrinsics::checkNotNullParameter@5 (line 131)
                      ; - org.jetbrains.kotlin.analysis.low.level.api.fir.state.LLFirResolvableResolveSession::getOrBuildFirFor$low_level_api_fir@3
                      ; - org.jetbrains.kotlin.analysis.low.level.api.fir.api.LowLevelFirApiFacadeKt::getOrBuildFir@14 (line 108)
                      ; - org.jetbrains.kotlin.analysis.api.fir.components.KaFirResolver::doResolveCall@591 (line 1747)
  0x000002c148096738: 44ac e100 | 488b f048 | 8b84 2410 | 0200 00e9 | f90a 0000 

  0x000002c14809674c: ;   {metadata(method data for {method} {0x000002c1191eac30} 'getOrBuildFirFor$low_level_api_fir' '(Lorg/jetbrains/kotlin/psi/KtElement;)Lorg/jetbrains/kotlin/fir/FirElement;' in 'org/jetbrains/kotlin/analysis/low/level/api/fir/state/LLFirResolvableResolveSession')}
  0x000002c14809674c: 488b d348 | bea0 cc9d | 1cc1 0200 | 0048 8386 | 2001 0000 

  0x000002c148096760: ;   {metadata(method data for {method} {0x000002c1191eadd0} 'getModuleComponentsForElement' '(Lorg/jetbrains/kotlin/psi/KtElement;)Lorg/jetbrains/kotlin/analysis/low/level/api/fir/LLFirModuleResolveComponents;' in 'org/jetbrains/kotlin/analysis/low/level/api/fir/state/LLFirResolvableResolveSession')}
  0x000002c148096760: 0148 ba88 | ce9d 1cc1 | 0200 008b | b2cc 0000 | 0083 c602 | 89b2 cc00 | 0000 81e6 | feff 1f00 
  0x000002c148096780: 83fe 000f | 84f0 2400 | 0049 83f8 

  0x000002c14809678c: ;   {metadata(method data for {method} {0x000002c1191eadd0} 'getModuleComponentsForElement' '(Lorg/jetbrains/kotlin/psi/KtElement;)Lorg/jetbrains/kotlin/analysis/low/level/api/fir/LLFirModuleResolveComponents;' in 'org/jetbrains/kotlin/analysis/low/level/api/fir/state/LLFirResolvableResolveSession')}
  0x000002c14809678c: 0075 1648 | bf88 ce9d | 1cc1 0200 | 0080 8f41 | 0100 0001 | e9f0 0000 

  0x000002c1480967a4: ;   {metadata('com/intellij/psi/PsiElement')}
  0x000002c1480967a4: 0048 b810 | 7a8f 5bc1 | 0200 0041 | 8b78 0849 | ba00 0000 | 59c1 0200 | 0049 03fa | 483b 4720 
  0x000002c1480967c4: 0f84 1b00 | 0000 483b | f80f 8412 | 0000 0057 

  0x000002c1480967d4: ;   {runtime_call slow_subtype_check Runtime1 stub}
  0x000002c1480967d4: 50e8 a62f | ec00 5f5f | 83ff 000f | 8494 0000 

  0x000002c1480967e4: ;   {metadata(method data for {method} {0x000002c1191eadd0} 'getModuleComponentsForElement' '(Lorg/jetbrains/kotlin/psi/KtElement;)Lorg/jetbrains/kotlin/analysis/low/level/api/fir/LLFirModuleResolveComponents;' in 'org/jetbrains/kotlin/analysis/low/level/api/fir/state/LLFirResolvableResolveSession')}
  0x000002c1480967e4: 0048 bf88 | ce9d 1cc1 | 0200 0041 | 8b40 0849 | ba00 0000 | 59c1 0200 | 0049 03c2 | 483b 8758 
  0x000002c148096804: 0100 0075 | 0d48 8387 | 6001 0000 | 01e9 7f00 | 0000 483b | 8768 0100 | 0075 0d48 | 8387 7001 
  0x000002c148096824: 0000 01e9 | 6900 0000 | 4881 bf58 | 0100 0000 | 0000 0075 | 1748 8987 | 5801 0000 | 48c7 8760 
  0x000002c148096844: 0100 0001 | 0000 00e9 | 4500 0000 | 4881 bf68 | 0100 0000 | 0000 0075 | 1748 8987 | 6801 0000 
  0x000002c148096864: 48c7 8770 | 0100 0001 | 0000 00e9 | 2100 0000 | e91c 0000 

  0x000002c148096878: ;   {metadata(method data for {method} {0x000002c1191eadd0} 'getModuleComponentsForElement' '(Lorg/jetbrains/kotlin/psi/KtElement;)Lorg/jetbrains/kotlin/analysis/low/level/api/fir/LLFirModuleResolveComponents;' in 'org/jetbrains/kotlin/analysis/low/level/api/fir/state/LLFirResolvableResolveSession')}
  0x000002c148096878: 0048 bf88 | ce9d 1cc1 | 0200 0048 | 83af 4801 | 0000 01e9 | 0a24 0000 | e900 0000 | 0049 8bf0 
  0x000002c148096898: ;   {metadata(method data for {method} {0x000002c1191eadd0} 'getModuleComponentsForElement' '(Lorg/jetbrains/kotlin/psi/KtElement;)Lorg/jetbrains/kotlin/analysis/low/level/api/fir/LLFirModuleResolveComponents;' in 'org/jetbrains/kotlin/analysis/low/level/api/fir/state/LLFirResolvableResolveSession')}
  0x000002c148096898: 48ba 88ce | 9d1c c102 | 0000 4883 | 8280 0100 | 0001 488b | d34c 8bc6 | 0f1f 8000 

  0x000002c1480968b4: ;   {static_call}
  0x000002c1480968b4: 0000 00e8 

  0x000002c1480968b8: ; ImmutableOopMap {[472]=Oop [480]=Oop [248]=Oop [512]=Oop }
                      ;*invokestatic getModule {reexecute=0 rethrow=0 return_oop=0}
                      ; - org.jetbrains.kotlin.analysis.low.level.api.fir.state.LLFirResolvableResolveSession::getModuleComponentsForElement@8 (line 57)
                      ; - org.jetbrains.kotlin.analysis.low.level.api.fir.state.LLFirResolvableResolveSession::getOrBuildFirFor$low_level_api_fir@8 (line 47)
                      ; - org.jetbrains.kotlin.analysis.low.level.api.fir.api.LowLevelFirApiFacadeKt::getOrBuildFir@14 (line 108)
                      ; - org.jetbrains.kotlin.analysis.api.fir.components.KaFirResolver::doResolveCall@591 (line 1747)
  0x000002c1480968b8: c4b0 e100 | 488b 9c24 | 0002 0000 

  0x000002c1480968c4: ;   {metadata(method data for {method} {0x000002c1191eadd0} 'getModuleComponentsForElement' '(Lorg/jetbrains/kotlin/psi/KtElement;)Lorg/jetbrains/kotlin/analysis/low/level/api/fir/LLFirModuleResolveComponents;' in 'org/jetbrains/kotlin/analysis/low/level/api/fir/state/LLFirResolvableResolveSession')}
  0x000002c1480968c4: 49b8 88ce | 9d1c c102 | 0000 4983 | 8090 0100 | 0001 488b | 9c24 0002 | 0000 8b5b | 1448 3b03 
  0x000002c1480968e4: ;   {metadata(method data for {method} {0x000002c1191eadd0} 'getModuleComponentsForElement' '(Lorg/jetbrains/kotlin/psi/KtElement;)Lorg/jetbrains/kotlin/analysis/low/level/api/fir/LLFirModuleResolveComponents;' in 'org/jetbrains/kotlin/analysis/low/level/api/fir/state/LLFirResolvableResolveSession')}
  0x000002c1480968e4: 4c8b c349 | b988 ce9d | 1cc1 0200 | 0049 8381 | c801 0000 

  0x000002c1480968f8: ;   {metadata(method data for {method} {0x000002c1191debe0} 'getResolvableSession' '(Lorg/jetbrains/kotlin/analysis/api/projectStructure/KaModule;)Lorg/jetbrains/kotlin/analysis/low/level/api/fir/sessions/LLFirResolvableModuleSession;' in 'org/jetbrains/kotlin/analysis/low/level/api/fir/state/LLSessionProvider')}
  0x000002c1480968f8: 0149 b808 | d19d 1cc1 | 0200 0045 | 8b88 cc00 | 0000 4183 | c102 4589 | 88cc 0000 | 0041 81e1 
  0x000002c148096918: feff 1f00 | 4183 f900 | 0f84 8223 

  0x000002c148096924: ;   {metadata(method data for {method} {0x000002c1191debe0} 'getResolvableSession' '(Lorg/jetbrains/kotlin/analysis/api/projectStructure/KaModule;)Lorg/jetbrains/kotlin/analysis/low/level/api/fir/sessions/LLFirResolvableModuleSession;' in 'org/jetbrains/kotlin/analysis/low/level/api/fir/state/LLSessionProvider')}
  0x000002c148096924: 0000 49b8 | 08d1 9d1c | c102 0000 | 4983 8010 | 0100 0001 

  0x000002c148096938: ;   {metadata(method data for {method} {0x000002c10ae0b7a8} 'checkNotNullParameter' '(Ljava/lang/Object;Ljava/lang/String;)V' in 'kotlin/jvm/internal/Intrinsics')}
  0x000002c148096938: 49b8 60f3 | 1a0b c102 | 0000 458b | 88cc 0000 | 0041 83c1 | 0245 8988 | cc00 0000 | 4181 e1fe 
  0x000002c148096958: ff1f 0041 | 83f9 000f | 8464 2300 | 0048 83f8 

  0x000002c148096968: ;   {metadata(method data for {method} {0x000002c10ae0b7a8} 'checkNotNullParameter' '(Ljava/lang/Object;Ljava/lang/String;)V' in 'kotlin/jvm/internal/Intrinsics')}
  0x000002c148096968: 0049 b860 | f31a 0bc1 | 0200 0049 | c7c1 2001 | 0000 0f84 | 0700 0000 | 49c7 c110 | 0100 004b 
  0x000002c148096988: 8b14 0848 | 8d52 014b | 8914 080f | 8422 0600 | 004c 8bc3 

  0x000002c14809699c: ;   {metadata(method data for {method} {0x000002c1191debe0} 'getResolvableSession' '(Lorg/jetbrains/kotlin/analysis/api/projectStructure/KaModule;)Lorg/jetbrains/kotlin/analysis/low/level/api/fir/sessions/LLFirResolvableModuleSession;' in 'org/jetbrains/kotlin/analysis/low/level/api/fir/state/LLSessionProvider')}
  0x000002c14809699c: 49b9 08d1 | 9d1c c102 | 0000 4983 | 8120 0100 | 0001 4c8b | c041 b900 | 0000 0048 | 8bd3 0f1f 
  0x000002c1480969bc: ;   {optimized virtual_call}
  0x000002c1480969bc: 4400 00e8 

  0x000002c1480969c0: ; ImmutableOopMap {[472]=Oop [480]=Oop [248]=Oop }
                      ;*invokespecial getSession {reexecute=0 rethrow=0 return_oop=0}
                      ; - org.jetbrains.kotlin.analysis.low.level.api.fir.state.LLSessionProvider::getResolvableSession@9 (line 40)
                      ; - org.jetbrains.kotlin.analysis.low.level.api.fir.state.LLFirResolvableResolveSession::getModuleComponentsForElement@17 (line 58)
                      ; - org.jetbrains.kotlin.analysis.low.level.api.fir.state.LLFirResolvableResolveSession::getOrBuildFirFor$low_level_api_fir@8 (line 47)
                      ; - org.jetbrains.kotlin.analysis.low.level.api.fir.api.LowLevelFirApiFacadeKt::getOrBuildFir@14 (line 108)
                      ; - org.jetbrains.kotlin.analysis.api.fir.components.KaFirResolver::doResolveCall@591 (line 1747)
  0x000002c1480969c0: bca9 e100 

  0x000002c1480969c4: ;   {metadata(method data for {method} {0x000002c1191debe0} 'getResolvableSession' '(Lorg/jetbrains/kotlin/analysis/api/projectStructure/KaModule;)Lorg/jetbrains/kotlin/analysis/low/level/api/fir/sessions/LLFirResolvableModuleSession;' in 'org/jetbrains/kotlin/analysis/low/level/api/fir/state/LLSessionProvider')}
  0x000002c1480969c4: 49b8 08d1 | 9d1c c102 | 0000 4983 | 8030 0100 

  0x000002c1480969d4: ;   {metadata(method data for {method} {0x000002c10ae0a8d0} 'checkNotNull' '(Ljava/lang/Object;Ljava/lang/String;)V' in 'kotlin/jvm/internal/Intrinsics')}
  0x000002c1480969d4: 0001 49b8 | 303d dc17 | c102 0000 | 418b 90cc | 0000 0083 | c202 4189 | 90cc 0000 | 0081 e2fe 
  0x000002c1480969f4: ff1f 0083 | fa00 0f84 | ea22 0000 | 4883 f800 

  0x000002c148096a04: ;   {metadata(method data for {method} {0x000002c10ae0a8d0} 'checkNotNull' '(Ljava/lang/Object;Ljava/lang/String;)V' in 'kotlin/jvm/internal/Intrinsics')}
  0x000002c148096a04: 49b8 303d | dc17 c102 | 0000 48c7 | c220 0100 | 000f 8407 | 0000 0048 | c7c2 1001 | 0000 498b 
  0x000002c148096a24: 3410 488d | 7601 4989 | 3410 0f84 | 3503 0000 | 4883 f800 

  0x000002c148096a38: ;   {metadata(method data for {method} {0x000002c1191debe0} 'getResolvableSession' '(Lorg/jetbrains/kotlin/analysis/api/projectStructure/KaModule;)Lorg/jetbrains/kotlin/analysis/low/level/api/fir/sessions/LLFirResolvableModuleSession;' in 'org/jetbrains/kotlin/analysis/low/level/api/fir/state/LLSessionProvider')}
  0x000002c148096a38: 7516 48be | 08d1 9d1c | c102 0000 | 808e 3901 | 0000 01e9 | d300 0000 

  0x000002c148096a50: ;   {metadata('org/jetbrains/kotlin/analysis/low/level/api/fir/sessions/LLFirResolvableModuleSession')}
  0x000002c148096a50: 48bf 809d | 225c c102 | 0000 8b70 | 0849 ba00 | 0000 59c1 | 0200 0049 | 03f2 483b | 7e60 0f85 
  0x000002c148096a70: 9300 0000 

  0x000002c148096a74: ;   {metadata(method data for {method} {0x000002c1191debe0} 'getResolvableSession' '(Lorg/jetbrains/kotlin/analysis/api/projectStructure/KaModule;)Lorg/jetbrains/kotlin/analysis/low/level/api/fir/sessions/LLFirResolvableModuleSession;' in 'org/jetbrains/kotlin/analysis/low/level/api/fir/state/LLSessionProvider')}
  0x000002c148096a74: 48be 08d1 | 9d1c c102 | 0000 8b78 | 0849 ba00 | 0000 59c1 | 0200 0049 | 03fa 483b | be50 0100 
  0x000002c148096a94: 0075 0d48 | 8386 5801 | 0000 01e9 | 7f00 0000 | 483b be60 | 0100 0075 | 0d48 8386 | 6801 0000 
  0x000002c148096ab4: 01e9 6900 | 0000 4881 | be50 0100 | 0000 0000 | 0075 1748 | 89be 5001 | 0000 48c7 | 8658 0100 
  0x000002c148096ad4: 0001 0000 | 00e9 4500 | 0000 4881 | be60 0100 | 0000 0000 | 0075 1748 | 89be 6001 | 0000 48c7 
  0x000002c148096af4: 8668 0100 | 0001 0000 | 00e9 2100 | 0000 e91c 

  0x000002c148096b04: ;   {metadata(method data for {method} {0x000002c1191debe0} 'getResolvableSession' '(Lorg/jetbrains/kotlin/analysis/api/projectStructure/KaModule;)Lorg/jetbrains/kotlin/analysis/low/level/api/fir/sessions/LLFirResolvableModuleSession;' in 'org/jetbrains/kotlin/analysis/low/level/api/fir/state/LLSessionProvider')}
  0x000002c148096b04: 0000 0048 | be08 d19d | 1cc1 0200 | 0048 83ae | 4001 0000 | 01e9 ed21 | 0000 e900 | 0000 004c 
  0x000002c148096b24: 8bc0 493b | 0049 8bd0 

  0x000002c148096b2c: ;   {metadata(method data for {method} {0x000002c1191eadd0} 'getModuleComponentsForElement' '(Lorg/jetbrains/kotlin/psi/KtElement;)Lorg/jetbrains/kotlin/analysis/low/level/api/fir/LLFirModuleResolveComponents;' in 'org/jetbrains/kotlin/analysis/low/level/api/fir/state/LLFirResolvableResolveSession')}
  0x000002c148096b2c: 48be 88ce | 9d1c c102 | 0000 4883 | 8600 0200 | 0001 458b | 4030 493b | 0049 8bd0 

  0x000002c148096b48: ;   {metadata(method data for {method} {0x000002c1191eac30} 'getOrBuildFirFor$low_level_api_fir' '(Lorg/jetbrains/kotlin/psi/KtElement;)Lorg/jetbrains/kotlin/fir/FirElement;' in 'org/jetbrains/kotlin/analysis/low/level/api/fir/state/LLFirResolvableResolveSession')}
  0x000002c148096b48: 48be a0cc | 9d1c c102 | 0000 4883 | 8630 0100 | 0001 418b | 502c 483b | 024c 8bc2 

  0x000002c148096b64: ;   {metadata(method data for {method} {0x000002c1191eac30} 'getOrBuildFirFor$low_level_api_fir' '(Lorg/jetbrains/kotlin/psi/KtElement;)Lorg/jetbrains/kotlin/fir/FirElement;' in 'org/jetbrains/kotlin/analysis/low/level/api/fir/state/LLFirResolvableResolveSession')}
  0x000002c148096b64: 48be a0cc | 9d1c c102 | 0000 4883 | 8668 0100 | 0001 4c8b | 8424 f800 

  0x000002c148096b7c: ;   {optimized virtual_call}
  0x000002c148096b7c: 0000 90e8 

  0x000002c148096b80: ; ImmutableOopMap {[472]=Oop [480]=Oop }
                      ;*invokevirtual getOrBuildFirFor {reexecute=0 rethrow=0 return_oop=0}
                      ; - org.jetbrains.kotlin.analysis.low.level.api.fir.state.LLFirResolvableResolveSession::getOrBuildFirFor$low_level_api_fir@17 (line 48)
                      ; - org.jetbrains.kotlin.analysis.low.level.api.fir.api.LowLevelFirApiFacadeKt::getOrBuildFir@14 (line 108)
                      ; - org.jetbrains.kotlin.analysis.api.fir.components.KaFirResolver::doResolveCall@591 (line 1747)
  0x000002c148096b80: fca7 e100 | 4883 f800 

  0x000002c148096b88: ;   {metadata(method data for {method} {0x000002c119cdcc18} 'doResolveCall' '(Lorg/jetbrains/kotlin/psi/KtElement;)Lorg/jetbrains/kotlin/analysis/api/resolution/KaCallInfo;' in 'org/jetbrains/kotlin/analysis/api/fir/components/KaFirResolver')}
  0x000002c148096b88: 48ba e0b2 | 8b1c c102 | 0000 49c7 | c028 0d00 | 000f 8407 | 0000 0049 | c7c0 380d | 0000 4e8b 
  0x000002c148096ba8: 0c02 4d8d | 4901 4e89 | 0c02 0f84 | 2c00 0000 | 488b 9424 | e001 0000 

  0x000002c148096bc0: ;   {oop("fir"{0x0000000094d913b8})}
  0x000002c148096bc0: 49b8 b813 | d994 0000 | 0000 4c8b 

  0x000002c148096bcc: ;   {static_call}
  0x000002c148096bcc: c866 90e8 

  0x000002c148096bd0: ; ImmutableOopMap {[472]=Oop [480]=Oop }
                      ;*invokestatic withFirEntry {reexecute=0 rethrow=0 return_oop=0}
                      ; - org.jetbrains.kotlin.analysis.api.fir.components.KaFirResolver::doResolveCall@610 (line 1747)
  0x000002c148096bd0: acad e100 

  0x000002c148096bd4: ;   {metadata(method data for {method} {0x000002c119cdcc18} 'doResolveCall' '(Lorg/jetbrains/kotlin/psi/KtElement;)Lorg/jetbrains/kotlin/analysis/api/resolution/KaCallInfo;' in 'org/jetbrains/kotlin/analysis/api/fir/components/KaFirResolver')}
  0x000002c148096bd4: 48ba e0b2 | 8b1c c102 | 0000 ff82 | 580d 0000 | 488b 8424 | e001 0000 

  0x000002c148096bec: ;   {metadata(method data for {method} {0x000002c119cdcc18} 'doResolveCall' '(Lorg/jetbrains/kotlin/psi/KtElement;)Lorg/jetbrains/kotlin/analysis/api/resolution/KaCallInfo;' in 'org/jetbrains/kotlin/analysis/api/fir/components/KaFirResolver')}
  0x000002c148096bec: 48ba e0b2 | 8b1c c102 | 0000 8b40 | 0849 ba00 | 0000 59c1 | 0200 0049 | 03c2 483b | 8280 0d00 
  0x000002c148096c0c: 0075 0d48 | 8382 880d | 0000 01e9 | 6600 0000 | 483b 8290 | 0d00 0075 | 0d48 8382 | 980d 0000 
  0x000002c148096c2c: 01e9 5000 | 0000 4881 | ba80 0d00 | 0000 0000 | 0075 1748 | 8982 800d | 0000 48c7 | 8288 0d00 
  0x000002c148096c4c: 0001 0000 | 00e9 2c00 | 0000 4881 | ba90 0d00 | 0000 0000 | 0075 1748 | 8982 900d | 0000 48c7 
  0x000002c148096c6c: 8298 0d00 | 0001 0000 | 00e9 0800 | 0000 4883 | 8270 0d00 | 0001 488b | 9424 e001 | 0000 0f1f 
  0x000002c148096c8c: ;   {optimized virtual_call}
  0x000002c148096c8c: 4400 00e8 

  0x000002c148096c90: ; ImmutableOopMap {[472]=Oop }
                      ;*invokevirtual buildString {reexecute=0 rethrow=0 return_oop=0}
                      ; - org.jetbrains.kotlin.analysis.api.fir.components.KaFirResolver::doResolveCall@626 (line 1745)
  0x000002c148096c90: eca6 e100 | 4c8b 8424 | d801 0000 

  0x000002c148096c9c: ;   {metadata(method data for {method} {0x000002c119cdcc18} 'doResolveCall' '(Lorg/jetbrains/kotlin/psi/KtElement;)Lorg/jetbrains/kotlin/analysis/api/resolution/KaCallInfo;' in 'org/jetbrains/kotlin/analysis/api/fir/components/KaFirResolver')}
  0x000002c148096c9c: 49b9 e0b2 | 8b1c c102 | 0000 458b | 4008 49ba | 0000 0059 | c102 0000 | 4d03 c24d | 3b81 b80d 
  0x000002c148096cbc: 0000 750d | 4983 81c0 | 0d00 0001 | e966 0000 | 004d 3b81 | c80d 0000 | 750d 4983 | 81d0 0d00 
  0x000002c148096cdc: 0001 e950 | 0000 0049 | 81b9 b80d | 0000 0000 | 0000 7517 | 4d89 81b8 | 0d00 0049 | c781 c00d 
  0x000002c148096cfc: 0000 0100 | 0000 e92c | 0000 0049 | 81b9 c80d | 0000 0000 | 0000 7517 | 4d89 81c8 | 0d00 0049 
  0x000002c148096d1c: c781 d00d | 0000 0100 | 0000 e908 | 0000 0049 | 8381 a80d 

  0x000002c148096d30: ;   {oop("info.txt"{0x0000000093a4efb8})}
  0x000002c148096d30: 0000 0149 | b8b8 efa4 | 9300 0000 | 004c 8bc8 | 488b 9424 | d801 0000 | 0f1f 4400 | 0048 b8ff 
  0x000002c148096d50: ffff ffff 

  0x000002c148096d54: ;   {virtual_call}
  0x000002c148096d54: ffff ffe8 

  0x000002c148096d58: ; ImmutableOopMap {[472]=Oop }
                      ;*invokeinterface withAttachment {reexecute=0 rethrow=0 return_oop=0}
                      ; - org.jetbrains.kotlin.analysis.api.fir.components.KaFirResolver::doResolveCall@629 (line 1745)
  0x000002c148096d58: 24a9 e100 | 488b 8424 | d801 0000 | e9e9 2100 | 0048 8984 | 2420 0200 

  0x000002c148096d70: ;   {metadata(method data for {method} {0x000002c10ae0a8d0} 'checkNotNull' '(Ljava/lang/Object;Ljava/lang/String;)V' in 'kotlin/jvm/internal/Intrinsics')}
  0x000002c148096d70: 0048 ba30 | 3ddc 17c1 | 0200 0048 | 8382 3001 

  0x000002c148096d80: ;   {metadata(method data for {method} {0x000002c10ae0ab80} 'throwJavaNpe' '(Ljava/lang/String;)V' in 'kotlin/jvm/internal/Intrinsics')}
  0x000002c148096d80: 0000 0148 | ba00 00dd | 17c1 0200 | 008b b2cc | 0000 0083 | c602 89b2 | cc00 0000 | 81e6 feff 
  0x000002c148096da0: 1f00 83fe | 000f 8478 | 1f00 000f | 1f44 0000 

  0x000002c148096db0: ;   {no_reloc}
  0x000002c148096db0: e99e 1f00 | 0000 0000 | 0000 498b | 8708 0100 | 0048 8d78 | 3049 3bbf | 1801 0000 | 0f87 8b1f 
  0x000002c148096dd0: 0000 4989 | bf08 0100 | 0048 c700 | 0100 0000 | 488b ca49 | ba00 0000 | 59c1 0200 | 0049 2bca 
  0x000002c148096df0: 8948 0848 | 33c9 8948 | 0c48 33c9 | 4889 4810 | 4889 4818 | 4889 4820 | 4889 4828 

  0x000002c148096e0c: ;   {metadata(method data for {method} {0x000002c10ae0ab80} 'throwJavaNpe' '(Ljava/lang/String;)V' in 'kotlin/jvm/internal/Intrinsics')}
  0x000002c148096e0c: 4c8b c048 | ba00 00dd | 17c1 0200 | 0048 8382 | 1001 0000 

  0x000002c148096e20: ;   {oop("null cannot be cast to non-null type org.jetbrains.kotlin.analysis.low.level.api.fir.sessions.LLFirResolvableModuleSession"{0x0000000094cf1f10})}
  0x000002c148096e20: 0149 b810 | 1fcf 9400 | 0000 0048 | 8bd0 4889 | 8424 1802 

  0x000002c148096e34: ;   {optimized virtual_call}
  0x000002c148096e34: 0000 90e8 

  0x000002c148096e38: ; ImmutableOopMap {[248]=Oop [480]=Oop [472]=Oop [536]=Oop [544]=Oop }
                      ;*invokespecial <init> {reexecute=0 rethrow=0 return_oop=0}
                      ; - kotlin.jvm.internal.Intrinsics::throwJavaNpe@5 (line 50)
                      ; - kotlin.jvm.internal.Intrinsics::checkNotNull@5 (line 31)
                      ; - org.jetbrains.kotlin.analysis.low.level.api.fir.state.LLSessionProvider::getResolvableSession@15 (line 40)
                      ; - org.jetbrains.kotlin.analysis.low.level.api.fir.state.LLFirResolvableResolveSession::getModuleComponentsForElement@17 (line 58)
                      ; - org.jetbrains.kotlin.analysis.low.level.api.fir.state.LLFirResolvableResolveSession::getOrBuildFirFor$low_level_api_fir@8 (line 47)
                      ; - org.jetbrains.kotlin.analysis.low.level.api.fir.api.LowLevelFirApiFacadeKt::getOrBuildFir@14 (line 108)
                      ; - org.jetbrains.kotlin.analysis.api.fir.components.KaFirResolver::doResolveCall@591 (line 1747)
  0x000002c148096e38: 44a5 e100 

  0x000002c148096e3c: ;   {metadata(method data for {method} {0x000002c10ae0ab80} 'throwJavaNpe' '(Ljava/lang/String;)V' in 'kotlin/jvm/internal/Intrinsics')}
  0x000002c148096e3c: 48ba 0000 | dd17 c102 | 0000 4883 | 8220 0100 

  0x000002c148096e4c: ;   {metadata(method data for {method} {0x000002c10ae1c908} 'sanitizeStackTrace' '(Ljava/lang/Throwable;)Ljava/lang/Throwable;' in 'kotlin/jvm/internal/Intrinsics')}
  0x000002c148096e4c: 0001 48ba | c8fb 1a0b | c102 0000 | 8bb2 cc00 | 0000 83c6 | 0289 b2cc | 0000 0081 | e6fe ff1f 
  0x000002c148096e6c: 0083 fe00 | 0f84 f41e 

  0x000002c148096e74: ;   {oop(a 'java/lang/Class'{0x000000009bbaf400} = 'kotlin/jvm/internal/Intrinsics')}
  0x000002c148096e74: 0000 48ba | 00f4 ba9b | 0000 0000 

  0x000002c148096e80: ;   {metadata(method data for {method} {0x000002c10ae1c908} 'sanitizeStackTrace' '(Ljava/lang/Throwable;)Ljava/lang/Throwable;' in 'kotlin/jvm/internal/Intrinsics')}
  0x000002c148096e80: 488b f248 | bfc8 fb1a | 0bc1 0200 | 0048 8387 | 1001 0000 

  0x000002c148096e94: ;   {optimized virtual_call}
  0x000002c148096e94: 0166 90e8 

  0x000002c148096e98: ; ImmutableOopMap {[248]=Oop [480]=Oop [472]=Oop [536]=Oop [544]=Oop }
                      ;*invokevirtual getName {reexecute=0 rethrow=0 return_oop=0}
                      ; - kotlin.jvm.internal.Intrinsics::sanitizeStackTrace@3 (line 253)
                      ; - kotlin.jvm.internal.Intrinsics::throwJavaNpe@8 (line 50)
                      ; - kotlin.jvm.internal.Intrinsics::checkNotNull@5 (line 31)
                      ; - org.jetbrains.kotlin.analysis.low.level.api.fir.state.LLSessionProvider::getResolvableSession@15 (line 40)
                      ; - org.jetbrains.kotlin.analysis.low.level.api.fir.state.LLFirResolvableResolveSession::getModuleComponentsForElement@17 (line 58)
                      ; - org.jetbrains.kotlin.analysis.low.level.api.fir.state.LLFirResolvableResolveSession::getOrBuildFirFor$low_level_api_fir@8 (line 47)
                      ; - org.jetbrains.kotlin.analysis.low.level.api.fir.api.LowLevelFirApiFacadeKt::getOrBuildFir@14 (line 108)
                      ; - org.jetbrains.kotlin.analysis.api.fir.components.KaFirResolver::doResolveCall@591 (line 1747)
  0x000002c148096e98: e4a4 e100 

  0x000002c148096e9c: ;   {metadata(method data for {method} {0x000002c10ae1c908} 'sanitizeStackTrace' '(Ljava/lang/Throwable;)Ljava/lang/Throwable;' in 'kotlin/jvm/internal/Intrinsics')}
  0x000002c148096e9c: 48ba c8fb | 1a0b c102 | 0000 4883 | 8248 0100 | 0001 488b | 9424 1802 | 0000 4c8b | c066 0f1f 
  0x000002c148096ebc: ;   {static_call}
  0x000002c148096ebc: 4400 00e8 

  0x000002c148096ec0: ; ImmutableOopMap {[248]=Oop [480]=Oop [472]=Oop [544]=Oop }
                      ;*invokestatic sanitizeStackTrace {reexecute=0 rethrow=0 return_oop=0}
                      ; - kotlin.jvm.internal.Intrinsics::sanitizeStackTrace@6 (line 253)
                      ; - kotlin.jvm.internal.Intrinsics::throwJavaNpe@8 (line 50)
                      ; - kotlin.jvm.internal.Intrinsics::checkNotNull@5 (line 31)
                      ; - org.jetbrains.kotlin.analysis.low.level.api.fir.state.LLSessionProvider::getResolvableSession@15 (line 40)
                      ; - org.jetbrains.kotlin.analysis.low.level.api.fir.state.LLFirResolvableResolveSession::getModuleComponentsForElement@17 (line 58)
                      ; - org.jetbrains.kotlin.analysis.low.level.api.fir.state.LLFirResolvableResolveSession::getOrBuildFirFor$low_level_api_fir@8 (line 47)
                      ; - org.jetbrains.kotlin.analysis.low.level.api.fir.api.LowLevelFirApiFacadeKt::getOrBuildFir@14 (line 108)
                      ; - org.jetbrains.kotlin.analysis.api.fir.components.KaFirResolver::doResolveCall@591 (line 1747)
  0x000002c148096ec0: bcaa e100 | 4883 f800 

  0x000002c148096ec8: ;   {metadata(method data for {method} {0x000002c10ae0ab80} 'throwJavaNpe' '(Ljava/lang/String;)V' in 'kotlin/jvm/internal/Intrinsics')}
  0x000002c148096ec8: 7516 48be | 0000 dd17 | c102 0000 | 808e 2901 | 0000 01e9 | d300 0000 

  0x000002c148096ee0: ;   {metadata('java/lang/NullPointerException')}
  0x000002c148096ee0: 48bf 401a | 0659 c102 | 0000 8b70 | 0849 ba00 | 0000 59c1 | 0200 0049 | 03f2 483b | 7e50 0f85 
  0x000002c148096f00: 9300 0000 

  0x000002c148096f04: ;   {metadata(method data for {method} {0x000002c10ae0ab80} 'throwJavaNpe' '(Ljava/lang/String;)V' in 'kotlin/jvm/internal/Intrinsics')}
  0x000002c148096f04: 48be 0000 | dd17 c102 | 0000 8b78 | 0849 ba00 | 0000 59c1 | 0200 0049 | 03fa 483b | be40 0100 
  0x000002c148096f24: 0075 0d48 | 8386 4801 | 0000 01e9 | 7f00 0000 | 483b be50 | 0100 0075 | 0d48 8386 | 5801 0000 
  0x000002c148096f44: 01e9 6900 | 0000 4881 | be40 0100 | 0000 0000 | 0075 1748 | 89be 4001 | 0000 48c7 | 8648 0100 
  0x000002c148096f64: 0001 0000 | 00e9 4500 | 0000 4881 | be50 0100 | 0000 0000 | 0075 1748 | 89be 5001 | 0000 48c7 
  0x000002c148096f84: 8658 0100 | 0001 0000 | 00e9 2100 | 0000 e91c 

  0x000002c148096f94: ;   {metadata(method data for {method} {0x000002c10ae0ab80} 'throwJavaNpe' '(Ljava/lang/String;)V' in 'kotlin/jvm/internal/Intrinsics')}
  0x000002c148096f94: 0000 0048 | be00 00dd | 17c1 0200 | 0048 83ae | 3001 0000 | 01e9 dd1d | 0000 e900 | 0000 0048 
  0x000002c148096fb4: 3b00 e997 | 1f00 0048 | 899c 2438 | 0200 0048 | 8984 2430 

  0x000002c148096fc8: ;   {metadata(method data for {method} {0x000002c10ae0b7a8} 'checkNotNullParameter' '(Ljava/lang/Object;Ljava/lang/String;)V' in 'kotlin/jvm/internal/Intrinsics')}
  0x000002c148096fc8: 0200 0048 | ba60 f31a | 0bc1 0200 | 0048 8382 | 3001 0000 

  0x000002c148096fdc: ;   {metadata(method data for {method} {0x000002c10ae0b918} 'throwParameterIsNullNPE' '(Ljava/lang/String;)V' in 'kotlin/jvm/internal/Intrinsics')}
  0x000002c148096fdc: 0148 bae8 | f41a 0bc1 | 0200 008b | b2cc 0000 | 0083 c602 | 89b2 cc00 | 0000 81e6 | feff 1f00 
  0x000002c148096ffc: 83fe 000f | 8494 1d00 | 0066 6690 

  0x000002c148097008: ;   {no_reloc}
  0x000002c148097008: e9bc 1d00 | 0000 0000 | 0000 498b | 8708 0100 | 0048 8d78 | 3049 3bbf | 1801 0000 | 0f87 a91d 
  0x000002c148097028: 0000 4989 | bf08 0100 | 0048 c700 | 0100 0000 | 488b ca49 | ba00 0000 | 59c1 0200 | 0049 2bca 
  0x000002c148097048: 8948 0848 | 33c9 8948 | 0c48 33c9 | 4889 4810 | 4889 4818 | 4889 4820 | 4889 4828 

  0x000002c148097064: ;   {metadata(method data for {method} {0x000002c10ae0b918} 'throwParameterIsNullNPE' '(Ljava/lang/String;)V' in 'kotlin/jvm/internal/Intrinsics')}
  0x000002c148097064: 48ba e8f4 | 1a0b c102 | 0000 4883 | 8210 0100 

  0x000002c148097074: ;   {oop("module"{0x000000008165bef8})}
  0x000002c148097074: 0001 48ba | f8be 6581 | 0000 0000 | 4889 8424 | 2802 0000 | 0f1f 8000 

  0x000002c14809708c: ;   {static_call}
  0x000002c14809708c: 0000 00e8 

  0x000002c148097090: ; ImmutableOopMap {[472]=Oop [480]=Oop [248]=Oop [552]=Oop [560]=Oop [568]=Oop }
                      ;*invokestatic createParameterIsNullExceptionMessage {reexecute=0 rethrow=0 return_oop=0}
                      ; - kotlin.jvm.internal.Intrinsics::throwParameterIsNullNPE@5 (line 140)
                      ; - kotlin.jvm.internal.Intrinsics::checkNotNullParameter@5 (line 131)
                      ; - org.jetbrains.kotlin.analysis.low.level.api.fir.state.LLSessionProvider::getResolvableSession@3
                      ; - org.jetbrains.kotlin.analysis.low.level.api.fir.state.LLFirResolvableResolveSession::getModuleComponentsForElement@17 (line 58)
                      ; - org.jetbrains.kotlin.analysis.low.level.api.fir.state.LLFirResolvableResolveSession::getOrBuildFirFor$low_level_api_fir@8 (line 47)
                      ; - org.jetbrains.kotlin.analysis.low.level.api.fir.api.LowLevelFirApiFacadeKt::getOrBuildFir@14 (line 108)
                      ; - org.jetbrains.kotlin.analysis.api.fir.components.KaFirResolver::doResolveCall@591 (line 1747)
  0x000002c148097090: eca8 e100 | 4c8b 8424 | 2802 0000 

  0x000002c14809709c: ;   {metadata(method data for {method} {0x000002c10ae0b918} 'throwParameterIsNullNPE' '(Ljava/lang/String;)V' in 'kotlin/jvm/internal/Intrinsics')}
  0x000002c14809709c: 48ba e8f4 | 1a0b c102 | 0000 4883 | 8220 0100 | 0001 4c8b | c048 8b94 | 2428 0200 | 0066 0f1f 
  0x000002c1480970bc: ;   {optimized virtual_call}
  0x000002c1480970bc: 4400 00e8 

  0x000002c1480970c0: ; ImmutableOopMap {[472]=Oop [480]=Oop [248]=Oop [552]=Oop [560]=Oop [568]=Oop }
                      ;*invokespecial <init> {reexecute=0 rethrow=0 return_oop=0}
                      ; - kotlin.jvm.internal.Intrinsics::throwParameterIsNullNPE@8 (line 140)
                      ; - kotlin.jvm.internal.Intrinsics::checkNotNullParameter@5 (line 131)
                      ; - org.jetbrains.kotlin.analysis.low.level.api.fir.state.LLSessionProvider::getResolvableSession@3
                      ; - org.jetbrains.kotlin.analysis.low.level.api.fir.state.LLFirResolvableResolveSession::getModuleComponentsForElement@17 (line 58)
                      ; - org.jetbrains.kotlin.analysis.low.level.api.fir.state.LLFirResolvableResolveSession::getOrBuildFirFor$low_level_api_fir@8 (line 47)
                      ; - org.jetbrains.kotlin.analysis.low.level.api.fir.api.LowLevelFirApiFacadeKt::getOrBuildFir@14 (line 108)
                      ; - org.jetbrains.kotlin.analysis.api.fir.components.KaFirResolver::doResolveCall@591 (line 1747)
  0x000002c1480970c0: bca2 e100 

  0x000002c1480970c4: ;   {metadata(method data for {method} {0x000002c10ae0b918} 'throwParameterIsNullNPE' '(Ljava/lang/String;)V' in 'kotlin/jvm/internal/Intrinsics')}
  0x000002c1480970c4: 48ba e8f4 | 1a0b c102 | 0000 4883 | 8230 0100 

  0x000002c1480970d4: ;   {metadata(method data for {method} {0x000002c10ae1c908} 'sanitizeStackTrace' '(Ljava/lang/Throwable;)Ljava/lang/Throwable;' in 'kotlin/jvm/internal/Intrinsics')}
  0x000002c1480970d4: 0001 48ba | c8fb 1a0b | c102 0000 | 8bb2 cc00 | 0000 83c6 | 0289 b2cc | 0000 0081 | e6fe ff1f 
  0x000002c1480970f4: 0083 fe00 | 0f84 e21c 

  0x000002c1480970fc: ;   {oop(a 'java/lang/Class'{0x000000009bbaf400} = 'kotlin/jvm/internal/Intrinsics')}
  0x000002c1480970fc: 0000 48ba | 00f4 ba9b | 0000 0000 

  0x000002c148097108: ;   {metadata(method data for {method} {0x000002c10ae1c908} 'sanitizeStackTrace' '(Ljava/lang/Throwable;)Ljava/lang/Throwable;' in 'kotlin/jvm/internal/Intrinsics')}
  0x000002c148097108: 488b f248 | bfc8 fb1a | 0bc1 0200 | 0048 8387 | 1001 0000 

  0x000002c14809711c: ;   {optimized virtual_call}
  0x000002c14809711c: 0166 90e8 

  0x000002c148097120: ; ImmutableOopMap {[472]=Oop [480]=Oop [248]=Oop [552]=Oop [560]=Oop [568]=Oop }
                      ;*invokevirtual getName {reexecute=0 rethrow=0 return_oop=0}
                      ; - kotlin.jvm.internal.Intrinsics::sanitizeStackTrace@3 (line 253)
                      ; - kotlin.jvm.internal.Intrinsics::throwParameterIsNullNPE@11 (line 140)
                      ; - kotlin.jvm.internal.Intrinsics::checkNotNullParameter@5 (line 131)
                      ; - org.jetbrains.kotlin.analysis.low.level.api.fir.state.LLSessionProvider::getResolvableSession@3
                      ; - org.jetbrains.kotlin.analysis.low.level.api.fir.state.LLFirResolvableResolveSession::getModuleComponentsForElement@17 (line 58)
                      ; - org.jetbrains.kotlin.analysis.low.level.api.fir.state.LLFirResolvableResolveSession::getOrBuildFirFor$low_level_api_fir@8 (line 47)
                      ; - org.jetbrains.kotlin.analysis.low.level.api.fir.api.LowLevelFirApiFacadeKt::getOrBuildFir@14 (line 108)
                      ; - org.jetbrains.kotlin.analysis.api.fir.components.KaFirResolver::doResolveCall@591 (line 1747)
  0x000002c148097120: 5ca2 e100 

  0x000002c148097124: ;   {metadata(method data for {method} {0x000002c10ae1c908} 'sanitizeStackTrace' '(Ljava/lang/Throwable;)Ljava/lang/Throwable;' in 'kotlin/jvm/internal/Intrinsics')}
  0x000002c148097124: 48ba c8fb | 1a0b c102 | 0000 4883 | 8248 0100 | 0001 488b | 9424 2802 | 0000 4c8b | c066 0f1f 
  0x000002c148097144: ;   {static_call}
  0x000002c148097144: 4400 00e8 

  0x000002c148097148: ; ImmutableOopMap {[472]=Oop [480]=Oop [248]=Oop [560]=Oop [568]=Oop }
                      ;*invokestatic sanitizeStackTrace {reexecute=0 rethrow=0 return_oop=0}
                      ; - kotlin.jvm.internal.Intrinsics::sanitizeStackTrace@6 (line 253)
                      ; - kotlin.jvm.internal.Intrinsics::throwParameterIsNullNPE@11 (line 140)
                      ; - kotlin.jvm.internal.Intrinsics::checkNotNullParameter@5 (line 131)
                      ; - org.jetbrains.kotlin.analysis.low.level.api.fir.state.LLSessionProvider::getResolvableSession@3
                      ; - org.jetbrains.kotlin.analysis.low.level.api.fir.state.LLFirResolvableResolveSession::getModuleComponentsForElement@17 (line 58)
                      ; - org.jetbrains.kotlin.analysis.low.level.api.fir.state.LLFirResolvableResolveSession::getOrBuildFirFor$low_level_api_fir@8 (line 47)
                      ; - org.jetbrains.kotlin.analysis.low.level.api.fir.api.LowLevelFirApiFacadeKt::getOrBuildFir@14 (line 108)
                      ; - org.jetbrains.kotlin.analysis.api.fir.components.KaFirResolver::doResolveCall@591 (line 1747)
  0x000002c148097148: 34a8 e100 | 4883 f800 

  0x000002c148097150: ;   {metadata(method data for {method} {0x000002c10ae0b918} 'throwParameterIsNullNPE' '(Ljava/lang/String;)V' in 'kotlin/jvm/internal/Intrinsics')}
  0x000002c148097150: 7517 49b8 | e8f4 1a0b | c102 0000 | 4180 8839 | 0100 0001 | e9d4 0000 

  0x000002c148097168: ;   {metadata('java/lang/NullPointerException')}
  0x000002c148097168: 0048 be40 | 1a06 59c1 | 0200 0044 | 8b40 0849 | ba00 0000 | 59c1 0200 | 004d 03c2 | 493b 7050 
  0x000002c148097188: 0f85 9300 

  0x000002c14809718c: ;   {metadata(method data for {method} {0x000002c10ae0b918} 'throwParameterIsNullNPE' '(Ljava/lang/String;)V' in 'kotlin/jvm/internal/Intrinsics')}
  0x000002c14809718c: 0000 49b8 | e8f4 1a0b | c102 0000 | 8b70 0849 | ba00 0000 | 59c1 0200 | 0049 03f2 | 493b b050 
  0x000002c1480971ac: 0100 0075 | 0d49 8380 | 5801 0000 | 01e9 7f00 | 0000 493b | b060 0100 | 0075 0d49 | 8380 6801 
  0x000002c1480971cc: 0000 01e9 | 6900 0000 | 4981 b850 | 0100 0000 | 0000 0075 | 1749 89b0 | 5001 0000 | 49c7 8058 
  0x000002c1480971ec: 0100 0001 | 0000 00e9 | 4500 0000 | 4981 b860 | 0100 0000 | 0000 0075 | 1749 89b0 | 6001 0000 
  0x000002c14809720c: 49c7 8068 | 0100 0001 | 0000 00e9 | 2100 0000 | e91c 0000 

  0x000002c148097220: ;   {metadata(method data for {method} {0x000002c10ae0b918} 'throwParameterIsNullNPE' '(Ljava/lang/String;)V' in 'kotlin/jvm/internal/Intrinsics')}
  0x000002c148097220: 0049 b8e8 | f41a 0bc1 | 0200 0049 | 83a8 4001 | 0000 01e9 | c91b 0000 | e900 0000 | 0048 3b00 
  0x000002c148097240: e90d 1d00 

  0x000002c148097244: ;   {metadata(method data for {method} {0x000002c10ae1c908} 'sanitizeStackTrace' '(Ljava/lang/Throwable;)Ljava/lang/Throwable;' in 'kotlin/jvm/internal/Intrinsics')}
  0x000002c148097244: 0048 bac8 | fb1a 0bc1 | 0200 0048 | 8382 4801 | 0000 0148 | 8bd0 4c8b 

  0x000002c14809725c: ;   {static_call}
  0x000002c14809725c: c666 90e8 

  0x000002c148097260: ; ImmutableOopMap {[248]=Oop [480]=Oop [472]=Oop [512]=Oop }
                      ;*invokestatic sanitizeStackTrace {reexecute=0 rethrow=0 return_oop=0}
                      ; - kotlin.jvm.internal.Intrinsics::sanitizeStackTrace@6 (line 253)
                      ; - kotlin.jvm.internal.Intrinsics::throwParameterIsNullNPE@11 (line 140)
                      ; - kotlin.jvm.internal.Intrinsics::checkNotNullParameter@5 (line 131)
                      ; - org.jetbrains.kotlin.analysis.low.level.api.fir.state.LLFirResolvableResolveSession::getOrBuildFirFor$low_level_api_fir@3
                      ; - org.jetbrains.kotlin.analysis.low.level.api.fir.api.LowLevelFirApiFacadeKt::getOrBuildFir@14 (line 108)
                      ; - org.jetbrains.kotlin.analysis.api.fir.components.KaFirResolver::doResolveCall@591 (line 1747)
  0x000002c148097260: 1ca7 e100 | 4883 f800 

  0x000002c148097268: ;   {metadata(method data for {method} {0x000002c10ae0b918} 'throwParameterIsNullNPE' '(Ljava/lang/String;)V' in 'kotlin/jvm/internal/Intrinsics')}
  0x000002c148097268: 7517 49b8 | e8f4 1a0b | c102 0000 | 4180 8839 | 0100 0001 | e9d4 0000 

  0x000002c148097280: ;   {metadata('java/lang/NullPointerException')}
  0x000002c148097280: 0048 be40 | 1a06 59c1 | 0200 0044 | 8b40 0849 | ba00 0000 | 59c1 0200 | 004d 03c2 | 493b 7050 
  0x000002c1480972a0: 0f85 9300 

  0x000002c1480972a4: ;   {metadata(method data for {method} {0x000002c10ae0b918} 'throwParameterIsNullNPE' '(Ljava/lang/String;)V' in 'kotlin/jvm/internal/Intrinsics')}
  0x000002c1480972a4: 0000 49b8 | e8f4 1a0b | c102 0000 | 8b70 0849 | ba00 0000 | 59c1 0200 | 0049 03f2 | 493b b050 
  0x000002c1480972c4: 0100 0075 | 0d49 8380 | 5801 0000 | 01e9 7f00 | 0000 493b | b060 0100 | 0075 0d49 | 8380 6801 
  0x000002c1480972e4: 0000 01e9 | 6900 0000 | 4981 b850 | 0100 0000 | 0000 0075 | 1749 89b0 | 5001 0000 | 49c7 8058 
  0x000002c148097304: 0100 0001 | 0000 00e9 | 4500 0000 | 4981 b860 | 0100 0000 | 0000 0075 | 1749 89b0 | 6001 0000 
  0x000002c148097324: 49c7 8068 | 0100 0001 | 0000 00e9 | 2100 0000 | e91c 0000 

  0x000002c148097338: ;   {metadata(method data for {method} {0x000002c10ae0b918} 'throwParameterIsNullNPE' '(Ljava/lang/String;)V' in 'kotlin/jvm/internal/Intrinsics')}
  0x000002c148097338: 0049 b8e8 | f41a 0bc1 | 0200 0049 | 83a8 4001 | 0000 01e9 | bf1a 0000 | e900 0000 | 0048 3b00 
  0x000002c148097358: e9f5 1b00 

  0x000002c14809735c: ;   {metadata(method data for {method} {0x000002c10ae1c908} 'sanitizeStackTrace' '(Ljava/lang/Throwable;)Ljava/lang/Throwable;' in 'kotlin/jvm/internal/Intrinsics')}
  0x000002c14809735c: 0048 bac8 | fb1a 0bc1 | 0200 0048 | 8382 4801 | 0000 0148 | 8bd0 4c8b 

  0x000002c148097374: ;   {static_call}
  0x000002c148097374: c666 90e8 

  0x000002c148097378: ; ImmutableOopMap {[512]=Oop [472]=Oop [480]=Oop [248]=Oop }
                      ;*invokestatic sanitizeStackTrace {reexecute=0 rethrow=0 return_oop=0}
                      ; - kotlin.jvm.internal.Intrinsics::sanitizeStackTrace@6 (line 253)
                      ; - kotlin.jvm.internal.Intrinsics::throwParameterIsNullNPE@11 (line 140)
                      ; - kotlin.jvm.internal.Intrinsics::checkNotNullParameter@5 (line 131)
                      ; - org.jetbrains.kotlin.analysis.low.level.api.fir.api.LowLevelFirApiFacadeKt::getOrBuildFir@9
                      ; - org.jetbrains.kotlin.analysis.api.fir.components.KaFirResolver::doResolveCall@591 (line 1747)
  0x000002c148097378: 04a6 e100 | 4883 f800 

  0x000002c148097380: ;   {metadata(method data for {method} {0x000002c10ae0b918} 'throwParameterIsNullNPE' '(Ljava/lang/String;)V' in 'kotlin/jvm/internal/Intrinsics')}
  0x000002c148097380: 7517 49b8 | e8f4 1a0b | c102 0000 | 4180 8839 | 0100 0001 | e9d4 0000 

  0x000002c148097398: ;   {metadata('java/lang/NullPointerException')}
  0x000002c148097398: 0048 be40 | 1a06 59c1 | 0200 0044 | 8b40 0849 | ba00 0000 | 59c1 0200 | 004d 03c2 | 493b 7050 
  0x000002c1480973b8: 0f85 9300 

  0x000002c1480973bc: ;   {metadata(method data for {method} {0x000002c10ae0b918} 'throwParameterIsNullNPE' '(Ljava/lang/String;)V' in 'kotlin/jvm/internal/Intrinsics')}
  0x000002c1480973bc: 0000 49b8 | e8f4 1a0b | c102 0000 | 8b70 0849 | ba00 0000 | 59c1 0200 | 0049 03f2 | 493b b050 
  0x000002c1480973dc: 0100 0075 | 0d49 8380 | 5801 0000 | 01e9 7f00 | 0000 493b | b060 0100 | 0075 0d49 | 8380 6801 
  0x000002c1480973fc: 0000 01e9 | 6900 0000 | 4981 b850 | 0100 0000 | 0000 0075 | 1749 89b0 | 5001 0000 | 49c7 8058 
  0x000002c14809741c: 0100 0001 | 0000 00e9 | 4500 0000 | 4981 b860 | 0100 0000 | 0000 0075 | 1749 89b0 | 6001 0000 
  0x000002c14809743c: 49c7 8068 | 0100 0001 | 0000 00e9 | 2100 0000 | e91c 0000 

  0x000002c148097450: ;   {metadata(method data for {method} {0x000002c10ae0b918} 'throwParameterIsNullNPE' '(Ljava/lang/String;)V' in 'kotlin/jvm/internal/Intrinsics')}
  0x000002c148097450: 0049 b8e8 | f41a 0bc1 | 0200 0049 | 83a8 4001 | 0000 01e9 | b519 0000 | e900 0000 | 0048 3b00 
  0x000002c148097470: e9dd 1a00 

  0x000002c148097474: ;   {metadata(method data for {method} {0x000002c10ae1c908} 'sanitizeStackTrace' '(Ljava/lang/Throwable;)Ljava/lang/Throwable;' in 'kotlin/jvm/internal/Intrinsics')}
  0x000002c148097474: 0048 bac8 | fb1a 0bc1 | 0200 0048 | 8382 4801 | 0000 0148 | 8bd0 4c8b 

  0x000002c14809748c: ;   {static_call}
  0x000002c14809748c: c666 90e8 

  0x000002c148097490: ; ImmutableOopMap {[248]=Oop [480]=Oop [472]=Oop [512]=Oop }
                      ;*invokestatic sanitizeStackTrace {reexecute=0 rethrow=0 return_oop=0}
                      ; - kotlin.jvm.internal.Intrinsics::sanitizeStackTrace@6 (line 253)
                      ; - kotlin.jvm.internal.Intrinsics::throwParameterIsNullNPE@11 (line 140)
                      ; - kotlin.jvm.internal.Intrinsics::checkNotNullParameter@5 (line 131)
                      ; - org.jetbrains.kotlin.analysis.low.level.api.fir.api.LowLevelFirApiFacadeKt::getOrBuildFir@3
                      ; - org.jetbrains.kotlin.analysis.api.fir.components.KaFirResolver::doResolveCall@591 (line 1747)
  0x000002c148097490: eca4 e100 | 488b 9c24 | 0002 0000 | 488b 9424 | e001 0000 | 488b b424 | d801 0000 | 4883 f800 
  0x000002c1480974b0: ;   {metadata(method data for {method} {0x000002c10ae0b918} 'throwParameterIsNullNPE' '(Ljava/lang/String;)V' in 'kotlin/jvm/internal/Intrinsics')}
  0x000002c1480974b0: 7516 48b9 | e8f4 1a0b | c102 0000 | 8089 3901 | 0000 01e9 | d400 0000 

  0x000002c1480974c8: ;   {metadata('java/lang/NullPointerException')}
  0x000002c1480974c8: 49b8 401a | 0659 c102 | 0000 8b48 | 0849 ba00 | 0000 59c1 | 0200 0049 | 03ca 4c3b | 4150 0f85 
  0x000002c1480974e8: 9400 0000 

  0x000002c1480974ec: ;   {metadata(method data for {method} {0x000002c10ae0b918} 'throwParameterIsNullNPE' '(Ljava/lang/String;)V' in 'kotlin/jvm/internal/Intrinsics')}
  0x000002c1480974ec: 48b9 e8f4 | 1a0b c102 | 0000 448b | 4008 49ba | 0000 0059 | c102 0000 | 4d03 c24c | 3b81 5001 
  0x000002c14809750c: 0000 750d | 4883 8158 | 0100 0001 | e97f 0000 | 004c 3b81 | 6001 0000 | 750d 4883 | 8168 0100 
  0x000002c14809752c: 0001 e969 | 0000 0048 | 81b9 5001 | 0000 0000 | 0000 7517 | 4c89 8150 | 0100 0048 | c781 5801 
  0x000002c14809754c: 0000 0100 | 0000 e945 | 0000 0048 | 81b9 6001 | 0000 0000 | 0000 7517 | 4c89 8160 | 0100 0048 
  0x000002c14809756c: c781 6801 | 0000 0100 | 0000 e921 | 0000 00e9 | 1c00 0000 

  0x000002c148097580: ;   {metadata(method data for {method} {0x000002c10ae0b918} 'throwParameterIsNullNPE' '(Ljava/lang/String;)V' in 'kotlin/jvm/internal/Intrinsics')}
  0x000002c148097580: 48b9 e8f4 | 1a0b c102 | 0000 4883 | a940 0100 | 0001 e994 | 1800 00e9 | 0000 0000 

  0x000002c14809759c: ; implicit exception: dispatches to 0x000002c148098e34
  0x000002c14809759c: 483b 00e9 | ae19 0000 | 4889 8424 | 4802 0000 

  0x000002c1480975ac: ;   {metadata(method data for {method} {0x000002c10ae0a8d0} 'checkNotNull' '(Ljava/lang/Object;Ljava/lang/String;)V' in 'kotlin/jvm/internal/Intrinsics')}
  0x000002c1480975ac: 48be 303d | dc17 c102 | 0000 4883 | 8630 0100 

  0x000002c1480975bc: ;   {metadata(method data for {method} {0x000002c10ae0ab80} 'throwJavaNpe' '(Ljava/lang/String;)V' in 'kotlin/jvm/internal/Intrinsics')}
  0x000002c1480975bc: 0001 48be | 0000 dd17 | c102 0000 | 8bbe cc00 | 0000 83c7 | 0289 becc | 0000 0081 | e7fe ff1f 
  0x000002c1480975dc: 0083 ff00 | 0f84 5318 | 0000 6690 

  0x000002c1480975e8: ;   {no_reloc}
  0x000002c1480975e8: e97c 1800 | 0000 0000 | 0000 498b | 8708 0100 | 0048 8d78 | 3049 3bbf | 1801 0000 | 0f87 6918 
  0x000002c148097608: 0000 4989 | bf08 0100 | 0048 c700 | 0100 0000 | 488b ca49 | ba00 0000 | 59c1 0200 | 0049 2bca 
  0x000002c148097628: 8948 0848 | 33c9 8948 | 0c48 33c9 | 4889 4810 | 4889 4818 | 4889 4820 | 4889 4828 

  0x000002c148097644: ;   {metadata(method data for {method} {0x000002c10ae0ab80} 'throwJavaNpe' '(Ljava/lang/String;)V' in 'kotlin/jvm/internal/Intrinsics')}
  0x000002c148097644: 4c8b c048 | ba00 00dd | 17c1 0200 | 0048 8382 | 1001 0000 

  0x000002c148097658: ;   {oop("null cannot be cast to non-null type kotlin.reflect.jvm.internal.KClassImpl<T of kotlin.reflect.jvm.internal.CachesKt.getOrCreateKotlinClass>"{0x0000000081895e58})}
  0x000002c148097658: 0149 b858 | 5e89 8100 | 0000 0048 | 8bd0 4889 | 8424 4002 

  0x000002c14809766c: ;   {optimized virtual_call}
  0x000002c14809766c: 0000 90e8 

  0x000002c148097670: ; ImmutableOopMap {[248]=Oop [584]=Oop [448]=Oop [456]=Oop [240]=Oop [576]=Oop }
                      ;*invokespecial <init> {reexecute=0 rethrow=0 return_oop=0}
                      ; - kotlin.jvm.internal.Intrinsics::throwJavaNpe@5 (line 50)
                      ; - kotlin.jvm.internal.Intrinsics::checkNotNull@5 (line 31)
                      ; - kotlin.reflect.jvm.internal.CachesKt::getOrCreateKotlinClass@16 (line 21)
                      ; - kotlin.reflect.jvm.internal.ReflectionFactoryImpl::getOrCreateKotlinClass@1 (line 41)
                      ; - kotlin.jvm.internal.Reflection::getOrCreateKotlinClass@4 (line 60)
                      ; - org.jetbrains.kotlin.analysis.api.fir.components.KaFirResolver::doResolveCall@470 (line 1733)
  0x000002c148097670: 0c9d e100 

  0x000002c148097674: ;   {metadata(method data for {method} {0x000002c10ae0ab80} 'throwJavaNpe' '(Ljava/lang/String;)V' in 'kotlin/jvm/internal/Intrinsics')}
  0x000002c148097674: 48ba 0000 | dd17 c102 | 0000 4883 | 8220 0100 

  0x000002c148097684: ;   {metadata(method data for {method} {0x000002c10ae1c908} 'sanitizeStackTrace' '(Ljava/lang/Throwable;)Ljava/lang/Throwable;' in 'kotlin/jvm/internal/Intrinsics')}
  0x000002c148097684: 0001 48ba | c8fb 1a0b | c102 0000 | 8bb2 cc00 | 0000 83c6 | 0289 b2cc | 0000 0081 | e6fe ff1f 
  0x000002c1480976a4: 0083 fe00 | 0f84 d217 

  0x000002c1480976ac: ;   {oop(a 'java/lang/Class'{0x000000009bbaf400} = 'kotlin/jvm/internal/Intrinsics')}
  0x000002c1480976ac: 0000 48ba | 00f4 ba9b | 0000 0000 

  0x000002c1480976b8: ;   {metadata(method data for {method} {0x000002c10ae1c908} 'sanitizeStackTrace' '(Ljava/lang/Throwable;)Ljava/lang/Throwable;' in 'kotlin/jvm/internal/Intrinsics')}
  0x000002c1480976b8: 488b f248 | bfc8 fb1a | 0bc1 0200 | 0048 8387 | 1001 0000 

  0x000002c1480976cc: ;   {optimized virtual_call}
  0x000002c1480976cc: 0166 90e8 

  0x000002c1480976d0: ; ImmutableOopMap {[248]=Oop [584]=Oop [448]=Oop [456]=Oop [240]=Oop [576]=Oop }
                      ;*invokevirtual getName {reexecute=0 rethrow=0 return_oop=0}
                      ; - kotlin.jvm.internal.Intrinsics::sanitizeStackTrace@3 (line 253)
                      ; - kotlin.jvm.internal.Intrinsics::throwJavaNpe@8 (line 50)
                      ; - kotlin.jvm.internal.Intrinsics::checkNotNull@5 (line 31)
                      ; - kotlin.reflect.jvm.internal.CachesKt::getOrCreateKotlinClass@16 (line 21)
                      ; - kotlin.reflect.jvm.internal.ReflectionFactoryImpl::getOrCreateKotlinClass@1 (line 41)
                      ; - kotlin.jvm.internal.Reflection::getOrCreateKotlinClass@4 (line 60)
                      ; - org.jetbrains.kotlin.analysis.api.fir.components.KaFirResolver::doResolveCall@470 (line 1733)
  0x000002c1480976d0: ac9c e100 

  0x000002c1480976d4: ;   {metadata(method data for {method} {0x000002c10ae1c908} 'sanitizeStackTrace' '(Ljava/lang/Throwable;)Ljava/lang/Throwable;' in 'kotlin/jvm/internal/Intrinsics')}
  0x000002c1480976d4: 48ba c8fb | 1a0b c102 | 0000 4883 | 8248 0100 | 0001 488b | 9424 4002 | 0000 4c8b | c066 0f1f 
  0x000002c1480976f4: ;   {static_call}
  0x000002c1480976f4: 4400 00e8 

  0x000002c1480976f8: ; ImmutableOopMap {[248]=Oop [584]=Oop [448]=Oop [456]=Oop [240]=Oop }
                      ;*invokestatic sanitizeStackTrace {reexecute=0 rethrow=0 return_oop=0}
                      ; - kotlin.jvm.internal.Intrinsics::sanitizeStackTrace@6 (line 253)
                      ; - kotlin.jvm.internal.Intrinsics::throwJavaNpe@8 (line 50)
                      ; - kotlin.jvm.internal.Intrinsics::checkNotNull@5 (line 31)
                      ; - kotlin.reflect.jvm.internal.CachesKt::getOrCreateKotlinClass@16 (line 21)
                      ; - kotlin.reflect.jvm.internal.ReflectionFactoryImpl::getOrCreateKotlinClass@1 (line 41)
                      ; - kotlin.jvm.internal.Reflection::getOrCreateKotlinClass@4 (line 60)
                      ; - org.jetbrains.kotlin.analysis.api.fir.components.KaFirResolver::doResolveCall@470 (line 1733)
  0x000002c1480976f8: 84a2 e100 | 4883 f800 

  0x000002c148097700: ;   {metadata(method data for {method} {0x000002c10ae0ab80} 'throwJavaNpe' '(Ljava/lang/String;)V' in 'kotlin/jvm/internal/Intrinsics')}
  0x000002c148097700: 7516 48be | 0000 dd17 | c102 0000 | 808e 2901 | 0000 01e9 | d300 0000 

  0x000002c148097718: ;   {metadata('java/lang/NullPointerException')}
  0x000002c148097718: 48bf 401a | 0659 c102 | 0000 8b70 | 0849 ba00 | 0000 59c1 | 0200 0049 | 03f2 483b | 7e50 0f85 
  0x000002c148097738: 9300 0000 

  0x000002c14809773c: ;   {metadata(method data for {method} {0x000002c10ae0ab80} 'throwJavaNpe' '(Ljava/lang/String;)V' in 'kotlin/jvm/internal/Intrinsics')}
  0x000002c14809773c: 48be 0000 | dd17 c102 | 0000 8b78 | 0849 ba00 | 0000 59c1 | 0200 0049 | 03fa 483b | be40 0100 
  0x000002c14809775c: 0075 0d48 | 8386 4801 | 0000 01e9 | 7f00 0000 | 483b be50 | 0100 0075 | 0d48 8386 | 5801 0000 
  0x000002c14809777c: 01e9 6900 | 0000 4881 | be40 0100 | 0000 0000 | 0075 1748 | 89be 4001 | 0000 48c7 | 8648 0100 
  0x000002c14809779c: 0001 0000 | 00e9 4500 | 0000 4881 | be50 0100 | 0000 0000 | 0075 1748 | 89be 5001 | 0000 48c7 
  0x000002c1480977bc: 8658 0100 | 0001 0000 | 00e9 2100 | 0000 e91c 

  0x000002c1480977cc: ;   {metadata(method data for {method} {0x000002c10ae0ab80} 'throwJavaNpe' '(Ljava/lang/String;)V' in 'kotlin/jvm/internal/Intrinsics')}
  0x000002c1480977cc: 0000 0048 | be00 00dd | 17c1 0200 | 0048 83ae | 3001 0000 | 01e9 bb16 | 0000 e900 | 0000 0048 
  0x000002c1480977ec: 3b00 e95f | 1700 0048 | 899c 2458 

  0x000002c1480977f8: ;   {metadata(method data for {method} {0x000002c10ae0b7a8} 'checkNotNullParameter' '(Ljava/lang/Object;Ljava/lang/String;)V' in 'kotlin/jvm/internal/Intrinsics')}
  0x000002c1480977f8: 0200 0048 | ba60 f31a | 0bc1 0200 | 0048 8382 | 3001 0000 

  0x000002c14809780c: ;   {metadata(method data for {method} {0x000002c10ae0b918} 'throwParameterIsNullNPE' '(Ljava/lang/String;)V' in 'kotlin/jvm/internal/Intrinsics')}
  0x000002c14809780c: 0148 bae8 | f41a 0bc1 | 0200 008b | b2cc 0000 | 0083 c602 | 89b2 cc00 | 0000 81e6 | feff 1f00 
  0x000002c14809782c: 83fe 000f | 847a 1600 | 0066 6690 

  0x000002c148097838: ;   {no_reloc}
  0x000002c148097838: e9a2 1600 | 0000 0000 | 0000 498b | 8708 0100 | 0048 8d78 | 3049 3bbf | 1801 0000 | 0f87 8f16 
  0x000002c148097858: 0000 4989 | bf08 0100 | 0048 c700 | 0100 0000 | 488b ca49 | ba00 0000 | 59c1 0200 | 0049 2bca 
  0x000002c148097878: 8948 0848 | 33c9 8948 | 0c48 33c9 | 4889 4810 | 4889 4818 | 4889 4820 | 4889 4828 

  0x000002c148097894: ;   {metadata(method data for {method} {0x000002c10ae0b918} 'throwParameterIsNullNPE' '(Ljava/lang/String;)V' in 'kotlin/jvm/internal/Intrinsics')}
  0x000002c148097894: 48ba e8f4 | 1a0b c102 | 0000 4883 | 8210 0100 

  0x000002c1480978a4: ;   {oop("jClass"{0x0000000081895f10})}
  0x000002c1480978a4: 0001 48ba | 105f 8981 | 0000 0000 | 4889 8424 | 5002 0000 | 0f1f 8000 

  0x000002c1480978bc: ;   {static_call}
  0x000002c1480978bc: 0000 00e8 

  0x000002c1480978c0: ; ImmutableOopMap {[240]=Oop [248]=Oop [456]=Oop [592]=Oop [448]=Oop [600]=Oop }
                      ;*invokestatic createParameterIsNullExceptionMessage {reexecute=0 rethrow=0 return_oop=0}
                      ; - kotlin.jvm.internal.Intrinsics::throwParameterIsNullNPE@5 (line 140)
                      ; - kotlin.jvm.internal.Intrinsics::checkNotNullParameter@5 (line 131)
                      ; - kotlin.reflect.jvm.internal.CachesKt::getOrCreateKotlinClass@3
                      ; - kotlin.reflect.jvm.internal.ReflectionFactoryImpl::getOrCreateKotlinClass@1 (line 41)
                      ; - kotlin.jvm.internal.Reflection::getOrCreateKotlinClass@4 (line 60)
                      ; - org.jetbrains.kotlin.analysis.api.fir.components.KaFirResolver::doResolveCall@470 (line 1733)
  0x000002c1480978c0: bca0 e100 | 4c8b 8424 | 5002 0000 

  0x000002c1480978cc: ;   {metadata(method data for {method} {0x000002c10ae0b918} 'throwParameterIsNullNPE' '(Ljava/lang/String;)V' in 'kotlin/jvm/internal/Intrinsics')}
  0x000002c1480978cc: 48ba e8f4 | 1a0b c102 | 0000 4883 | 8220 0100 | 0001 4c8b | c048 8b94 | 2450 0200 | 0066 0f1f 
  0x000002c1480978ec: ;   {optimized virtual_call}
  0x000002c1480978ec: 4400 00e8 

  0x000002c1480978f0: ; ImmutableOopMap {[240]=Oop [248]=Oop [456]=Oop [592]=Oop [448]=Oop [600]=Oop }
                      ;*invokespecial <init> {reexecute=0 rethrow=0 return_oop=0}
                      ; - kotlin.jvm.internal.Intrinsics::throwParameterIsNullNPE@8 (line 140)
                      ; - kotlin.jvm.internal.Intrinsics::checkNotNullParameter@5 (line 131)
                      ; - kotlin.reflect.jvm.internal.CachesKt::getOrCreateKotlinClass@3
                      ; - kotlin.reflect.jvm.internal.ReflectionFactoryImpl::getOrCreateKotlinClass@1 (line 41)
                      ; - kotlin.jvm.internal.Reflection::getOrCreateKotlinClass@4 (line 60)
                      ; - org.jetbrains.kotlin.analysis.api.fir.components.KaFirResolver::doResolveCall@470 (line 1733)
  0x000002c1480978f0: 8c9a e100 

  0x000002c1480978f4: ;   {metadata(method data for {method} {0x000002c10ae0b918} 'throwParameterIsNullNPE' '(Ljava/lang/String;)V' in 'kotlin/jvm/internal/Intrinsics')}
  0x000002c1480978f4: 48ba e8f4 | 1a0b c102 | 0000 4883 | 8230 0100 

  0x000002c148097904: ;   {metadata(method data for {method} {0x000002c10ae1c908} 'sanitizeStackTrace' '(Ljava/lang/Throwable;)Ljava/lang/Throwable;' in 'kotlin/jvm/internal/Intrinsics')}
  0x000002c148097904: 0001 48ba | c8fb 1a0b | c102 0000 | 8bb2 cc00 | 0000 83c6 | 0289 b2cc | 0000 0081 | e6fe ff1f 
  0x000002c148097924: 0083 fe00 | 0f84 c815 

  0x000002c14809792c: ;   {oop(a 'java/lang/Class'{0x000000009bbaf400} = 'kotlin/jvm/internal/Intrinsics')}
  0x000002c14809792c: 0000 48ba | 00f4 ba9b | 0000 0000 

  0x000002c148097938: ;   {metadata(method data for {method} {0x000002c10ae1c908} 'sanitizeStackTrace' '(Ljava/lang/Throwable;)Ljava/lang/Throwable;' in 'kotlin/jvm/internal/Intrinsics')}
  0x000002c148097938: 488b f248 | bfc8 fb1a | 0bc1 0200 | 0048 8387 | 1001 0000 

  0x000002c14809794c: ;   {optimized virtual_call}
  0x000002c14809794c: 0166 90e8 

  0x000002c148097950: ; ImmutableOopMap {[240]=Oop [248]=Oop [456]=Oop [592]=Oop [448]=Oop [600]=Oop }
                      ;*invokevirtual getName {reexecute=0 rethrow=0 return_oop=0}
                      ; - kotlin.jvm.internal.Intrinsics::sanitizeStackTrace@3 (line 253)
                      ; - kotlin.jvm.internal.Intrinsics::throwParameterIsNullNPE@11 (line 140)
                      ; - kotlin.jvm.internal.Intrinsics::checkNotNullParameter@5 (line 131)
                      ; - kotlin.reflect.jvm.internal.CachesKt::getOrCreateKotlinClass@3
                      ; - kotlin.reflect.jvm.internal.ReflectionFactoryImpl::getOrCreateKotlinClass@1 (line 41)
                      ; - kotlin.jvm.internal.Reflection::getOrCreateKotlinClass@4 (line 60)
                      ; - org.jetbrains.kotlin.analysis.api.fir.components.KaFirResolver::doResolveCall@470 (line 1733)
  0x000002c148097950: 2c9a e100 

  0x000002c148097954: ;   {metadata(method data for {method} {0x000002c10ae1c908} 'sanitizeStackTrace' '(Ljava/lang/Throwable;)Ljava/lang/Throwable;' in 'kotlin/jvm/internal/Intrinsics')}
  0x000002c148097954: 48ba c8fb | 1a0b c102 | 0000 4883 | 8248 0100 | 0001 488b | 9424 5002 | 0000 4c8b | c066 0f1f 
  0x000002c148097974: ;   {static_call}
  0x000002c148097974: 4400 00e8 

  0x000002c148097978: ; ImmutableOopMap {[240]=Oop [248]=Oop [456]=Oop [448]=Oop [600]=Oop }
                      ;*invokestatic sanitizeStackTrace {reexecute=0 rethrow=0 return_oop=0}
                      ; - kotlin.jvm.internal.Intrinsics::sanitizeStackTrace@6 (line 253)
                      ; - kotlin.jvm.internal.Intrinsics::throwParameterIsNullNPE@11 (line 140)
                      ; - kotlin.jvm.internal.Intrinsics::checkNotNullParameter@5 (line 131)
                      ; - kotlin.reflect.jvm.internal.CachesKt::getOrCreateKotlinClass@3
                      ; - kotlin.reflect.jvm.internal.ReflectionFactoryImpl::getOrCreateKotlinClass@1 (line 41)
                      ; - kotlin.jvm.internal.Reflection::getOrCreateKotlinClass@4 (line 60)
                      ; - org.jetbrains.kotlin.analysis.api.fir.components.KaFirResolver::doResolveCall@470 (line 1733)
  0x000002c148097978: 04a0 e100 | 4883 f800 

  0x000002c148097980: ;   {metadata(method data for {method} {0x000002c10ae0b918} 'throwParameterIsNullNPE' '(Ljava/lang/String;)V' in 'kotlin/jvm/internal/Intrinsics')}
  0x000002c148097980: 7517 49b8 | e8f4 1a0b | c102 0000 | 4180 8839 | 0100 0001 | e9d4 0000 

  0x000002c148097998: ;   {metadata('java/lang/NullPointerException')}
  0x000002c148097998: 0048 be40 | 1a06 59c1 | 0200 0044 | 8b40 0849 | ba00 0000 | 59c1 0200 | 004d 03c2 | 493b 7050 
  0x000002c1480979b8: 0f85 9300 

  0x000002c1480979bc: ;   {metadata(method data for {method} {0x000002c10ae0b918} 'throwParameterIsNullNPE' '(Ljava/lang/String;)V' in 'kotlin/jvm/internal/Intrinsics')}
  0x000002c1480979bc: 0000 49b8 | e8f4 1a0b | c102 0000 | 8b70 0849 | ba00 0000 | 59c1 0200 | 0049 03f2 | 493b b050 
  0x000002c1480979dc: 0100 0075 | 0d49 8380 | 5801 0000 | 01e9 7f00 | 0000 493b | b060 0100 | 0075 0d49 | 8380 6801 
  0x000002c1480979fc: 0000 01e9 | 6900 0000 | 4981 b850 | 0100 0000 | 0000 0075 | 1749 89b0 | 5001 0000 | 49c7 8058 
  0x000002c148097a1c: 0100 0001 | 0000 00e9 | 4500 0000 | 4981 b860 | 0100 0000 | 0000 0075 | 1749 89b0 | 6001 0000 
  0x000002c148097a3c: 49c7 8068 | 0100 0001 | 0000 00e9 | 2100 0000 | e91c 0000 

  0x000002c148097a50: ;   {metadata(method data for {method} {0x000002c10ae0b918} 'throwParameterIsNullNPE' '(Ljava/lang/String;)V' in 'kotlin/jvm/internal/Intrinsics')}
  0x000002c148097a50: 0049 b8e8 | f41a 0bc1 | 0200 0049 | 83a8 4001 | 0000 01e9 | af14 0000 | e900 0000 | 0048 3b00 
  0x000002c148097a70: e9dd 1400 

  0x000002c148097a74: ;   {metadata(method data for {method} {0x000002c10ae1c908} 'sanitizeStackTrace' '(Ljava/lang/Throwable;)Ljava/lang/Throwable;' in 'kotlin/jvm/internal/Intrinsics')}
  0x000002c148097a74: 0048 bac8 | fb1a 0bc1 | 0200 0048 | 8382 4801 | 0000 0148 | 8bd0 4c8b 

  0x000002c148097a8c: ;   {static_call}
  0x000002c148097a8c: c666 90e8 

  0x000002c148097a90: ; ImmutableOopMap {[248]=Oop [240]=Oop }
                      ;*invokestatic sanitizeStackTrace {reexecute=0 rethrow=0 return_oop=0}
                      ; - kotlin.jvm.internal.Intrinsics::sanitizeStackTrace@6 (line 253)
                      ; - kotlin.jvm.internal.Intrinsics::throwParameterIsNullNPE@11 (line 140)
                      ; - kotlin.jvm.internal.Intrinsics::checkNotNullParameter@5 (line 131)
                      ; - org.jetbrains.kotlin.analysis.api.fir.components.KaFirResolver::doResolveCall@4
  0x000002c148097a90: ec9e e100 | 4c8b 8424 | f800 0000 | 488b 9424 | f000 0000 | 4883 f800 

  0x000002c148097aa8: ;   {metadata(method data for {method} {0x000002c10ae0b918} 'throwParameterIsNullNPE' '(Ljava/lang/String;)V' in 'kotlin/jvm/internal/Intrinsics')}
  0x000002c148097aa8: 7516 48bf | e8f4 1a0b | c102 0000 | 808f 3901 | 0000 01e9 | d300 0000 

  0x000002c148097ac0: ;   {metadata('java/lang/NullPointerException')}
  0x000002c148097ac0: 48bb 401a | 0659 c102 | 0000 8b78 | 0849 ba00 | 0000 59c1 | 0200 0049 | 03fa 483b | 5f50 0f85 
  0x000002c148097ae0: 9300 0000 

  0x000002c148097ae4: ;   {metadata(method data for {method} {0x000002c10ae0b918} 'throwParameterIsNullNPE' '(Ljava/lang/String;)V' in 'kotlin/jvm/internal/Intrinsics')}
  0x000002c148097ae4: 48bf e8f4 | 1a0b c102 | 0000 8b58 | 0849 ba00 | 0000 59c1 | 0200 0049 | 03da 483b | 9f50 0100 
  0x000002c148097b04: 0075 0d48 | 8387 5801 | 0000 01e9 | 7f00 0000 | 483b 9f60 | 0100 0075 | 0d48 8387 | 6801 0000 
  0x000002c148097b24: 01e9 6900 | 0000 4881 | bf50 0100 | 0000 0000 | 0075 1748 | 899f 5001 | 0000 48c7 | 8758 0100 
  0x000002c148097b44: 0001 0000 | 00e9 4500 | 0000 4881 | bf60 0100 | 0000 0000 | 0075 1748 | 899f 6001 | 0000 48c7 
  0x000002c148097b64: 8768 0100 | 0001 0000 | 00e9 2100 | 0000 e91c 

  0x000002c148097b74: ;   {metadata(method data for {method} {0x000002c10ae0b918} 'throwParameterIsNullNPE' '(Ljava/lang/String;)V' in 'kotlin/jvm/internal/Intrinsics')}
  0x000002c148097b74: 0000 0048 | bfe8 f41a | 0bc1 0200 | 0048 83af | 4001 0000 | 01e9 9713 | 0000 e900 | 0000 0048 
  0x000002c148097b94: 3b00 e9b7 

  0x000002c148097b98: ;   {metadata({method} {0x000002c119cdcc18} 'doResolveCall' '(Lorg/jetbrains/kotlin/psi/KtElement;)Lorg/jetbrains/kotlin/analysis/api/resolution/KaCallInfo;' in 'org/jetbrains/kotlin/analysis/api/fir/components/KaFirResolver')}
  0x000002c148097b98: 1300 0049 | ba10 cccd | 19c1 0200 | 004c 8954 | 2408 48c7 | 0424 ffff 

  0x000002c148097bb0: ;   {runtime_call counter_overflow Runtime1 stub}
  0x000002c148097bb0: ffff e8c9 

  0x000002c148097bb4: ; ImmutableOopMap {rdx=Oop [240]=Oop r8=Oop [248]=Oop }
                      ;*synchronization entry
                      ; - org.jetbrains.kotlin.analysis.api.fir.components.KaFirResolver::doResolveCall@-1
  0x000002c148097bb4: 42ec 00e9 | eb89 ffff 

  0x000002c148097bbc: ;   {metadata({method} {0x000002c10ae0b7a8} 'checkNotNullParameter' '(Ljava/lang/Object;Ljava/lang/String;)V' in 'kotlin/jvm/internal/Intrinsics')}
  0x000002c148097bbc: 49ba a0b7 | e00a c102 | 0000 4c89 | 5424 0848 | c704 24ff 

  0x000002c148097bd0: ;   {runtime_call counter_overflow Runtime1 stub}
  0x000002c148097bd0: ffff ffe8 

  0x000002c148097bd4: ; ImmutableOopMap {rdx=Oop [240]=Oop r8=Oop [248]=Oop }
                      ;*synchronization entry
                      ; - kotlin.jvm.internal.Intrinsics::checkNotNullParameter@-1 (line 130)
                      ; - org.jetbrains.kotlin.analysis.api.fir.components.KaFirResolver::doResolveCall@4
  0x000002c148097bd4: a842 ec00 | e904 8aff 

  0x000002c148097bdc: ;   {metadata({method} {0x000002c10ae0b918} 'throwParameterIsNullNPE' '(Ljava/lang/String;)V' in 'kotlin/jvm/internal/Intrinsics')}
  0x000002c148097bdc: ff49 ba10 | b9e0 0ac1 | 0200 004c | 8954 2408 | 48c7 0424 | ffff ffff 

  0x000002c148097bf4: ;   {runtime_call counter_overflow Runtime1 stub}
  0x000002c148097bf4: e887 42ec 

  0x000002c148097bf8: ; ImmutableOopMap {[240]=Oop [248]=Oop }
                      ;*synchronization entry
                      ; - kotlin.jvm.internal.Intrinsics::throwParameterIsNullNPE@-1 (line 140)
                      ; - kotlin.jvm.internal.Intrinsics::checkNotNullParameter@5 (line 131)
                      ; - org.jetbrains.kotlin.analysis.api.fir.components.KaFirResolver::doResolveCall@4
  0x000002c148097bf8: 00e9 518a 

  0x000002c148097bfc: ;   {metadata(NULL)}
  0x000002c148097bfc: ffff 48ba | 0000 0000 | 0000 0000 | b800 0f05 

  0x000002c148097c0c: ;   {runtime_call load_klass_patching Runtime1 stub}
  0x000002c148097c0c: 0ae8 ee31 

  0x000002c148097c10: ; ImmutableOopMap {[248]=Oop [240]=Oop }
                      ;*new {reexecute=1 rethrow=0 return_oop=0}
                      ; - (reexecute) kotlin.jvm.internal.Intrinsics::throwParameterIsNullNPE@0 (line 140)
                      ; - kotlin.jvm.internal.Intrinsics::checkNotNullParameter@5 (line 131)
                      ; - org.jetbrains.kotlin.analysis.api.fir.components.KaFirResolver::doResolveCall@4
  0x000002c148097c10: ec00 e939 | 8aff ff48 

  0x000002c148097c18: ;   {runtime_call fast_new_instance Runtime1 stub}
  0x000002c148097c18: 8bd2 e861 

  0x000002c148097c1c: ; ImmutableOopMap {[248]=Oop [240]=Oop }
                      ;*new {reexecute=0 rethrow=0 return_oop=0}
                      ; - kotlin.jvm.internal.Intrinsics::throwParameterIsNullNPE@0 (line 140)
                      ; - kotlin.jvm.internal.Intrinsics::checkNotNullParameter@5 (line 131)
                      ; - org.jetbrains.kotlin.analysis.api.fir.components.KaFirResolver::doResolveCall@4
  0x000002c148097c1c: faeb 00e9 | 888a ffff 

  0x000002c148097c24: ;   {metadata({method} {0x000002c10ae1c908} 'sanitizeStackTrace' '(Ljava/lang/Throwable;)Ljava/lang/Throwable;' in 'kotlin/jvm/internal/Intrinsics')}
  0x000002c148097c24: 49ba 00c9 | e10a c102 | 0000 4c89 | 5424 0848 | c704 24ff 

  0x000002c148097c38: ;   {runtime_call counter_overflow Runtime1 stub}
  0x000002c148097c38: ffff ffe8 

  0x000002c148097c3c: ; ImmutableOopMap {[232]=Oop [240]=Oop [248]=Oop }
                      ;*synchronization entry
                      ; - kotlin.jvm.internal.Intrinsics::sanitizeStackTrace@-1 (line 253)
                      ; - kotlin.jvm.internal.Intrinsics::throwParameterIsNullNPE@11 (line 140)
                      ; - kotlin.jvm.internal.Intrinsics::checkNotNullParameter@5 (line 131)
                      ; - org.jetbrains.kotlin.analysis.api.fir.components.KaFirResolver::doResolveCall@4
  0x000002c148097c3c: 4042 ec00 | e901 8bff 

  0x000002c148097c44: ;   {metadata({method} {0x000002c15943def0} 'getName' '()Ljava/lang/String;' in 'java/lang/Class')}
  0x000002c148097c44: ff49 bae8 | de43 59c1 | 0200 004c | 8954 2408 | 48c7 0424 | ffff ffff 

  0x000002c148097c5c: ;   {runtime_call counter_overflow Runtime1 stub}
  0x000002c148097c5c: e81f 42ec 

  0x000002c148097c60: ; ImmutableOopMap {[232]=Oop [240]=Oop [248]=Oop rdx=Oop }
                      ;*synchronization entry
                      ; - java.lang.Class::getName@-1 (line 862)
                      ; - kotlin.jvm.internal.Intrinsics::sanitizeStackTrace@3 (line 253)
                      ; - kotlin.jvm.internal.Intrinsics::throwParameterIsNullNPE@11 (line 140)
                      ; - kotlin.jvm.internal.Intrinsics::checkNotNullParameter@5 (line 131)
                      ; - org.jetbrains.kotlin.analysis.api.fir.components.KaFirResolver::doResolveCall@4
  0x000002c148097c60: 00e9 278b 

  0x000002c148097c64: ;   {runtime_call throw_null_pointer_exception Runtime1 stub}
  0x000002c148097c64: ffff e835 

  0x000002c148097c68: ; ImmutableOopMap {[232]=Oop [240]=Oop [248]=Oop }
                      ;*getfield name {reexecute=1 rethrow=0 return_oop=0}
                      ; - (reexecute) java.lang.Class::getName@1 (line 862)
                      ; - kotlin.jvm.internal.Intrinsics::sanitizeStackTrace@3 (line 253)
                      ; - kotlin.jvm.internal.Intrinsics::throwParameterIsNullNPE@11 (line 140)
                      ; - kotlin.jvm.internal.Intrinsics::checkNotNullParameter@5 (line 131)
                      ; - org.jetbrains.kotlin.analysis.api.fir.components.KaFirResolver::doResolveCall@4
                      ;   {metadata({method} {0x000002c119cf2d58} 'getAnalysisSession' '()Lorg/jetbrains/kotlin/analysis/api/KaSession;' in 'org/jetbrains/kotlin/analysis/api/impl/base/components/KaBaseSessionComponent')}
  0x000002c148097c68: f1eb 0049 | ba50 2dcf | 19c1 0200 | 004c 8954 | 2408 48c7 | 0424 ffff 

  0x000002c148097c80: ;   {runtime_call counter_overflow Runtime1 stub}
  0x000002c148097c80: ffff e8f9 

  0x000002c148097c84: ; ImmutableOopMap {[248]=Oop rdx=Oop [240]=Oop }
                      ;*synchronization entry
                      ; - org.jetbrains.kotlin.analysis.api.impl.base.components.KaBaseSessionComponent::getAnalysisSession@-1 (line 18)
                      ; - org.jetbrains.kotlin.analysis.api.fir.components.KaFirResolver::doResolveCall@16 (line 165)
  0x000002c148097c84: 41ec 00e9 | cd8b ffff 

  0x000002c148097c8c: ;   {runtime_call throw_null_pointer_exception Runtime1 stub}
  0x000002c148097c8c: e80f f1eb 

  0x000002c148097c90: ; ImmutableOopMap {[248]=Oop rdx=Oop [240]=Oop rsi=Oop }
                      ;*invokeinterface invoke {reexecute=0 rethrow=0 return_oop=0}
                      ; - org.jetbrains.kotlin.analysis.api.impl.base.components.KaBaseSessionComponent::getAnalysisSession@4 (line 18)
                      ; - org.jetbrains.kotlin.analysis.api.fir.components.KaFirResolver::doResolveCall@16 (line 165)
  0x000002c148097c90: 0048 8904 

  0x000002c148097c94: ;   {runtime_call throw_class_cast_exception Runtime1 stub}
  0x000002c148097c94: 24e8 0615 

  0x000002c148097c98: ; ImmutableOopMap {[248]=Oop [240]=Oop }
                      ;*checkcast {reexecute=0 rethrow=0 return_oop=0}
                      ; - org.jetbrains.kotlin.analysis.api.impl.base.components.KaBaseSessionComponent::getAnalysisSession@9 (line 18)
                      ; - org.jetbrains.kotlin.analysis.api.fir.components.KaFirResolver::doResolveCall@16 (line 165)
  0x000002c148097c98: ec00 4889 

  0x000002c148097c9c: ;   {runtime_call throw_class_cast_exception Runtime1 stub}
  0x000002c148097c9c: 1424 e8fd 

  0x000002c148097ca0: ; ImmutableOopMap {[248]=Oop [240]=Oop }
                      ;*checkcast {reexecute=0 rethrow=0 return_oop=0}
                      ; - org.jetbrains.kotlin.analysis.api.fir.components.KaFirResolver::doResolveCall@19 (line 165)
                      ;   {runtime_call throw_null_pointer_exception Runtime1 stub}
  0x000002c148097ca0: 14ec 00e8 

  0x000002c148097ca4: ; ImmutableOopMap {[248]=Oop [240]=Oop rdx=Oop }
                      ;*invokevirtual getCacheStorage {reexecute=0 rethrow=0 return_oop=0}
                      ; - org.jetbrains.kotlin.analysis.api.fir.components.KaFirResolver::doResolveCall@22 (line 165)
  0x000002c148097ca4: f8f0 eb00 

  0x000002c148097ca8: ;   {metadata({method} {0x000002c119ba20a8} 'getCacheStorage' '()Lorg/jetbrains/kotlin/analysis/api/fir/components/KaFirInternalCacheStorage;' in 'org/jetbrains/kotlin/analysis/api/fir/KaFirSession')}
  0x000002c148097ca8: 49ba a020 | ba19 c102 | 0000 4c89 | 5424 0848 | c704 24ff 

  0x000002c148097cbc: ;   {runtime_call counter_overflow Runtime1 stub}
  0x000002c148097cbc: ffff ffe8 

  0x000002c148097cc0: ; ImmutableOopMap {[248]=Oop [240]=Oop rdx=Oop }
                      ;*synchronization entry
                      ; - org.jetbrains.kotlin.analysis.api.fir.KaFirSession::getCacheStorage@-1 (line 114)
                      ; - org.jetbrains.kotlin.analysis.api.fir.components.KaFirResolver::doResolveCall@22 (line 165)
  0x000002c148097cc0: bc41 ec00 | e996 8eff 

  0x000002c148097cc8: ;   {runtime_call throw_null_pointer_exception Runtime1 stub}
  0x000002c148097cc8: ffe8 d2f0 

  0x000002c148097ccc: ; ImmutableOopMap {[248]=Oop [240]=Oop rdx=Oop }
                      ;*invokeinterface getValue {reexecute=0 rethrow=0 return_oop=0}
                      ; - org.jetbrains.kotlin.analysis.api.fir.KaFirSession::getCacheStorage@6 (line 114)
                      ; - org.jetbrains.kotlin.analysis.api.fir.components.KaFirResolver::doResolveCall@22 (line 165)
  0x000002c148097ccc: eb00 4889 

  0x000002c148097cd0: ;   {runtime_call throw_class_cast_exception Runtime1 stub}
  0x000002c148097cd0: 0424 e8c9 

  0x000002c148097cd4: ; ImmutableOopMap {[248]=Oop [240]=Oop }
                      ;*checkcast {reexecute=0 rethrow=0 return_oop=0}
                      ; - org.jetbrains.kotlin.analysis.api.fir.KaFirSession::getCacheStorage@11 (line 114)
                      ; - org.jetbrains.kotlin.analysis.api.fir.components.KaFirResolver::doResolveCall@22 (line 165)
                      ;   {runtime_call throw_null_pointer_exception Runtime1 stub}
  0x000002c148097cd4: 14ec 00e8 

  0x000002c148097cd8: ; ImmutableOopMap {[248]=Oop [240]=Oop rdx=Oop }
                      ;*invokevirtual getResolveToCallCache {reexecute=0 rethrow=0 return_oop=0}
                      ; - org.jetbrains.kotlin.analysis.api.fir.components.KaFirResolver::doResolveCall@25 (line 165)
  0x000002c148097cd8: c4f0 eb00 

  0x000002c148097cdc: ;   {metadata({method} {0x000002c119df68a0} 'getResolveToCallCache' '()Lcom/intellij/psi/util/CachedValue;' in 'org/jetbrains/kotlin/analysis/api/fir/components/KaFirInternalCacheStorage')}
  0x000002c148097cdc: 49ba 9868 | df19 c102 | 0000 4c89 | 5424 0848 | c704 24ff 

  0x000002c148097cf0: ;   {runtime_call counter_overflow Runtime1 stub}
  0x000002c148097cf0: ffff ffe8 

  0x000002c148097cf4: ; ImmutableOopMap {[248]=Oop [240]=Oop rdx=Oop }
                      ;*synchronization entry
                      ; - org.jetbrains.kotlin.analysis.api.fir.components.KaFirInternalCacheStorage::getResolveToCallCache@-1 (line 35)
                      ; - org.jetbrains.kotlin.analysis.api.fir.components.KaFirResolver::doResolveCall@25 (line 165)
  0x000002c148097cf4: 8841 ec00 | e948 90ff 

  0x000002c148097cfc: ;   {runtime_call throw_null_pointer_exception Runtime1 stub}
  0x000002c148097cfc: ffe8 9ef0 

  0x000002c148097d00: ; ImmutableOopMap {[248]=Oop [240]=Oop rdx=Oop }
                      ;*invokeinterface getValue {reexecute=0 rethrow=0 return_oop=0}
                      ; - org.jetbrains.kotlin.analysis.api.fir.components.KaFirInternalCacheStorage::getResolveToCallCache@6 (line 35)
                      ; - org.jetbrains.kotlin.analysis.api.fir.components.KaFirResolver::doResolveCall@25 (line 165)
  0x000002c148097d00: eb00 4889 

  0x000002c148097d04: ;   {runtime_call throw_class_cast_exception Runtime1 stub}
  0x000002c148097d04: 0424 e895 

  0x000002c148097d08: ; ImmutableOopMap {[248]=Oop [240]=Oop }
                      ;*checkcast {reexecute=0 rethrow=0 return_oop=0}
                      ; - org.jetbrains.kotlin.analysis.api.fir.components.KaFirInternalCacheStorage::getResolveToCallCache@11 (line 35)
                      ; - org.jetbrains.kotlin.analysis.api.fir.components.KaFirResolver::doResolveCall@25 (line 165)
                      ;   {runtime_call throw_incompatible_class_change_error Runtime1 stub}
  0x000002c148097d08: 14ec 00e8 

  0x000002c148097d0c: ; ImmutableOopMap {[248]=Oop [240]=Oop rdx=Oop }
                      ;*invokeinterface getValue {reexecute=0 rethrow=0 return_oop=0}
                      ; - org.jetbrains.kotlin.analysis.api.fir.components.KaFirResolver::doResolveCall@28 (line 165)
  0x000002c148097d0c: 9017 ec00 

  0x000002c148097d10: ;   {runtime_call throw_null_pointer_exception Runtime1 stub}
  0x000002c148097d10: e88b f0eb 

  0x000002c148097d14: ; ImmutableOopMap {[248]=Oop [240]=Oop rdx=Oop }
                      ;*invokeinterface getValue {reexecute=0 rethrow=0 return_oop=0}
                      ; - org.jetbrains.kotlin.analysis.api.fir.components.KaFirResolver::doResolveCall@28 (line 165)
                      ;   {metadata({method} {0x000002c10ca9af78} 'getValue' '()Ljava/lang/Object;' in 'com/intellij/psi/impl/AbstractPsiCachedValue')}
  0x000002c148097d14: 0049 ba70 | afa9 0cc1 | 0200 004c | 8954 2408 | 48c7 0424 | ffff ffff 

  0x000002c148097d2c: ;   {runtime_call counter_overflow Runtime1 stub}
  0x000002c148097d2c: e84f 41ec 

  0x000002c148097d30: ; ImmutableOopMap {[248]=Oop [240]=Oop rdx=Oop }
                      ;*synchronization entry
                      ; - com.intellij.psi.impl.AbstractPsiCachedValue::getValue@-1 (line 15)
                      ; - org.jetbrains.kotlin.analysis.api.fir.components.KaFirResolver::doResolveCall@28 (line 165)
  0x000002c148097d30: 00e9 c892 | ffff 4889 

  0x000002c148097d38: ;   {runtime_call throw_class_cast_exception Runtime1 stub}
  0x000002c148097d38: 0424 e861 

  0x000002c148097d3c: ; ImmutableOopMap {[248]=Oop [240]=Oop }
                      ;*checkcast {reexecute=0 rethrow=0 return_oop=0}
                      ; - org.jetbrains.kotlin.analysis.api.fir.components.KaFirResolver::doResolveCall@33 (line 165)
                      ;   {runtime_call throw_null_pointer_exception Runtime1 stub}
  0x000002c148097d3c: 14ec 00e8 

  0x000002c148097d40: ; ImmutableOopMap {[248]=Oop [240]=Oop r8=Oop }
                      ;*invokevirtual unbox-impl {reexecute=0 rethrow=0 return_oop=0}
                      ; - org.jetbrains.kotlin.analysis.api.fir.components.KaFirResolver::doResolveCall@36 (line 165)
  0x000002c148097d40: 5cf0 eb00 

  0x000002c148097d44: ;   {runtime_call throw_null_pointer_exception Runtime1 stub}
  0x000002c148097d44: e857 f0eb 

  0x000002c148097d48: ; ImmutableOopMap {[248]=Oop [240]=Oop rsi=Oop }
                      ;*invokeinterface get {reexecute=0 rethrow=0 return_oop=0}
                      ; - org.jetbrains.kotlin.analysis.api.fir.components.KaFirResolver::doResolveCall@61 (line 1705)
                      ;   {metadata({method} {0x000002c119ceb8d8} 'access$getContainingCallExpressionForCalleeExpression' '(Lorg/jetbrains/kotlin/analysis/api/fir/components/KaFirResolver;Lorg/jetbrains/kotlin/psi/KtElement;)Lorg/jetbrains/kotlin/psi/KtCallExpression;' in 'org/jetbrains/kotlin/analysis/api/fir/components/KaFirResolver')}
  0x000002c148097d48: 0049 bad0 | b8ce 19c1 | 0200 004c | 8954 2408 | 48c7 0424 | ffff ffff 

  0x000002c148097d60: ;   {runtime_call counter_overflow Runtime1 stub}
  0x000002c148097d60: e81b 41ec 

  0x000002c148097d64: ; ImmutableOopMap {[248]=Oop [240]=Oop [256]=Oop }
                      ;*synchronization entry
                      ; - org.jetbrains.kotlin.analysis.api.fir.components.KaFirResolver::access$getContainingCallExpressionForCalleeExpression@-1
                      ; - org.jetbrains.kotlin.analysis.api.fir.components.KaFirResolver::doResolveCall@95 (line 1707)
  0x000002c148097d64: 00e9 8295 

  0x000002c148097d68: ;   {metadata({method} {0x000002c119ceb988} 'access$getContainingBinaryExpressionForIncompleteLhs' '(Lorg/jetbrains/kotlin/analysis/api/fir/components/KaFirResolver;Lorg/jetbrains/kotlin/psi/KtElement;)Lorg/jetbrains/kotlin/psi/KtBinaryExpression;' in 'org/jetbrains/kotlin/analysis/api/fir/components/KaFirResolver')}
  0x000002c148097d68: ffff 49ba | 80b9 ce19 | c102 0000 | 4c89 5424 | 0848 c704 | 24ff ffff 

  0x000002c148097d80: ;   {runtime_call counter_overflow Runtime1 stub}
  0x000002c148097d80: ffe8 fa40 

  0x000002c148097d84: ; ImmutableOopMap {[248]=Oop [240]=Oop [256]=Oop rax=Oop [264]=Oop }
                      ;*synchronization entry
                      ; - org.jetbrains.kotlin.analysis.api.fir.components.KaFirResolver::access$getContainingBinaryExpressionForIncompleteLhs@-1
                      ; - org.jetbrains.kotlin.analysis.api.fir.components.KaFirResolver::doResolveCall@103 (line 1708)
  0x000002c148097d84: ec00 e9d5 

  0x000002c148097d88: ;   {metadata({method} {0x000002c119ceba38} 'access$getContainingUnaryIncOrDecExpression' '(Lorg/jetbrains/kotlin/analysis/api/fir/components/KaFirResolver;Lorg/jetbrains/kotlin/psi/KtElement;)Lorg/jetbrains/kotlin/psi/KtUnaryExpression;' in 'org/jetbrains/kotlin/analysis/api/fir/components/KaFirResolver')}
  0x000002c148097d88: 95ff ff49 | ba30 bace | 19c1 0200 | 004c 8954 | 2408 48c7 | 0424 ffff 

  0x000002c148097da0: ;   {runtime_call counter_overflow Runtime1 stub}
  0x000002c148097da0: ffff e8d9 

  0x000002c148097da4: ; ImmutableOopMap {[248]=Oop [240]=Oop [256]=Oop [264]=Oop rax=Oop [272]=Oop }
                      ;*synchronization entry
                      ; - org.jetbrains.kotlin.analysis.api.fir.components.KaFirResolver::access$getContainingUnaryIncOrDecExpression@-1
                      ; - org.jetbrains.kotlin.analysis.api.fir.components.KaFirResolver::doResolveCall@111 (line 1709)
  0x000002c148097da4: 40ec 00e9 | 2c96 ffff 

  0x000002c148097dac: ;   {metadata({method} {0x000002c119cebae8} 'access$getContainingDotQualifiedExpressionForSelectorExpression' '(Lorg/jetbrains/kotlin/analysis/api/fir/components/KaFirResolver;Lorg/jetbrains/kotlin/psi/KtElement;)Lorg/jetbrains/kotlin/psi/KtQualifiedExpression;' in 'org/jetbrains/kotlin/analysis/api/fir/components/KaFirResolver')}
  0x000002c148097dac: 49ba e0ba | ce19 c102 | 0000 4c89 | 5424 0848 | c704 24ff 

  0x000002c148097dc0: ;   {runtime_call counter_overflow Runtime1 stub}
  0x000002c148097dc0: ffff ffe8 

  0x000002c148097dc4: ; ImmutableOopMap {[248]=Oop [240]=Oop [256]=Oop [272]=Oop [280]=Oop [264]=Oop }
                      ;*synchronization entry
                      ; - org.jetbrains.kotlin.analysis.api.fir.components.KaFirResolver::access$getContainingDotQualifiedExpressionForSelectorExpression@-1
                      ; - org.jetbrains.kotlin.analysis.api.fir.components.KaFirResolver::doResolveCall@158 (line 1713)
  0x000002c148097dc4: b840 ec00 | e97a 97ff | ff48 8904 

  0x000002c148097dd0: ;   {runtime_call throw_class_cast_exception Runtime1 stub}
  0x000002c148097dd0: 24e8 ca13 

  0x000002c148097dd4: ; ImmutableOopMap {[248]=Oop [240]=Oop [256]=Oop [280]=Oop [272]=Oop [264]=Oop }
                      ;*checkcast {reexecute=0 rethrow=0 return_oop=0}
                      ; - org.jetbrains.kotlin.analysis.api.fir.components.KaFirResolver::doResolveCall@165 (line 1710)
                      ;   {metadata({method} {0x000002c119cebb98} 'access$getConstructorDelegationCallForDelegationReferenceExpression' '(Lorg/jetbrains/kotlin/analysis/api/fir/components/KaFirResolver;Lorg/jetbrains/kotlin/psi/KtElement;)Lorg/jetbrains/kotlin/psi/KtConstructorDelegationCall;' in 'org/jetbrains/kotlin/analysis/api/fir/components/KaFirResolver')}
  0x000002c148097dd4: ec00 49ba | 90bb ce19 | c102 0000 | 4c89 5424 | 0848 c704 | 24ff ffff 

  0x000002c148097dec: ;   {runtime_call counter_overflow Runtime1 stub}
  0x000002c148097dec: ffe8 8e40 

  0x000002c148097df0: ; ImmutableOopMap {[248]=Oop [240]=Oop [256]=Oop [280]=Oop [272]=Oop [264]=Oop }
                      ;*synchronization entry
                      ; - org.jetbrains.kotlin.analysis.api.fir.components.KaFirResolver::access$getConstructorDelegationCallForDelegationReferenceExpression@-1
                      ; - org.jetbrains.kotlin.analysis.api.fir.components.KaFirResolver::doResolveCall@175 (line 1714)
  0x000002c148097df0: ec00 e91a 

  0x000002c148097df4: ;   {metadata({method} {0x000002c119cf2d58} 'getAnalysisSession' '()Lorg/jetbrains/kotlin/analysis/api/KaSession;' in 'org/jetbrains/kotlin/analysis/api/impl/base/components/KaBaseSessionComponent')}
  0x000002c148097df4: 99ff ff49 | ba50 2dcf | 19c1 0200 | 004c 8954 | 2408 48c7 | 0424 ffff 

  0x000002c148097e0c: ;   {runtime_call counter_overflow Runtime1 stub}
  0x000002c148097e0c: ffff e86d 

  0x000002c148097e10: ; ImmutableOopMap {[248]=Oop [256]=Oop [280]=Oop [272]=Oop [264]=Oop rdx=Oop [240]=Oop [288]=Oop }
                      ;*synchronization entry
                      ; - org.jetbrains.kotlin.analysis.api.impl.base.components.KaBaseSessionComponent::getAnalysisSession@-1 (line 18)
                      ; - org.jetbrains.kotlin.analysis.api.fir.components.KaFirResolver::doResolveCall@196 (line 1716)
  0x000002c148097e10: 40ec 00e9 | cd99 ffff 

  0x000002c148097e18: ;   {runtime_call throw_null_pointer_exception Runtime1 stub}
  0x000002c148097e18: e883 efeb 

  0x000002c148097e1c: ; ImmutableOopMap {[248]=Oop [256]=Oop [280]=Oop [272]=Oop [264]=Oop rdx=Oop [240]=Oop [288]=Oop rsi=Oop }
                      ;*invokeinterface invoke {reexecute=0 rethrow=0 return_oop=0}
                      ; - org.jetbrains.kotlin.analysis.api.impl.base.components.KaBaseSessionComponent::getAnalysisSession@4 (line 18)
                      ; - org.jetbrains.kotlin.analysis.api.fir.components.KaFirResolver::doResolveCall@196 (line 1716)
  0x000002c148097e1c: 0048 8904 

  0x000002c148097e20: ;   {runtime_call throw_class_cast_exception Runtime1 stub}
  0x000002c148097e20: 24e8 7a13 

  0x000002c148097e24: ; ImmutableOopMap {[248]=Oop [256]=Oop [280]=Oop [272]=Oop [264]=Oop [288]=Oop [240]=Oop }
                      ;*checkcast {reexecute=0 rethrow=0 return_oop=0}
                      ; - org.jetbrains.kotlin.analysis.api.impl.base.components.KaBaseSessionComponent::getAnalysisSession@9 (line 18)
                      ; - org.jetbrains.kotlin.analysis.api.fir.components.KaFirResolver::doResolveCall@196 (line 1716)
  0x000002c148097e24: ec00 4889 

  0x000002c148097e28: ;   {runtime_call throw_class_cast_exception Runtime1 stub}
  0x000002c148097e28: 1424 e871 

  0x000002c148097e2c: ; ImmutableOopMap {[248]=Oop [256]=Oop [280]=Oop [272]=Oop [264]=Oop [288]=Oop [240]=Oop }
                      ;*checkcast {reexecute=0 rethrow=0 return_oop=0}
                      ; - org.jetbrains.kotlin.analysis.api.fir.components.KaFirResolver::doResolveCall@199 (line 1716)
                      ;   {runtime_call throw_null_pointer_exception Runtime1 stub}
  0x000002c148097e2c: 13ec 00e8 

  0x000002c148097e30: ; ImmutableOopMap {[248]=Oop [256]=Oop [280]=Oop [272]=Oop [264]=Oop [288]=Oop [240]=Oop rdx=Oop }
                      ;*invokevirtual getFirResolveSession {reexecute=0 rethrow=0 return_oop=0}
                      ; - org.jetbrains.kotlin.analysis.api.fir.components.KaFirResolver::doResolveCall@202 (line 1716)
  0x000002c148097e30: 6cef eb00 

  0x000002c148097e34: ;   {metadata({method} {0x000002c1191cc248} 'getOrBuildFir' '(Lorg/jetbrains/kotlin/psi/KtElement;Lorg/jetbrains/kotlin/analysis/low/level/api/fir/api/LLFirResolveSession;)Lorg/jetbrains/kotlin/fir/FirElement;' in 'org/jetbrains/kotlin/analysis/low/level/api/fir/api/LowLevelFirApiFacadeKt')}
  0x000002c148097e34: 49ba 40c2 | 1c19 c102 | 0000 4c89 | 5424 0848 | c704 24ff 

  0x000002c148097e48: ;   {runtime_call counter_overflow Runtime1 stub}
  0x000002c148097e48: ffff ffe8 

  0x000002c148097e4c: ; ImmutableOopMap {[248]=Oop [256]=Oop [280]=Oop [272]=Oop [264]=Oop [288]=Oop [240]=Oop rbx=Oop [304]=Oop }
                      ;*synchronization entry
                      ; - org.jetbrains.kotlin.analysis.low.level.api.fir.api.LowLevelFirApiFacadeKt::getOrBuildFir@-1
                      ; - org.jetbrains.kotlin.analysis.api.fir.components.KaFirResolver::doResolveCall@205 (line 1716)
  0x000002c148097e4c: 3040 ec00 | e9b2 9cff 

  0x000002c148097e54: ;   {metadata({method} {0x000002c10ae0b7a8} 'checkNotNullParameter' '(Ljava/lang/Object;Ljava/lang/String;)V' in 'kotlin/jvm/internal/Intrinsics')}
  0x000002c148097e54: ff49 baa0 | b7e0 0ac1 | 0200 004c | 8954 2408 | 48c7 0424 | ffff ffff 

  0x000002c148097e6c: ;   {runtime_call counter_overflow Runtime1 stub}
  0x000002c148097e6c: e80f 40ec 

  0x000002c148097e70: ; ImmutableOopMap {[248]=Oop [256]=Oop [280]=Oop [272]=Oop [264]=Oop [288]=Oop [240]=Oop rbx=Oop [304]=Oop }
                      ;*synchronization entry
                      ; - kotlin.jvm.internal.Intrinsics::checkNotNullParameter@-1 (line 130)
                      ; - org.jetbrains.kotlin.analysis.low.level.api.fir.api.LowLevelFirApiFacadeKt::getOrBuildFir@3
                      ; - org.jetbrains.kotlin.analysis.api.fir.components.KaFirResolver::doResolveCall@205 (line 1716)
  0x000002c148097e70: 00e9 cb9c 

  0x000002c148097e74: ;   {metadata({method} {0x000002c10ae0b918} 'throwParameterIsNullNPE' '(Ljava/lang/String;)V' in 'kotlin/jvm/internal/Intrinsics')}
  0x000002c148097e74: ffff 49ba | 10b9 e00a | c102 0000 | 4c89 5424 | 0848 c704 | 24ff ffff 

  0x000002c148097e8c: ;   {runtime_call counter_overflow Runtime1 stub}
  0x000002c148097e8c: ffe8 ee3f 

  0x000002c148097e90: ; ImmutableOopMap {[248]=Oop [256]=Oop [280]=Oop [272]=Oop [264]=Oop [240]=Oop [304]=Oop [288]=Oop }
                      ;*synchronization entry
                      ; - kotlin.jvm.internal.Intrinsics::throwParameterIsNullNPE@-1 (line 140)
                      ; - kotlin.jvm.internal.Intrinsics::checkNotNullParameter@5 (line 131)
                      ; - org.jetbrains.kotlin.analysis.low.level.api.fir.api.LowLevelFirApiFacadeKt::getOrBuildFir@3
                      ; - org.jetbrains.kotlin.analysis.api.fir.components.KaFirResolver::doResolveCall@205 (line 1716)
  0x000002c148097e90: ec00 e928 

  0x000002c148097e94: ;   {metadata(NULL)}
  0x000002c148097e94: 9dff ff48 | ba00 0000 | 0000 0000 | 00b8 000f 

  0x000002c148097ea4: ;   {runtime_call load_klass_patching Runtime1 stub}
  0x000002c148097ea4: 050a e855 

  0x000002c148097ea8: ; ImmutableOopMap {[248]=Oop [256]=Oop [280]=Oop [272]=Oop [264]=Oop [240]=Oop [304]=Oop [288]=Oop }
                      ;*new {reexecute=1 rethrow=0 return_oop=0}
                      ; - (reexecute) kotlin.jvm.internal.Intrinsics::throwParameterIsNullNPE@0 (line 140)
                      ; - kotlin.jvm.internal.Intrinsics::checkNotNullParameter@5 (line 131)
                      ; - org.jetbrains.kotlin.analysis.low.level.api.fir.api.LowLevelFirApiFacadeKt::getOrBuildFir@3
                      ; - org.jetbrains.kotlin.analysis.api.fir.components.KaFirResolver::doResolveCall@205 (line 1716)
  0x000002c148097ea8: 2fec 00e9 | 109d ffff 

  0x000002c148097eb0: ;   {runtime_call fast_new_instance Runtime1 stub}
  0x000002c148097eb0: 488b d2e8 

  0x000002c148097eb4: ; ImmutableOopMap {[248]=Oop [256]=Oop [280]=Oop [272]=Oop [264]=Oop [240]=Oop [304]=Oop [288]=Oop }
                      ;*new {reexecute=0 rethrow=0 return_oop=0}
                      ; - kotlin.jvm.internal.Intrinsics::throwParameterIsNullNPE@0 (line 140)
                      ; - kotlin.jvm.internal.Intrinsics::checkNotNullParameter@5 (line 131)
                      ; - org.jetbrains.kotlin.analysis.low.level.api.fir.api.LowLevelFirApiFacadeKt::getOrBuildFir@3
                      ; - org.jetbrains.kotlin.analysis.api.fir.components.KaFirResolver::doResolveCall@205 (line 1716)
  0x000002c148097eb4: c8f7 eb00 | e95f 9dff 

  0x000002c148097ebc: ;   {metadata({method} {0x000002c10ae1c908} 'sanitizeStackTrace' '(Ljava/lang/Throwable;)Ljava/lang/Throwable;' in 'kotlin/jvm/internal/Intrinsics')}
  0x000002c148097ebc: ff49 ba00 | c9e1 0ac1 | 0200 004c | 8954 2408 | 48c7 0424 | ffff ffff 

  0x000002c148097ed4: ;   {runtime_call counter_overflow Runtime1 stub}
  0x000002c148097ed4: e8a7 3fec 

  0x000002c148097ed8: ; ImmutableOopMap {[248]=Oop [256]=Oop [280]=Oop [272]=Oop [264]=Oop [240]=Oop [288]=Oop [304]=Oop [296]=Oop }
                      ;*synchronization entry
                      ; - kotlin.jvm.internal.Intrinsics::sanitizeStackTrace@-1 (line 253)
                      ; - kotlin.jvm.internal.Intrinsics::throwParameterIsNullNPE@11 (line 140)
                      ; - kotlin.jvm.internal.Intrinsics::checkNotNullParameter@5 (line 131)
                      ; - org.jetbrains.kotlin.analysis.low.level.api.fir.api.LowLevelFirApiFacadeKt::getOrBuildFir@3
                      ; - org.jetbrains.kotlin.analysis.api.fir.components.KaFirResolver::doResolveCall@205 (line 1716)
  0x000002c148097ed8: 00e9 d89d 

  0x000002c148097edc: ;   {metadata({method} {0x000002c15943def0} 'getName' '()Ljava/lang/String;' in 'java/lang/Class')}
  0x000002c148097edc: ffff 49ba | e8de 4359 | c102 0000 | 4c89 5424 | 0848 c704 | 24ff ffff 

  0x000002c148097ef4: ;   {runtime_call counter_overflow Runtime1 stub}
  0x000002c148097ef4: ffe8 863f 

  0x000002c148097ef8: ; ImmutableOopMap {[248]=Oop [256]=Oop [280]=Oop [272]=Oop [264]=Oop [240]=Oop [288]=Oop [304]=Oop [296]=Oop rdx=Oop }
                      ;*synchronization entry
                      ; - java.lang.Class::getName@-1 (line 862)
                      ; - kotlin.jvm.internal.Intrinsics::sanitizeStackTrace@3 (line 253)
                      ; - kotlin.jvm.internal.Intrinsics::throwParameterIsNullNPE@11 (line 140)
                      ; - kotlin.jvm.internal.Intrinsics::checkNotNullParameter@5 (line 131)
                      ; - org.jetbrains.kotlin.analysis.low.level.api.fir.api.LowLevelFirApiFacadeKt::getOrBuildFir@3
                      ; - org.jetbrains.kotlin.analysis.api.fir.components.KaFirResolver::doResolveCall@205 (line 1716)
  0x000002c148097ef8: ec00 e9fe 

  0x000002c148097efc: ;   {runtime_call throw_null_pointer_exception Runtime1 stub}
  0x000002c148097efc: 9dff ffe8 

  0x000002c148097f00: ; ImmutableOopMap {[248]=Oop [256]=Oop [280]=Oop [272]=Oop [264]=Oop [240]=Oop [288]=Oop [304]=Oop [296]=Oop }
                      ;*getfield name {reexecute=1 rethrow=0 return_oop=0}
                      ; - (reexecute) java.lang.Class::getName@1 (line 862)
                      ; - kotlin.jvm.internal.Intrinsics::sanitizeStackTrace@3 (line 253)
                      ; - kotlin.jvm.internal.Intrinsics::throwParameterIsNullNPE@11 (line 140)
                      ; - kotlin.jvm.internal.Intrinsics::checkNotNullParameter@5 (line 131)
                      ; - org.jetbrains.kotlin.analysis.low.level.api.fir.api.LowLevelFirApiFacadeKt::getOrBuildFir@3
                      ; - org.jetbrains.kotlin.analysis.api.fir.components.KaFirResolver::doResolveCall@205 (line 1716)
  0x000002c148097f00: 9cee eb00 

  0x000002c148097f04: ;   {metadata({method} {0x000002c10ae0b7a8} 'checkNotNullParameter' '(Ljava/lang/Object;Ljava/lang/String;)V' in 'kotlin/jvm/internal/Intrinsics')}
  0x000002c148097f04: 49ba a0b7 | e00a c102 | 0000 4c89 | 5424 0848 | c704 24ff 

  0x000002c148097f18: ;   {runtime_call counter_overflow Runtime1 stub}
  0x000002c148097f18: ffff ffe8 

  0x000002c148097f1c: ; ImmutableOopMap {[248]=Oop [256]=Oop [280]=Oop [272]=Oop [264]=Oop [240]=Oop [288]=Oop rbx=Oop [304]=Oop }
                      ;*synchronization entry
                      ; - kotlin.jvm.internal.Intrinsics::checkNotNullParameter@-1 (line 130)
                      ; - org.jetbrains.kotlin.analysis.low.level.api.fir.api.LowLevelFirApiFacadeKt::getOrBuildFir@9
                      ; - org.jetbrains.kotlin.analysis.api.fir.components.KaFirResolver::doResolveCall@205 (line 1716)
  0x000002c148097f1c: 603f ec00 | e999 9eff 

  0x000002c148097f24: ;   {metadata({method} {0x000002c10ae0b918} 'throwParameterIsNullNPE' '(Ljava/lang/String;)V' in 'kotlin/jvm/internal/Intrinsics')}
  0x000002c148097f24: ff49 ba10 | b9e0 0ac1 | 0200 004c | 8954 2408 | 48c7 0424 | ffff ffff 

  0x000002c148097f3c: ;   {runtime_call counter_overflow Runtime1 stub}
  0x000002c148097f3c: e83f 3fec 

  0x000002c148097f40: ; ImmutableOopMap {[248]=Oop [256]=Oop [280]=Oop [272]=Oop [264]=Oop [240]=Oop [288]=Oop [304]=Oop }
                      ;*synchronization entry
                      ; - kotlin.jvm.internal.Intrinsics::throwParameterIsNullNPE@-1 (line 140)
                      ; - kotlin.jvm.internal.Intrinsics::checkNotNullParameter@5 (line 131)
                      ; - org.jetbrains.kotlin.analysis.low.level.api.fir.api.LowLevelFirApiFacadeKt::getOrBuildFir@9
                      ; - org.jetbrains.kotlin.analysis.api.fir.components.KaFirResolver::doResolveCall@205 (line 1716)
  0x000002c148097f40: 00e9 e69e 

  0x000002c148097f44: ;   {metadata(NULL)}
  0x000002c148097f44: ffff 48ba | 0000 0000 | 0000 0000 | b800 0f05 

  0x000002c148097f54: ;   {runtime_call load_klass_patching Runtime1 stub}
  0x000002c148097f54: 0ae8 a62e 

  0x000002c148097f58: ; ImmutableOopMap {[248]=Oop [256]=Oop [280]=Oop [272]=Oop [264]=Oop [240]=Oop [288]=Oop [304]=Oop }
                      ;*new {reexecute=1 rethrow=0 return_oop=0}
                      ; - (reexecute) kotlin.jvm.internal.Intrinsics::throwParameterIsNullNPE@0 (line 140)
                      ; - kotlin.jvm.internal.Intrinsics::checkNotNullParameter@5 (line 131)
                      ; - org.jetbrains.kotlin.analysis.low.level.api.fir.api.LowLevelFirApiFacadeKt::getOrBuildFir@9
                      ; - org.jetbrains.kotlin.analysis.api.fir.components.KaFirResolver::doResolveCall@205 (line 1716)
  0x000002c148097f58: ec00 e9d1 | 9eff ff48 

  0x000002c148097f60: ;   {runtime_call fast_new_instance Runtime1 stub}
  0x000002c148097f60: 8bd2 e819 

  0x000002c148097f64: ; ImmutableOopMap {[248]=Oop [256]=Oop [280]=Oop [272]=Oop [264]=Oop [240]=Oop [288]=Oop [304]=Oop }
                      ;*new {reexecute=0 rethrow=0 return_oop=0}
                      ; - kotlin.jvm.internal.Intrinsics::throwParameterIsNullNPE@0 (line 140)
                      ; - kotlin.jvm.internal.Intrinsics::checkNotNullParameter@5 (line 131)
                      ; - org.jetbrains.kotlin.analysis.low.level.api.fir.api.LowLevelFirApiFacadeKt::getOrBuildFir@9
                      ; - org.jetbrains.kotlin.analysis.api.fir.components.KaFirResolver::doResolveCall@205 (line 1716)
  0x000002c148097f64: f7eb 00e9 | 209f ffff 

  0x000002c148097f6c: ;   {metadata({method} {0x000002c10ae1c908} 'sanitizeStackTrace' '(Ljava/lang/Throwable;)Ljava/lang/Throwable;' in 'kotlin/jvm/internal/Intrinsics')}
  0x000002c148097f6c: 49ba 00c9 | e10a c102 | 0000 4c89 | 5424 0848 | c704 24ff 

  0x000002c148097f80: ;   {runtime_call counter_overflow Runtime1 stub}
  0x000002c148097f80: ffff ffe8 

  0x000002c148097f84: ; ImmutableOopMap {[248]=Oop [256]=Oop [280]=Oop [272]=Oop [264]=Oop [240]=Oop [288]=Oop [312]=Oop [304]=Oop }
                      ;*synchronization entry
                      ; - kotlin.jvm.internal.Intrinsics::sanitizeStackTrace@-1 (line 253)
                      ; - kotlin.jvm.internal.Intrinsics::throwParameterIsNullNPE@11 (line 140)
                      ; - kotlin.jvm.internal.Intrinsics::checkNotNullParameter@5 (line 131)
                      ; - org.jetbrains.kotlin.analysis.low.level.api.fir.api.LowLevelFirApiFacadeKt::getOrBuildFir@9
                      ; - org.jetbrains.kotlin.analysis.api.fir.components.KaFirResolver::doResolveCall@205 (line 1716)
  0x000002c148097f84: f83e ec00 | e999 9fff 

  0x000002c148097f8c: ;   {metadata({method} {0x000002c15943def0} 'getName' '()Ljava/lang/String;' in 'java/lang/Class')}
  0x000002c148097f8c: ff49 bae8 | de43 59c1 | 0200 004c | 8954 2408 | 48c7 0424 | ffff ffff 

  0x000002c148097fa4: ;   {runtime_call counter_overflow Runtime1 stub}
  0x000002c148097fa4: e8d7 3eec 

  0x000002c148097fa8: ; ImmutableOopMap {[248]=Oop [256]=Oop [280]=Oop [272]=Oop [264]=Oop [240]=Oop [288]=Oop [312]=Oop [304]=Oop rdx=Oop }
                      ;*synchronization entry
                      ; - java.lang.Class::getName@-1 (line 862)
                      ; - kotlin.jvm.internal.Intrinsics::sanitizeStackTrace@3 (line 253)
                      ; - kotlin.jvm.internal.Intrinsics::throwParameterIsNullNPE@11 (line 140)
                      ; - kotlin.jvm.internal.Intrinsics::checkNotNullParameter@5 (line 131)
                      ; - org.jetbrains.kotlin.analysis.low.level.api.fir.api.LowLevelFirApiFacadeKt::getOrBuildFir@9
                      ; - org.jetbrains.kotlin.analysis.api.fir.components.KaFirResolver::doResolveCall@205 (line 1716)
  0x000002c148097fa8: 00e9 bf9f 

  0x000002c148097fac: ;   {runtime_call throw_null_pointer_exception Runtime1 stub}
  0x000002c148097fac: ffff e8ed 

  0x000002c148097fb0: ; ImmutableOopMap {[248]=Oop [256]=Oop [280]=Oop [272]=Oop [264]=Oop [240]=Oop [288]=Oop [312]=Oop [304]=Oop }
                      ;*getfield name {reexecute=1 rethrow=0 return_oop=0}
                      ; - (reexecute) java.lang.Class::getName@1 (line 862)
                      ; - kotlin.jvm.internal.Intrinsics::sanitizeStackTrace@3 (line 253)
                      ; - kotlin.jvm.internal.Intrinsics::throwParameterIsNullNPE@11 (line 140)
                      ; - kotlin.jvm.internal.Intrinsics::checkNotNullParameter@5 (line 131)
                      ; - org.jetbrains.kotlin.analysis.low.level.api.fir.api.LowLevelFirApiFacadeKt::getOrBuildFir@9
                      ; - org.jetbrains.kotlin.analysis.api.fir.components.KaFirResolver::doResolveCall@205 (line 1716)
                      ;   {runtime_call throw_null_pointer_exception Runtime1 stub}
  0x000002c148097fb0: edeb 00e8 

  0x000002c148097fb4: ; ImmutableOopMap {[248]=Oop [256]=Oop [280]=Oop [272]=Oop [264]=Oop [240]=Oop rbx=Oop [304]=Oop rdi=Oop }
                      ;*invokevirtual getOrBuildFirFor$low_level_api_fir {reexecute=0 rethrow=0 return_oop=0}
                      ; - org.jetbrains.kotlin.analysis.low.level.api.fir.api.LowLevelFirApiFacadeKt::getOrBuildFir@14 (line 108)
                      ; - org.jetbrains.kotlin.analysis.api.fir.components.KaFirResolver::doResolveCall@205 (line 1716)
  0x000002c148097fb4: e8ed eb00 

  0x000002c148097fb8: ;   {metadata({method} {0x000002c1191eac30} 'getOrBuildFirFor$low_level_api_fir' '(Lorg/jetbrains/kotlin/psi/KtElement;)Lorg/jetbrains/kotlin/fir/FirElement;' in 'org/jetbrains/kotlin/analysis/low/level/api/fir/state/LLFirResolvableResolveSession')}
  0x000002c148097fb8: 49ba 28ac | 1e19 c102 | 0000 4c89 | 5424 0848 | c704 24ff 

  0x000002c148097fcc: ;   {runtime_call counter_overflow Runtime1 stub}
  0x000002c148097fcc: ffff ffe8 

  0x000002c148097fd0: ; ImmutableOopMap {[248]=Oop [256]=Oop [280]=Oop [272]=Oop [264]=Oop [240]=Oop rbx=Oop [304]=Oop rdi=Oop }
                      ;*synchronization entry
                      ; - org.jetbrains.kotlin.analysis.low.level.api.fir.state.LLFirResolvableResolveSession::getOrBuildFirFor$low_level_api_fir@-1
                      ; - org.jetbrains.kotlin.analysis.low.level.api.fir.api.LowLevelFirApiFacadeKt::getOrBuildFir@14 (line 108)
                      ; - org.jetbrains.kotlin.analysis.api.fir.components.KaFirResolver::doResolveCall@205 (line 1716)
  0x000002c148097fd0: ac3e ec00 | e963 a0ff 

  0x000002c148097fd8: ;   {metadata({method} {0x000002c10ae0b7a8} 'checkNotNullParameter' '(Ljava/lang/Object;Ljava/lang/String;)V' in 'kotlin/jvm/internal/Intrinsics')}
  0x000002c148097fd8: ff49 baa0 | b7e0 0ac1 | 0200 004c | 8954 2408 | 48c7 0424 | ffff ffff 

  0x000002c148097ff0: ;   {runtime_call counter_overflow Runtime1 stub}
  0x000002c148097ff0: e88b 3eec 

  0x000002c148097ff4: ; ImmutableOopMap {[248]=Oop [256]=Oop [280]=Oop [272]=Oop [264]=Oop [240]=Oop rbx=Oop [304]=Oop rdi=Oop }
                      ;*synchronization entry
                      ; - kotlin.jvm.internal.Intrinsics::checkNotNullParameter@-1 (line 130)
                      ; - org.jetbrains.kotlin.analysis.low.level.api.fir.state.LLFirResolvableResolveSession::getOrBuildFirFor$low_level_api_fir@3
                      ; - org.jetbrains.kotlin.analysis.low.level.api.fir.api.LowLevelFirApiFacadeKt::getOrBuildFir@14 (line 108)
                      ; - org.jetbrains.kotlin.analysis.api.fir.components.KaFirResolver::doResolveCall@205 (line 1716)
  0x000002c148097ff4: 00e9 7ca0 

  0x000002c148097ff8: ;   {metadata({method} {0x000002c10ae0b918} 'throwParameterIsNullNPE' '(Ljava/lang/String;)V' in 'kotlin/jvm/internal/Intrinsics')}
  0x000002c148097ff8: ffff 49ba | 10b9 e00a | c102 0000 | 4c89 5424 | 0848 c704 | 24ff ffff 

  0x000002c148098010: ;   {runtime_call counter_overflow Runtime1 stub}
  0x000002c148098010: ffe8 6a3e 

  0x000002c148098014: ; ImmutableOopMap {[248]=Oop [256]=Oop [280]=Oop [272]=Oop [264]=Oop [240]=Oop [288]=Oop [304]=Oop }
                      ;*synchronization entry
                      ; - kotlin.jvm.internal.Intrinsics::throwParameterIsNullNPE@-1 (line 140)
                      ; - kotlin.jvm.internal.Intrinsics::checkNotNullParameter@5 (line 131)
                      ; - org.jetbrains.kotlin.analysis.low.level.api.fir.state.LLFirResolvableResolveSession::getOrBuildFirFor$low_level_api_fir@3
                      ; - org.jetbrains.kotlin.analysis.low.level.api.fir.api.LowLevelFirApiFacadeKt::getOrBuildFir@14 (line 108)
                      ; - org.jetbrains.kotlin.analysis.api.fir.components.KaFirResolver::doResolveCall@205 (line 1716)
  0x000002c148098014: ec00 e9d1 

  0x000002c148098018: ;   {metadata(NULL)}
  0x000002c148098018: a0ff ff48 | ba00 0000 | 0000 0000 | 00b8 000f 

  0x000002c148098028: ;   {runtime_call load_klass_patching Runtime1 stub}
  0x000002c148098028: 050a e8d1 

  0x000002c14809802c: ; ImmutableOopMap {[248]=Oop [256]=Oop [280]=Oop [272]=Oop [264]=Oop [240]=Oop [288]=Oop [304]=Oop }
                      ;*new {reexecute=1 rethrow=0 return_oop=0}
                      ; - (reexecute) kotlin.jvm.internal.Intrinsics::throwParameterIsNullNPE@0 (line 140)
                      ; - kotlin.jvm.internal.Intrinsics::checkNotNullParameter@5 (line 131)
                      ; - org.jetbrains.kotlin.analysis.low.level.api.fir.state.LLFirResolvableResolveSession::getOrBuildFirFor$low_level_api_fir@3
                      ; - org.jetbrains.kotlin.analysis.low.level.api.fir.api.LowLevelFirApiFacadeKt::getOrBuildFir@14 (line 108)
                      ; - org.jetbrains.kotlin.analysis.api.fir.components.KaFirResolver::doResolveCall@205 (line 1716)
  0x000002c14809802c: 2dec 00e9 | bca0 ffff 

  0x000002c148098034: ;   {runtime_call fast_new_instance Runtime1 stub}
  0x000002c148098034: 488b d2e8 

  0x000002c148098038: ; ImmutableOopMap {[248]=Oop [256]=Oop [280]=Oop [272]=Oop [264]=Oop [240]=Oop [304]=Oop [288]=Oop }
                      ;*new {reexecute=0 rethrow=0 return_oop=0}
                      ; - kotlin.jvm.internal.Intrinsics::throwParameterIsNullNPE@0 (line 140)
                      ; - kotlin.jvm.internal.Intrinsics::checkNotNullParameter@5 (line 131)
                      ; - org.jetbrains.kotlin.analysis.low.level.api.fir.state.LLFirResolvableResolveSession::getOrBuildFirFor$low_level_api_fir@3
                      ; - org.jetbrains.kotlin.analysis.low.level.api.fir.api.LowLevelFirApiFacadeKt::getOrBuildFir@14 (line 108)
                      ; - org.jetbrains.kotlin.analysis.api.fir.components.KaFirResolver::doResolveCall@205 (line 1716)
  0x000002c148098038: 44f6 eb00 | e90b a1ff 

  0x000002c148098040: ;   {metadata({method} {0x000002c10ae1c908} 'sanitizeStackTrace' '(Ljava/lang/Throwable;)Ljava/lang/Throwable;' in 'kotlin/jvm/internal/Intrinsics')}
  0x000002c148098040: ff49 ba00 | c9e1 0ac1 | 0200 004c | 8954 2408 | 48c7 0424 | ffff ffff 

  0x000002c148098058: ;   {runtime_call counter_overflow Runtime1 stub}
  0x000002c148098058: e823 3eec 

  0x000002c14809805c: ; ImmutableOopMap {[248]=Oop [256]=Oop [280]=Oop [272]=Oop [264]=Oop [240]=Oop [288]=Oop [320]=Oop [304]=Oop }
                      ;*synchronization entry
                      ; - kotlin.jvm.internal.Intrinsics::sanitizeStackTrace@-1 (line 253)
                      ; - kotlin.jvm.internal.Intrinsics::throwParameterIsNullNPE@11 (line 140)
                      ; - kotlin.jvm.internal.Intrinsics::checkNotNullParameter@5 (line 131)
                      ; - org.jetbrains.kotlin.analysis.low.level.api.fir.state.LLFirResolvableResolveSession::getOrBuildFirFor$low_level_api_fir@3
                      ; - org.jetbrains.kotlin.analysis.low.level.api.fir.api.LowLevelFirApiFacadeKt::getOrBuildFir@14 (line 108)
                      ; - org.jetbrains.kotlin.analysis.api.fir.components.KaFirResolver::doResolveCall@205 (line 1716)
  0x000002c14809805c: 00e9 84a1 

  0x000002c148098060: ;   {metadata({method} {0x000002c15943def0} 'getName' '()Ljava/lang/String;' in 'java/lang/Class')}
  0x000002c148098060: ffff 49ba | e8de 4359 | c102 0000 | 4c89 5424 | 0848 c704 | 24ff ffff 

  0x000002c148098078: ;   {runtime_call counter_overflow Runtime1 stub}
  0x000002c148098078: ffe8 023e 

  0x000002c14809807c: ; ImmutableOopMap {[248]=Oop [256]=Oop [280]=Oop [272]=Oop [264]=Oop [240]=Oop [288]=Oop [320]=Oop [304]=Oop rdx=Oop }
                      ;*synchronization entry
                      ; - java.lang.Class::getName@-1 (line 862)
                      ; - kotlin.jvm.internal.Intrinsics::sanitizeStackTrace@3 (line 253)
                      ; - kotlin.jvm.internal.Intrinsics::throwParameterIsNullNPE@11 (line 140)
                      ; - kotlin.jvm.internal.Intrinsics::checkNotNullParameter@5 (line 131)
                      ; - org.jetbrains.kotlin.analysis.low.level.api.fir.state.LLFirResolvableResolveSession::getOrBuildFirFor$low_level_api_fir@3
                      ; - org.jetbrains.kotlin.analysis.low.level.api.fir.api.LowLevelFirApiFacadeKt::getOrBuildFir@14 (line 108)
                      ; - org.jetbrains.kotlin.analysis.api.fir.components.KaFirResolver::doResolveCall@205 (line 1716)
  0x000002c14809807c: ec00 e9aa 

  0x000002c148098080: ;   {runtime_call throw_null_pointer_exception Runtime1 stub}
  0x000002c148098080: a1ff ffe8 

  0x000002c148098084: ; ImmutableOopMap {[248]=Oop [256]=Oop [280]=Oop [272]=Oop [264]=Oop [240]=Oop [288]=Oop [320]=Oop [304]=Oop }
                      ;*getfield name {reexecute=1 rethrow=0 return_oop=0}
                      ; - (reexecute) java.lang.Class::getName@1 (line 862)
                      ; - kotlin.jvm.internal.Intrinsics::sanitizeStackTrace@3 (line 253)
                      ; - kotlin.jvm.internal.Intrinsics::throwParameterIsNullNPE@11 (line 140)
                      ; - kotlin.jvm.internal.Intrinsics::checkNotNullParameter@5 (line 131)
                      ; - org.jetbrains.kotlin.analysis.low.level.api.fir.state.LLFirResolvableResolveSession::getOrBuildFirFor$low_level_api_fir@3
                      ; - org.jetbrains.kotlin.analysis.low.level.api.fir.api.LowLevelFirApiFacadeKt::getOrBuildFir@14 (line 108)
                      ; - org.jetbrains.kotlin.analysis.api.fir.components.KaFirResolver::doResolveCall@205 (line 1716)
  0x000002c148098084: 18ed eb00 

  0x000002c148098088: ;   {metadata({method} {0x000002c1191eadd0} 'getModuleComponentsForElement' '(Lorg/jetbrains/kotlin/psi/KtElement;)Lorg/jetbrains/kotlin/analysis/low/level/api/fir/LLFirModuleResolveComponents;' in 'org/jetbrains/kotlin/analysis/low/level/api/fir/state/LLFirResolvableResolveSession')}
  0x000002c148098088: 49ba c8ad | 1e19 c102 | 0000 4c89 | 5424 0848 | c704 24ff 

  0x000002c14809809c: ;   {runtime_call counter_overflow Runtime1 stub}
  0x000002c14809809c: ffff ffe8 

  0x000002c1480980a0: ; ImmutableOopMap {[248]=Oop [256]=Oop [280]=Oop [272]=Oop [264]=Oop [240]=Oop rdi=Oop rbx=Oop [304]=Oop }
                      ;*synchronization entry
                      ; - org.jetbrains.kotlin.analysis.low.level.api.fir.state.LLFirResolvableResolveSession::getModuleComponentsForElement@-1 (line 57)
                      ; - org.jetbrains.kotlin.analysis.low.level.api.fir.state.LLFirResolvableResolveSession::getOrBuildFirFor$low_level_api_fir@8 (line 47)
                      ; - org.jetbrains.kotlin.analysis.low.level.api.fir.api.LowLevelFirApiFacadeKt::getOrBuildFir@14 (line 108)
                      ; - org.jetbrains.kotlin.analysis.api.fir.components.KaFirResolver::doResolveCall@205 (line 1716)
  0x000002c1480980a0: dc3d ec00 | e94d a2ff | ff48 893c 

  0x000002c1480980ac: ;   {runtime_call throw_class_cast_exception Runtime1 stub}
  0x000002c1480980ac: 24e8 ee10 

  0x000002c1480980b0: ; ImmutableOopMap {[248]=Oop [256]=Oop [280]=Oop [272]=Oop [264]=Oop [240]=Oop rdi=Oop rbx=Oop [304]=Oop }
                      ;*checkcast {reexecute=0 rethrow=0 return_oop=0}
                      ; - org.jetbrains.kotlin.analysis.low.level.api.fir.state.LLFirResolvableResolveSession::getModuleComponentsForElement@5 (line 57)
                      ; - org.jetbrains.kotlin.analysis.low.level.api.fir.state.LLFirResolvableResolveSession::getOrBuildFirFor$low_level_api_fir@8 (line 47)
                      ; - org.jetbrains.kotlin.analysis.low.level.api.fir.api.LowLevelFirApiFacadeKt::getOrBuildFir@14 (line 108)
                      ; - org.jetbrains.kotlin.analysis.api.fir.components.KaFirResolver::doResolveCall@205 (line 1716)
                      ;   {runtime_call throw_null_pointer_exception Runtime1 stub}
  0x000002c1480980b0: ec00 e8e9 

  0x000002c1480980b4: ; ImmutableOopMap {[248]=Oop [256]=Oop [280]=Oop [272]=Oop [264]=Oop [240]=Oop [288]=Oop rax=Oop rbx=Oop }
                      ;*invokevirtual getResolvableSession {reexecute=0 rethrow=0 return_oop=0}
                      ; - org.jetbrains.kotlin.analysis.low.level.api.fir.state.LLFirResolvableResolveSession::getModuleComponentsForElement@17 (line 58)
                      ; - org.jetbrains.kotlin.analysis.low.level.api.fir.state.LLFirResolvableResolveSession::getOrBuildFirFor$low_level_api_fir@8 (line 47)
                      ; - org.jetbrains.kotlin.analysis.low.level.api.fir.api.LowLevelFirApiFacadeKt::getOrBuildFir@14 (line 108)
                      ; - org.jetbrains.kotlin.analysis.api.fir.components.KaFirResolver::doResolveCall@205 (line 1716)
                      ;   {metadata({method} {0x000002c1191debe0} 'getResolvableSession' '(Lorg/jetbrains/kotlin/analysis/api/projectStructure/KaModule;)Lorg/jetbrains/kotlin/analysis/low/level/api/fir/sessions/LLFirResolvableModuleSession;' in 'org/jetbrains/kotlin/analysis/low/level/api/fir/state/LLSessionProvider')}
  0x000002c1480980b4: eceb 0049 | bad8 eb1d | 19c1 0200 | 004c 8954 | 2408 48c7 | 0424 ffff 

  0x000002c1480980cc: ;   {runtime_call counter_overflow Runtime1 stub}
  0x000002c1480980cc: ffff e8ad 

  0x000002c1480980d0: ; ImmutableOopMap {[248]=Oop [256]=Oop [280]=Oop [272]=Oop [264]=Oop [240]=Oop [288]=Oop rax=Oop rbx=Oop }
                      ;*synchronization entry
                      ; - org.jetbrains.kotlin.analysis.low.level.api.fir.state.LLSessionProvider::getResolvableSession@-1
                      ; - org.jetbrains.kotlin.analysis.low.level.api.fir.state.LLFirResolvableResolveSession::getModuleComponentsForElement@17 (line 58)
                      ; - org.jetbrains.kotlin.analysis.low.level.api.fir.state.LLFirResolvableResolveSession::getOrBuildFirFor$low_level_api_fir@8 (line 47)
                      ; - org.jetbrains.kotlin.analysis.low.level.api.fir.api.LowLevelFirApiFacadeKt::getOrBuildFir@14 (line 108)
                      ; - org.jetbrains.kotlin.analysis.api.fir.components.KaFirResolver::doResolveCall@205 (line 1716)
  0x000002c1480980d0: 3dec 00e9 | bea3 ffff 

  0x000002c1480980d8: ;   {metadata({method} {0x000002c10ae0b7a8} 'checkNotNullParameter' '(Ljava/lang/Object;Ljava/lang/String;)V' in 'kotlin/jvm/internal/Intrinsics')}
  0x000002c1480980d8: 49ba a0b7 | e00a c102 | 0000 4c89 | 5424 0848 | c704 24ff 

  0x000002c1480980ec: ;   {runtime_call counter_overflow Runtime1 stub}
  0x000002c1480980ec: ffff ffe8 

  0x000002c1480980f0: ; ImmutableOopMap {[248]=Oop [256]=Oop [280]=Oop [272]=Oop [264]=Oop [240]=Oop [288]=Oop rax=Oop rbx=Oop }
                      ;*synchronization entry
                      ; - kotlin.jvm.internal.Intrinsics::checkNotNullParameter@-1 (line 130)
                      ; - org.jetbrains.kotlin.analysis.low.level.api.fir.state.LLSessionProvider::getResolvableSession@3
                      ; - org.jetbrains.kotlin.analysis.low.level.api.fir.state.LLFirResolvableResolveSession::getModuleComponentsForElement@17 (line 58)
                      ; - org.jetbrains.kotlin.analysis.low.level.api.fir.state.LLFirResolvableResolveSession::getOrBuildFirFor$low_level_api_fir@8 (line 47)
                      ; - org.jetbrains.kotlin.analysis.low.level.api.fir.api.LowLevelFirApiFacadeKt::getOrBuildFir@14 (line 108)
                      ; - org.jetbrains.kotlin.analysis.api.fir.components.KaFirResolver::doResolveCall@205 (line 1716)
  0x000002c1480980f0: 8c3d ec00 | e9dc a3ff 

  0x000002c1480980f8: ;   {metadata({method} {0x000002c10ae0a8d0} 'checkNotNull' '(Ljava/lang/Object;Ljava/lang/String;)V' in 'kotlin/jvm/internal/Intrinsics')}
  0x000002c1480980f8: ff49 bac8 | a8e0 0ac1 | 0200 004c | 8954 2408 | 48c7 0424 | ffff ffff 

  0x000002c148098110: ;   {runtime_call counter_overflow Runtime1 stub}
  0x000002c148098110: e86b 3dec 

  0x000002c148098114: ; ImmutableOopMap {[248]=Oop [256]=Oop [280]=Oop [272]=Oop [264]=Oop [240]=Oop [288]=Oop rax=Oop }
                      ;*synchronization entry
                      ; - kotlin.jvm.internal.Intrinsics::checkNotNull@-1 (line 30)
                      ; - org.jetbrains.kotlin.analysis.low.level.api.fir.state.LLSessionProvider::getResolvableSession@15 (line 40)
                      ; - org.jetbrains.kotlin.analysis.low.level.api.fir.state.LLFirResolvableResolveSession::getModuleComponentsForElement@17 (line 58)
                      ; - org.jetbrains.kotlin.analysis.low.level.api.fir.state.LLFirResolvableResolveSession::getOrBuildFirFor$low_level_api_fir@8 (line 47)
                      ; - org.jetbrains.kotlin.analysis.low.level.api.fir.api.LowLevelFirApiFacadeKt::getOrBuildFir@14 (line 108)
                      ; - org.jetbrains.kotlin.analysis.api.fir.components.KaFirResolver::doResolveCall@205 (line 1716)
  0x000002c148098114: 00e9 56a4 | ffff 4889 

  0x000002c14809811c: ;   {runtime_call throw_class_cast_exception Runtime1 stub}
  0x000002c14809811c: 0424 e87d 

  0x000002c148098120: ; ImmutableOopMap {[248]=Oop [256]=Oop [280]=Oop [272]=Oop [264]=Oop [240]=Oop [288]=Oop }
                      ;*checkcast {reexecute=0 rethrow=0 return_oop=0}
                      ; - org.jetbrains.kotlin.analysis.low.level.api.fir.state.LLSessionProvider::getResolvableSession@18 (line 40)
                      ; - org.jetbrains.kotlin.analysis.low.level.api.fir.state.LLFirResolvableResolveSession::getModuleComponentsForElement@17 (line 58)
                      ; - org.jetbrains.kotlin.analysis.low.level.api.fir.state.LLFirResolvableResolveSession::getOrBuildFirFor$low_level_api_fir@8 (line 47)
                      ; - org.jetbrains.kotlin.analysis.low.level.api.fir.api.LowLevelFirApiFacadeKt::getOrBuildFir@14 (line 108)
                      ; - org.jetbrains.kotlin.analysis.api.fir.components.KaFirResolver::doResolveCall@205 (line 1716)
                      ;   {runtime_call throw_null_pointer_exception Runtime1 stub}
  0x000002c148098120: 10ec 00e8 

  0x000002c148098124: ; ImmutableOopMap {[248]=Oop [256]=Oop [280]=Oop [272]=Oop [264]=Oop [240]=Oop [288]=Oop r8=Oop }
                      ;*invokevirtual getModuleComponents$low_level_api_fir {reexecute=0 rethrow=0 return_oop=0}
                      ; - org.jetbrains.kotlin.analysis.low.level.api.fir.state.LLFirResolvableResolveSession::getModuleComponentsForElement@20 (line 58)
                      ; - org.jetbrains.kotlin.analysis.low.level.api.fir.state.LLFirResolvableResolveSession::getOrBuildFirFor$low_level_api_fir@8 (line 47)
                      ; - org.jetbrains.kotlin.analysis.low.level.api.fir.api.LowLevelFirApiFacadeKt::getOrBuildFir@14 (line 108)
                      ; - org.jetbrains.kotlin.analysis.api.fir.components.KaFirResolver::doResolveCall@205 (line 1716)
  0x000002c148098124: 78ec eb00 

  0x000002c148098128: ;   {runtime_call throw_null_pointer_exception Runtime1 stub}
  0x000002c148098128: e873 eceb 

  0x000002c14809812c: ; ImmutableOopMap {[248]=Oop [256]=Oop [280]=Oop [272]=Oop [264]=Oop [240]=Oop [288]=Oop r8=Oop }
                      ;*invokevirtual getElementsBuilder {reexecute=0 rethrow=0 return_oop=0}
                      ; - org.jetbrains.kotlin.analysis.low.level.api.fir.state.LLFirResolvableResolveSession::getOrBuildFirFor$low_level_api_fir@13 (line 48)
                      ; - org.jetbrains.kotlin.analysis.low.level.api.fir.api.LowLevelFirApiFacadeKt::getOrBuildFir@14 (line 108)
                      ; - org.jetbrains.kotlin.analysis.api.fir.components.KaFirResolver::doResolveCall@205 (line 1716)
                      ;   {runtime_call throw_null_pointer_exception Runtime1 stub}
  0x000002c14809812c: 00e8 6eec 

  0x000002c148098130: ; ImmutableOopMap {[248]=Oop [256]=Oop [280]=Oop [272]=Oop [264]=Oop [240]=Oop [288]=Oop rdx=Oop }
                      ;*invokevirtual getOrBuildFirFor {reexecute=0 rethrow=0 return_oop=0}
                      ; - org.jetbrains.kotlin.analysis.low.level.api.fir.state.LLFirResolvableResolveSession::getOrBuildFirFor$low_level_api_fir@17 (line 48)
                      ; - org.jetbrains.kotlin.analysis.low.level.api.fir.api.LowLevelFirApiFacadeKt::getOrBuildFir@14 (line 108)
                      ; - org.jetbrains.kotlin.analysis.api.fir.components.KaFirResolver::doResolveCall@205 (line 1716)
                      ;   {metadata({method} {0x000002c10b0e5eb0} 'emptyList' '()Ljava/util/List;' in 'kotlin/collections/CollectionsKt__CollectionsKt')}
  0x000002c148098130: eb00 49ba | a85e 0e0b | c102 0000 | 4c89 5424 | 0848 c704 | 24ff ffff 

  0x000002c148098148: ;   {runtime_call counter_overflow Runtime1 stub}
  0x000002c148098148: ffe8 323d 

  0x000002c14809814c: ; ImmutableOopMap {[248]=Oop [256]=Oop [240]=Oop }
                      ;*synchronization entry
                      ; - kotlin.collections.CollectionsKt__CollectionsKt::emptyList@-1 (line 72)
                      ; - org.jetbrains.kotlin.analysis.api.fir.components.KaFirResolver::doResolveCall@213 (line 1716)
  0x000002c14809814c: ec00 e90f | a6ff ff48 

  0x000002c148098154: ;   {runtime_call throw_class_cast_exception Runtime1 stub}
  0x000002c148098154: 8904 24e8 

  0x000002c148098158: ; ImmutableOopMap {[248]=Oop [256]=Oop [240]=Oop [288]=Oop }
                      ;*checkcast {reexecute=0 rethrow=0 return_oop=0}
                      ; - org.jetbrains.kotlin.analysis.api.fir.components.KaFirResolver::doResolveCall@235 (line 1718)
  0x000002c148098158: 4410 ec00 

  0x000002c14809815c: ;   {metadata(NULL)}
  0x000002c14809815c: 48ba 0000 | 0000 0000 | 0000 b800 

  0x000002c148098168: ;   {runtime_call load_klass_patching Runtime1 stub}
  0x000002c148098168: 0f05 0ae8 

  0x000002c14809816c: ; ImmutableOopMap {[248]=Oop [256]=Oop [240]=Oop [288]=Oop r8=Oop }
                      ;*new {reexecute=1 rethrow=0 return_oop=0}
                      ; - (reexecute) org.jetbrains.kotlin.analysis.api.fir.components.KaFirResolver::doResolveCall@243 (line 169)
  0x000002c14809816c: 902c ec00 | e973 a8ff | ff48 8bd2 

  0x000002c148098178: ;   {runtime_call new_instance Runtime1 stub}
  0x000002c148098178: e803 f2eb 

  0x000002c14809817c: ; ImmutableOopMap {[248]=Oop [256]=Oop [240]=Oop [288]=Oop r8=Oop }
                      ;*new {reexecute=0 rethrow=0 return_oop=0}
                      ; - org.jetbrains.kotlin.analysis.api.fir.components.KaFirResolver::doResolveCall@243 (line 169)
  0x000002c14809817c: 00e9 75a8 

  0x000002c148098180: ;   {metadata({method} {0x000002c10b0e5eb0} 'emptyList' '()Ljava/util/List;' in 'kotlin/collections/CollectionsKt__CollectionsKt')}
  0x000002c148098180: ffff 49ba | a85e 0e0b | c102 0000 | 4c89 5424 | 0848 c704 | 24ff ffff 

  0x000002c148098198: ;   {runtime_call counter_overflow Runtime1 stub}
  0x000002c148098198: ffe8 e23c 

  0x000002c14809819c: ; ImmutableOopMap {[248]=Oop [256]=Oop [240]=Oop [288]=Oop r8=Oop rax=Oop }
                      ;*synchronization entry
                      ; - kotlin.collections.CollectionsKt__CollectionsKt::emptyList@-1 (line 72)
                      ; - org.jetbrains.kotlin.analysis.api.fir.components.KaFirResolver::doResolveCall@247 (line 169)
  0x000002c14809819c: ec00 e990 

  0x000002c1480981a0: ;   {metadata({method} {0x000002c119cebd18} 'access$createKtDiagnostic' '(Lorg/jetbrains/kotlin/analysis/api/fir/components/KaFirResolver;Lorg/jetbrains/kotlin/fir/diagnostics/FirDiagnosticHolder;Lorg/jetbrains/kotlin/psi/KtElement;)Lorg/jetbrains/kotlin/analysis/api/diagnostics/KaDiagnostic;' in 'org/jetbrains/kotlin/analysis/api/fir/components/KaFirResolver')}
  0x000002c1480981a0: a8ff ff49 | ba10 bdce | 19c1 0200 | 004c 8954 | 2408 48c7 | 0424 ffff 

  0x000002c1480981b8: ;   {runtime_call counter_overflow Runtime1 stub}
  0x000002c1480981b8: ffff e8c1 

  0x000002c1480981bc: ; ImmutableOopMap {[248]=Oop [256]=Oop [240]=Oop [288]=Oop r8=Oop rax=Oop }
                      ;*synchronization entry
                      ; - org.jetbrains.kotlin.analysis.api.fir.components.KaFirResolver::access$createKtDiagnostic@-1
                      ; - org.jetbrains.kotlin.analysis.api.fir.components.KaFirResolver::doResolveCall@255 (line 169)
  0x000002c1480981bc: 3cec 00e9 | aba8 ffff 

  0x000002c1480981c4: ;   {metadata({method} {0x000002c10b0e89e0} 'listOf' '(Ljava/lang/Object;)Ljava/util/List;' in 'kotlin/collections/CollectionsKt__CollectionsJVMKt')}
  0x000002c1480981c4: 49ba d889 | 0e0b c102 | 0000 4c89 | 5424 0848 | c704 24ff 

  0x000002c1480981d8: ;   {runtime_call counter_overflow Runtime1 stub}
  0x000002c1480981d8: ffff ffe8 

  0x000002c1480981dc: ; ImmutableOopMap {[248]=Oop [256]=Oop [240]=Oop [328]=Oop }
                      ;*synchronization entry
                      ; - kotlin.collections.CollectionsKt__CollectionsJVMKt::listOf@-1 (line 21)
                      ; - org.jetbrains.kotlin.analysis.api.fir.components.KaFirResolver::doResolveCall@261 (line 169)
  0x000002c1480981dc: a03c ec00 | e939 a9ff 

  0x000002c1480981e4: ;   {metadata({method} {0x000002c1593829f0} 'singletonList' '(Ljava/lang/Object;)Ljava/util/List;' in 'java/util/Collections')}
  0x000002c1480981e4: ff49 bae8 | 2938 59c1 | 0200 004c | 8954 2408 | 48c7 0424 | ffff ffff 

  0x000002c1480981fc: ;   {runtime_call counter_overflow Runtime1 stub}
  0x000002c1480981fc: e87f 3cec 

  0x000002c148098200: ; ImmutableOopMap {[248]=Oop [256]=Oop [240]=Oop [328]=Oop }
                      ;*synchronization entry
                      ; - java.util.Collections::singletonList@-1 (line 4932)
                      ; - kotlin.collections.CollectionsKt__CollectionsJVMKt::listOf@1 (line 21)
                      ; - org.jetbrains.kotlin.analysis.api.fir.components.KaFirResolver::doResolveCall@261 (line 169)
  0x000002c148098200: 00e9 52a9 | ffff 488b 

  0x000002c148098208: ;   {runtime_call fast_new_instance Runtime1 stub}
  0x000002c148098208: d2e8 72f4 

  0x000002c14809820c: ; ImmutableOopMap {[248]=Oop [256]=Oop [240]=Oop [328]=Oop }
                      ;*new {reexecute=0 rethrow=0 return_oop=0}
                      ; - java.util.Collections::singletonList@0 (line 4932)
                      ; - kotlin.collections.CollectionsKt__CollectionsJVMKt::listOf@1 (line 21)
                      ; - org.jetbrains.kotlin.analysis.api.fir.components.KaFirResolver::doResolveCall@261 (line 169)
  0x000002c14809820c: eb00 e995 

  0x000002c148098210: ;   {metadata({method} {0x000002c174108030} '<init>' '(Ljava/lang/Object;)V' in 'java/util/Collections$SingletonList')}
  0x000002c148098210: a9ff ff49 | ba28 8010 | 74c1 0200 | 004c 8954 | 2408 48c7 | 0424 ffff 

  0x000002c148098228: ;   {runtime_call counter_overflow Runtime1 stub}
  0x000002c148098228: ffff e851 

  0x000002c14809822c: ; ImmutableOopMap {[248]=Oop [256]=Oop [240]=Oop [328]=Oop rax=Oop }
                      ;*synchronization entry
                      ; - java.util.Collections$SingletonList::<init>@-1 (line 4948)
                      ; - java.util.Collections::singletonList@5 (line 4932)
                      ; - kotlin.collections.CollectionsKt__CollectionsJVMKt::listOf@1 (line 21)
                      ; - org.jetbrains.kotlin.analysis.api.fir.components.KaFirResolver::doResolveCall@261 (line 169)
  0x000002c14809822c: 3cec 00e9 | b6a9 ffff 

  0x000002c148098234: ;   {metadata({method} {0x000002c1593c8040} '<init>' '()V' in 'java/util/AbstractList')}
  0x000002c148098234: 49ba 3880 | 3c59 c102 | 0000 4c89 | 5424 0848 | c704 24ff 

  0x000002c148098248: ;   {runtime_call counter_overflow Runtime1 stub}
  0x000002c148098248: ffff ffe8 

  0x000002c14809824c: ; ImmutableOopMap {[248]=Oop [256]=Oop [240]=Oop [328]=Oop rax=Oop }
                      ;*synchronization entry
                      ; - java.util.AbstractList::<init>@-1 (line 78)
                      ; - java.util.Collections$SingletonList::<init>@1 (line 4948)
                      ; - java.util.Collections::singletonList@5 (line 4932)
                      ; - kotlin.collections.CollectionsKt__CollectionsJVMKt::listOf@1 (line 21)
                      ; - org.jetbrains.kotlin.analysis.api.fir.components.KaFirResolver::doResolveCall@261 (line 169)
  0x000002c14809824c: 303c ec00 | e9d7 a9ff 

  0x000002c148098254: ;   {metadata({method} {0x000002c159071aa8} '<init>' '()V' in 'java/util/AbstractCollection')}
  0x000002c148098254: ff49 baa0 | 1a07 59c1 | 0200 004c | 8954 2408 | 48c7 0424 | ffff ffff 

  0x000002c14809826c: ;   {runtime_call counter_overflow Runtime1 stub}
  0x000002c14809826c: e80f 3cec 

  0x000002c148098270: ; ImmutableOopMap {[248]=Oop [256]=Oop [240]=Oop [328]=Oop rax=Oop }
                      ;*synchronization entry
                      ; - java.util.AbstractCollection::<init>@-1 (line 68)
                      ; - java.util.AbstractList::<init>@1 (line 78)
                      ; - java.util.Collections$SingletonList::<init>@1 (line 4948)
                      ; - java.util.Collections::singletonList@5 (line 4932)
                      ; - kotlin.collections.CollectionsKt__CollectionsJVMKt::listOf@1 (line 21)
                      ; - org.jetbrains.kotlin.analysis.api.fir.components.KaFirResolver::doResolveCall@261 (line 169)
  0x000002c148098270: 00e9 f8a9 

  0x000002c148098274: ;   {metadata({method} {0x000002c1594415a8} '<init>' '()V' in 'java/lang/Object')}
  0x000002c148098274: ffff 49ba | a015 4459 | c102 0000 | 4c89 5424 | 0848 c704 | 24ff ffff 

  0x000002c14809828c: ;   {runtime_call counter_overflow Runtime1 stub}
  0x000002c14809828c: ffe8 ee3b 

  0x000002c148098290: ; ImmutableOopMap {[248]=Oop [256]=Oop [240]=Oop [328]=Oop rax=Oop }
                      ;*synchronization entry
                      ; - java.lang.Object::<init>@-1 (line 44)
                      ; - java.util.AbstractCollection::<init>@1 (line 68)
                      ; - java.util.AbstractList::<init>@1 (line 78)
                      ; - java.util.Collections$SingletonList::<init>@1 (line 4948)
                      ; - java.util.Collections::singletonList@5 (line 4932)
                      ; - kotlin.collections.CollectionsKt__CollectionsJVMKt::listOf@1 (line 21)
                      ; - org.jetbrains.kotlin.analysis.api.fir.components.KaFirResolver::doResolveCall@261 (line 169)
  0x000002c148098290: ec00 e919 | aaff ff8b | 5010 4883 | fa00 0f84 | 1aaa ffff | 4889 1424 

  0x000002c1480982a8: ;   {runtime_call g1_pre_barrier_slow}
  0x000002c1480982a8: e8d3 41ec | 00e9 0caa | ffff 4883 | fa00 0f84 | 25aa ffff | 4889 0424 

  0x000002c1480982c0: ;   {runtime_call g1_post_barrier_slow}
  0x000002c1480982c0: e8bb 44ec | 00e9 17aa 

  0x000002c1480982c8: ;   {metadata({method} {0x000002c10ae0bcf0} 'areEqual' '(Ljava/lang/Object;Ljava/lang/Object;)Z' in 'kotlin/jvm/internal/Intrinsics')}
  0x000002c1480982c8: ffff 49ba | e8bc e00a | c102 0000 | 4c89 5424 | 0848 c704 | 24ff ffff 

  0x000002c1480982e0: ;   {runtime_call counter_overflow Runtime1 stub}
  0x000002c1480982e0: ffe8 9a3b 

  0x000002c1480982e4: ; ImmutableOopMap {[248]=Oop [256]=Oop [240]=Oop rdi=Oop [280]=Oop [272]=Oop [264]=Oop rax=Oop }
                      ;*synchronization entry
                      ; - kotlin.jvm.internal.Intrinsics::areEqual@-1 (line 169)
                      ; - org.jetbrains.kotlin.analysis.api.fir.components.KaFirResolver::doResolveCall@275 (line 1722)
  0x000002c1480982e4: ec00 e98b 

  0x000002c1480982e8: ;   {runtime_call throw_null_pointer_exception Runtime1 stub}
  0x000002c1480982e8: aaff ffe8 

  0x000002c1480982ec: ; ImmutableOopMap {[248]=Oop [256]=Oop [240]=Oop rdi=Oop [280]=Oop [272]=Oop [344]=Oop rbx=Oop [264]=Oop }
                      ;*invokevirtual equals {reexecute=0 rethrow=0 return_oop=0}
                      ; - kotlin.jvm.internal.Intrinsics::areEqual@18 (line 169)
                      ; - org.jetbrains.kotlin.analysis.api.fir.components.KaFirResolver::doResolveCall@275 (line 1722)
  0x000002c1480982ec: b0ea eb00 

  0x000002c1480982f0: ;   {metadata({method} {0x000002c10ae0bcf0} 'areEqual' '(Ljava/lang/Object;Ljava/lang/Object;)Z' in 'kotlin/jvm/internal/Intrinsics')}
  0x000002c1480982f0: 49ba e8bc | e00a c102 | 0000 4c89 | 5424 0848 | c704 24ff 

  0x000002c148098304: ;   {runtime_call counter_overflow Runtime1 stub}
  0x000002c148098304: ffff ffe8 

  0x000002c148098308: ; ImmutableOopMap {[248]=Oop [256]=Oop [240]=Oop [280]=Oop [272]=Oop [344]=Oop rdi=Oop }
                      ;*synchronization entry
                      ; - kotlin.jvm.internal.Intrinsics::areEqual@-1 (line 169)
                      ; - org.jetbrains.kotlin.analysis.api.fir.components.KaFirResolver::doResolveCall@282 (line 1723)
  0x000002c148098308: 743b ec00 | e945 acff 

  0x000002c148098310: ;   {runtime_call throw_null_pointer_exception Runtime1 stub}
  0x000002c148098310: ffe8 8aea 

  0x000002c148098314: ; ImmutableOopMap {[248]=Oop [256]=Oop [240]=Oop [280]=Oop [344]=Oop rdi=Oop rax=Oop [272]=Oop }
                      ;*invokevirtual equals {reexecute=0 rethrow=0 return_oop=0}
                      ; - kotlin.jvm.internal.Intrinsics::areEqual@18 (line 169)
                      ; - org.jetbrains.kotlin.analysis.api.fir.components.KaFirResolver::doResolveCall@282 (line 1723)
                      ;   {metadata({method} {0x000002c10ae0bcf0} 'areEqual' '(Ljava/lang/Object;Ljava/lang/Object;)Z' in 'kotlin/jvm/internal/Intrinsics')}
  0x000002c148098314: eb00 49ba | e8bc e00a | c102 0000 | 4c89 5424 | 0848 c704 | 24ff ffff 

  0x000002c14809832c: ;   {runtime_call counter_overflow Runtime1 stub}
  0x000002c14809832c: ffe8 4e3b 

  0x000002c148098330: ; ImmutableOopMap {[248]=Oop [256]=Oop [240]=Oop [344]=Oop rdi=Oop [280]=Oop }
                      ;*synchronization entry
                      ; - kotlin.jvm.internal.Intrinsics::areEqual@-1 (line 169)
                      ; - org.jetbrains.kotlin.analysis.api.fir.components.KaFirResolver::doResolveCall@292 (line 1723)
  0x000002c148098330: ec00 e92a 

  0x000002c148098334: ;   {runtime_call throw_null_pointer_exception Runtime1 stub}
  0x000002c148098334: aeff ffe8 

  0x000002c148098338: ; ImmutableOopMap {[248]=Oop [256]=Oop [240]=Oop [344]=Oop rdi=Oop rax=Oop [280]=Oop }
                      ;*invokevirtual equals {reexecute=0 rethrow=0 return_oop=0}
                      ; - kotlin.jvm.internal.Intrinsics::areEqual@18 (line 169)
                      ; - org.jetbrains.kotlin.analysis.api.fir.components.KaFirResolver::doResolveCall@292 (line 1723)
  0x000002c148098338: 64ea eb00 

  0x000002c14809833c: ;   {metadata({method} {0x000002c10b0e63b0} 'listOfNotNull' '(Ljava/lang/Object;)Ljava/util/List;' in 'kotlin/collections/CollectionsKt__CollectionsKt')}
  0x000002c14809833c: 49ba a863 | 0e0b c102 | 0000 4c89 | 5424 0848 | c704 24ff 

  0x000002c148098350: ;   {runtime_call counter_overflow Runtime1 stub}
  0x000002c148098350: ffff ffe8 

  0x000002c148098354: ; ImmutableOopMap {[248]=Oop [256]=Oop [240]=Oop r8=Oop }
                      ;*synchronization entry
                      ; - kotlin.collections.CollectionsKt__CollectionsKt::listOfNotNull@-1 (line 131)
                      ; - org.jetbrains.kotlin.analysis.api.fir.components.KaFirResolver::doResolveCall@326 (line 172)
  0x000002c148098354: 283b ec00 | e94c b0ff 

  0x000002c14809835c: ;   {metadata({method} {0x000002c10b0e89e0} 'listOf' '(Ljava/lang/Object;)Ljava/util/List;' in 'kotlin/collections/CollectionsKt__CollectionsJVMKt')}
  0x000002c14809835c: ff49 bad8 | 890e 0bc1 | 0200 004c | 8954 2408 | 48c7 0424 | ffff ffff 

  0x000002c148098374: ;   {runtime_call counter_overflow Runtime1 stub}
  0x000002c148098374: e807 3bec 

  0x000002c148098378: ; ImmutableOopMap {[248]=Oop [256]=Oop [240]=Oop r8=Oop }
                      ;*synchronization entry
                      ; - kotlin.collections.CollectionsKt__CollectionsJVMKt::listOf@-1 (line 21)
                      ; - kotlin.collections.CollectionsKt__CollectionsKt::listOfNotNull@5 (line 131)
                      ; - org.jetbrains.kotlin.analysis.api.fir.components.KaFirResolver::doResolveCall@326 (line 172)
  0x000002c148098378: 00e9 99b0 

  0x000002c14809837c: ;   {metadata({method} {0x000002c1593829f0} 'singletonList' '(Ljava/lang/Object;)Ljava/util/List;' in 'java/util/Collections')}
  0x000002c14809837c: ffff 49ba | e829 3859 | c102 0000 | 4c89 5424 | 0848 c704 | 24ff ffff 

  0x000002c148098394: ;   {runtime_call counter_overflow Runtime1 stub}
  0x000002c148098394: ffe8 e63a 

  0x000002c148098398: ; ImmutableOopMap {[248]=Oop [256]=Oop [240]=Oop r8=Oop }
                      ;*synchronization entry
                      ; - java.util.Collections::singletonList@-1 (line 4932)
                      ; - kotlin.collections.CollectionsKt__CollectionsJVMKt::listOf@1 (line 21)
                      ; - kotlin.collections.CollectionsKt__CollectionsKt::listOfNotNull@5 (line 131)
                      ; - org.jetbrains.kotlin.analysis.api.fir.components.KaFirResolver::doResolveCall@326 (line 172)
  0x000002c148098398: ec00 e9b2 | b0ff ff48 

  0x000002c1480983a0: ;   {runtime_call fast_new_instance Runtime1 stub}
  0x000002c1480983a0: 8bd2 e8d9 

  0x000002c1480983a4: ; ImmutableOopMap {[248]=Oop [256]=Oop [240]=Oop r8=Oop }
                      ;*new {reexecute=0 rethrow=0 return_oop=0}
                      ; - java.util.Collections::singletonList@0 (line 4932)
                      ; - kotlin.collections.CollectionsKt__CollectionsJVMKt::listOf@1 (line 21)
                      ; - kotlin.collections.CollectionsKt__CollectionsKt::listOfNotNull@5 (line 131)
                      ; - org.jetbrains.kotlin.analysis.api.fir.components.KaFirResolver::doResolveCall@326 (line 172)
  0x000002c1480983a4: f2eb 00e9 | f5b0 ffff 

  0x000002c1480983ac: ;   {metadata({method} {0x000002c174108030} '<init>' '(Ljava/lang/Object;)V' in 'java/util/Collections$SingletonList')}
  0x000002c1480983ac: 49ba 2880 | 1074 c102 | 0000 4c89 | 5424 0848 | c704 24ff 

  0x000002c1480983c0: ;   {runtime_call counter_overflow Runtime1 stub}
  0x000002c1480983c0: ffff ffe8 

  0x000002c1480983c4: ; ImmutableOopMap {[248]=Oop [256]=Oop [240]=Oop r8=Oop rax=Oop }
                      ;*synchronization entry
                      ; - java.util.Collections$SingletonList::<init>@-1 (line 4948)
                      ; - java.util.Collections::singletonList@5 (line 4932)
                      ; - kotlin.collections.CollectionsKt__CollectionsJVMKt::listOf@1 (line 21)
                      ; - kotlin.collections.CollectionsKt__CollectionsKt::listOfNotNull@5 (line 131)
                      ; - org.jetbrains.kotlin.analysis.api.fir.components.KaFirResolver::doResolveCall@326 (line 172)
  0x000002c1480983c4: b83a ec00 | e911 b1ff 

  0x000002c1480983cc: ;   {metadata({method} {0x000002c1593c8040} '<init>' '()V' in 'java/util/AbstractList')}
  0x000002c1480983cc: ff49 ba38 | 803c 59c1 | 0200 004c | 8954 2408 | 48c7 0424 | ffff ffff 

  0x000002c1480983e4: ;   {runtime_call counter_overflow Runtime1 stub}
  0x000002c1480983e4: e897 3aec 

  0x000002c1480983e8: ; ImmutableOopMap {[248]=Oop [256]=Oop [240]=Oop r8=Oop rax=Oop }
                      ;*synchronization entry
                      ; - java.util.AbstractList::<init>@-1 (line 78)
                      ; - java.util.Collections$SingletonList::<init>@1 (line 4948)
                      ; - java.util.Collections::singletonList@5 (line 4932)
                      ; - kotlin.collections.CollectionsKt__CollectionsJVMKt::listOf@1 (line 21)
                      ; - kotlin.collections.CollectionsKt__CollectionsKt::listOfNotNull@5 (line 131)
                      ; - org.jetbrains.kotlin.analysis.api.fir.components.KaFirResolver::doResolveCall@326 (line 172)
  0x000002c1480983e8: 00e9 2db1 

  0x000002c1480983ec: ;   {metadata({method} {0x000002c159071aa8} '<init>' '()V' in 'java/util/AbstractCollection')}
  0x000002c1480983ec: ffff 49ba | a01a 0759 | c102 0000 | 4c89 5424 | 0848 c704 | 24ff ffff 

  0x000002c148098404: ;   {runtime_call counter_overflow Runtime1 stub}
  0x000002c148098404: ffe8 763a 

  0x000002c148098408: ; ImmutableOopMap {[248]=Oop [256]=Oop [240]=Oop r8=Oop rax=Oop }
                      ;*synchronization entry
                      ; - java.util.AbstractCollection::<init>@-1 (line 68)
                      ; - java.util.AbstractList::<init>@1 (line 78)
                      ; - java.util.Collections$SingletonList::<init>@1 (line 4948)
                      ; - java.util.Collections::singletonList@5 (line 4932)
                      ; - kotlin.collections.CollectionsKt__CollectionsJVMKt::listOf@1 (line 21)
                      ; - kotlin.collections.CollectionsKt__CollectionsKt::listOfNotNull@5 (line 131)
                      ; - org.jetbrains.kotlin.analysis.api.fir.components.KaFirResolver::doResolveCall@326 (line 172)
  0x000002c148098408: ec00 e949 

  0x000002c14809840c: ;   {metadata({method} {0x000002c1594415a8} '<init>' '()V' in 'java/lang/Object')}
  0x000002c14809840c: b1ff ff49 | baa0 1544 | 59c1 0200 | 004c 8954 | 2408 48c7 | 0424 ffff 

  0x000002c148098424: ;   {runtime_call counter_overflow Runtime1 stub}
  0x000002c148098424: ffff e855 

  0x000002c148098428: ; ImmutableOopMap {[248]=Oop [256]=Oop [240]=Oop r8=Oop rax=Oop }
                      ;*synchronization entry
                      ; - java.lang.Object::<init>@-1 (line 44)
                      ; - java.util.AbstractCollection::<init>@1 (line 68)
                      ; - java.util.AbstractList::<init>@1 (line 78)
                      ; - java.util.Collections$SingletonList::<init>@1 (line 4948)
                      ; - java.util.Collections::singletonList@5 (line 4932)
                      ; - kotlin.collections.CollectionsKt__CollectionsJVMKt::listOf@1 (line 21)
                      ; - kotlin.collections.CollectionsKt__CollectionsKt::listOfNotNull@5 (line 131)
                      ; - org.jetbrains.kotlin.analysis.api.fir.components.KaFirResolver::doResolveCall@326 (line 172)
  0x000002c148098428: 3aec 00e9 | 65b1 ffff | 8b50 1048 | 83fa 000f | 8466 b1ff | ff48 8914 

  0x000002c148098440: ;   {runtime_call g1_pre_barrier_slow}
  0x000002c148098440: 24e8 3a40 | ec00 e958 | b1ff ff49 | 83f8 000f | 8469 b1ff | ff48 8904 

  0x000002c148098458: ;   {runtime_call g1_post_barrier_slow}
  0x000002c148098458: 24e8 2243 | ec00 e95b 

  0x000002c148098460: ;   {metadata({method} {0x000002c10b0e5eb0} 'emptyList' '()Ljava/util/List;' in 'kotlin/collections/CollectionsKt__CollectionsKt')}
  0x000002c148098460: b1ff ff49 | baa8 5e0e | 0bc1 0200 | 004c 8954 | 2408 48c7 | 0424 ffff 

  0x000002c148098478: ;   {runtime_call counter_overflow Runtime1 stub}
  0x000002c148098478: ffff e801 

  0x000002c14809847c: ; ImmutableOopMap {[248]=Oop [256]=Oop [240]=Oop }
                      ;*synchronization entry
                      ; - kotlin.collections.CollectionsKt__CollectionsKt::emptyList@-1 (line 72)
                      ; - kotlin.collections.CollectionsKt__CollectionsKt::listOfNotNull@12 (line 131)
                      ; - org.jetbrains.kotlin.analysis.api.fir.components.KaFirResolver::doResolveCall@326 (line 172)
  0x000002c14809847c: 3aec 00e9 | bfb1 ffff 

  0x000002c148098484: ;   {runtime_call throw_null_pointer_exception Runtime1 stub}
  0x000002c148098484: e817 e9eb 

  0x000002c148098488: ; ImmutableOopMap {[248]=Oop [256]=Oop [240]=Oop rsi=Oop }
                      ;*invokeinterface size {reexecute=0 rethrow=0 return_oop=0}
                      ; - org.jetbrains.kotlin.analysis.api.fir.components.KaFirResolver::doResolveCall@335 (line 181)
                      ;   {metadata({method} {0x000002c10b0c0240} 'singleOrNull' '(Ljava/util/List;)Ljava/lang/Object;' in 'kotlin/collections/CollectionsKt___CollectionsKt')}
  0x000002c148098488: 0049 ba38 | 020c 0bc1 | 0200 004c | 8954 2408 | 48c7 0424 | ffff ffff 

  0x000002c1480984a0: ;   {runtime_call counter_overflow Runtime1 stub}
  0x000002c1480984a0: e8db 39ec 

  0x000002c1480984a4: ; ImmutableOopMap {[248]=Oop [256]=Oop [240]=Oop rsi=Oop }
                      ;*synchronization entry
                      ; - kotlin.collections.CollectionsKt___CollectionsKt::singleOrNull@-1
                      ; - org.jetbrains.kotlin.analysis.api.fir.components.KaFirResolver::doResolveCall@375 (line 182)
  0x000002c1480984a4: 00e9 29b3 

  0x000002c1480984a8: ;   {metadata({method} {0x000002c10ae0b7a8} 'checkNotNullParameter' '(Ljava/lang/Object;Ljava/lang/String;)V' in 'kotlin/jvm/internal/Intrinsics')}
  0x000002c1480984a8: ffff 49ba | a0b7 e00a | c102 0000 | 4c89 5424 | 0848 c704 | 24ff ffff 

  0x000002c1480984c0: ;   {runtime_call counter_overflow Runtime1 stub}
  0x000002c1480984c0: ffe8 ba39 

  0x000002c1480984c4: ; ImmutableOopMap {[248]=Oop [256]=Oop [240]=Oop rsi=Oop }
                      ;*synchronization entry
                      ; - kotlin.jvm.internal.Intrinsics::checkNotNullParameter@-1 (line 130)
                      ; - kotlin.collections.CollectionsKt___CollectionsKt::singleOrNull@3
                      ; - org.jetbrains.kotlin.analysis.api.fir.components.KaFirResolver::doResolveCall@375 (line 182)
  0x000002c1480984c4: ec00 e942 

  0x000002c1480984c8: ;   {metadata({method} {0x000002c10ae0b918} 'throwParameterIsNullNPE' '(Ljava/lang/String;)V' in 'kotlin/jvm/internal/Intrinsics')}
  0x000002c1480984c8: b3ff ff49 | ba10 b9e0 | 0ac1 0200 | 004c 8954 | 2408 48c7 | 0424 ffff 

  0x000002c1480984e0: ;   {runtime_call counter_overflow Runtime1 stub}
  0x000002c1480984e0: ffff e899 

  0x000002c1480984e4: ; ImmutableOopMap {[248]=Oop [256]=Oop [240]=Oop [368]=Oop }
                      ;*synchronization entry
                      ; - kotlin.jvm.internal.Intrinsics::throwParameterIsNullNPE@-1 (line 140)
                      ; - kotlin.jvm.internal.Intrinsics::checkNotNullParameter@5 (line 131)
                      ; - kotlin.collections.CollectionsKt___CollectionsKt::singleOrNull@3
                      ; - org.jetbrains.kotlin.analysis.api.fir.components.KaFirResolver::doResolveCall@375 (line 182)
  0x000002c1480984e4: 39ec 00e9 | 97b3 ffff 

  0x000002c1480984ec: ;   {metadata(NULL)}
  0x000002c1480984ec: 48ba 0000 | 0000 0000 | 0000 b800 

  0x000002c1480984f8: ;   {runtime_call load_klass_patching Runtime1 stub}
  0x000002c1480984f8: 0f05 0ae8 

  0x000002c1480984fc: ; ImmutableOopMap {[248]=Oop [256]=Oop [240]=Oop [368]=Oop }
                      ;*new {reexecute=1 rethrow=0 return_oop=0}
                      ; - (reexecute) kotlin.jvm.internal.Intrinsics::throwParameterIsNullNPE@0 (line 140)
                      ; - kotlin.jvm.internal.Intrinsics::checkNotNullParameter@5 (line 131)
                      ; - kotlin.collections.CollectionsKt___CollectionsKt::singleOrNull@3
                      ; - org.jetbrains.kotlin.analysis.api.fir.components.KaFirResolver::doResolveCall@375 (line 182)
  0x000002c1480984fc: 0029 ec00 | e983 b3ff | ff48 8bd2 

  0x000002c148098508: ;   {runtime_call fast_new_instance Runtime1 stub}
  0x000002c148098508: e873 f1eb 

  0x000002c14809850c: ; ImmutableOopMap {[248]=Oop [256]=Oop [240]=Oop [368]=Oop }
                      ;*new {reexecute=0 rethrow=0 return_oop=0}
                      ; - kotlin.jvm.internal.Intrinsics::throwParameterIsNullNPE@0 (line 140)
                      ; - kotlin.jvm.internal.Intrinsics::checkNotNullParameter@5 (line 131)
                      ; - kotlin.collections.CollectionsKt___CollectionsKt::singleOrNull@3
                      ; - org.jetbrains.kotlin.analysis.api.fir.components.KaFirResolver::doResolveCall@375 (line 182)
  0x000002c14809850c: 00e9 d2b3 

  0x000002c148098510: ;   {metadata({method} {0x000002c10ae1c908} 'sanitizeStackTrace' '(Ljava/lang/Throwable;)Ljava/lang/Throwable;' in 'kotlin/jvm/internal/Intrinsics')}
  0x000002c148098510: ffff 49ba | 00c9 e10a | c102 0000 | 4c89 5424 | 0848 c704 | 24ff ffff 

  0x000002c148098528: ;   {runtime_call counter_overflow Runtime1 stub}
  0x000002c148098528: ffe8 5239 

  0x000002c14809852c: ; ImmutableOopMap {[248]=Oop [256]=Oop [240]=Oop [376]=Oop [368]=Oop }
                      ;*synchronization entry
                      ; - kotlin.jvm.internal.Intrinsics::sanitizeStackTrace@-1 (line 253)
                      ; - kotlin.jvm.internal.Intrinsics::throwParameterIsNullNPE@11 (line 140)
                      ; - kotlin.jvm.internal.Intrinsics::checkNotNullParameter@5 (line 131)
                      ; - kotlin.collections.CollectionsKt___CollectionsKt::singleOrNull@3
                      ; - org.jetbrains.kotlin.analysis.api.fir.components.KaFirResolver::doResolveCall@375 (line 182)
  0x000002c14809852c: ec00 e94b 

  0x000002c148098530: ;   {metadata({method} {0x000002c15943def0} 'getName' '()Ljava/lang/String;' in 'java/lang/Class')}
  0x000002c148098530: b4ff ff49 | bae8 de43 | 59c1 0200 | 004c 8954 | 2408 48c7 | 0424 ffff 

  0x000002c148098548: ;   {runtime_call counter_overflow Runtime1 stub}
  0x000002c148098548: ffff e831 

  0x000002c14809854c: ; ImmutableOopMap {[248]=Oop [256]=Oop [240]=Oop [376]=Oop [368]=Oop rdx=Oop }
                      ;*synchronization entry
                      ; - java.lang.Class::getName@-1 (line 862)
                      ; - kotlin.jvm.internal.Intrinsics::sanitizeStackTrace@3 (line 253)
                      ; - kotlin.jvm.internal.Intrinsics::throwParameterIsNullNPE@11 (line 140)
                      ; - kotlin.jvm.internal.Intrinsics::checkNotNullParameter@5 (line 131)
                      ; - kotlin.collections.CollectionsKt___CollectionsKt::singleOrNull@3
                      ; - org.jetbrains.kotlin.analysis.api.fir.components.KaFirResolver::doResolveCall@375 (line 182)
  0x000002c14809854c: 39ec 00e9 | 71b4 ffff 

  0x000002c148098554: ;   {runtime_call throw_null_pointer_exception Runtime1 stub}
  0x000002c148098554: e847 e8eb 

  0x000002c148098558: ; ImmutableOopMap {[248]=Oop [256]=Oop [240]=Oop [376]=Oop [368]=Oop }
                      ;*getfield name {reexecute=1 rethrow=0 return_oop=0}
                      ; - (reexecute) java.lang.Class::getName@1 (line 862)
                      ; - kotlin.jvm.internal.Intrinsics::sanitizeStackTrace@3 (line 253)
                      ; - kotlin.jvm.internal.Intrinsics::throwParameterIsNullNPE@11 (line 140)
                      ; - kotlin.jvm.internal.Intrinsics::checkNotNullParameter@5 (line 131)
                      ; - kotlin.collections.CollectionsKt___CollectionsKt::singleOrNull@3
                      ; - org.jetbrains.kotlin.analysis.api.fir.components.KaFirResolver::doResolveCall@375 (line 182)
  0x000002c148098558: 0048 8904 

  0x000002c14809855c: ;   {runtime_call throw_class_cast_exception Runtime1 stub}
  0x000002c14809855c: 24e8 3e0c 

  0x000002c148098560: ; ImmutableOopMap {[248]=Oop [256]=Oop [240]=Oop }
                      ;*checkcast {reexecute=0 rethrow=0 return_oop=0}
                      ; - org.jetbrains.kotlin.analysis.api.fir.components.KaFirResolver::doResolveCall@378 (line 182)
                      ;   {metadata({method} {0x000002c10ae0bcf0} 'areEqual' '(Ljava/lang/Object;Ljava/lang/Object;)Z' in 'kotlin/jvm/internal/Intrinsics')}
  0x000002c148098560: ec00 49ba | e8bc e00a | c102 0000 | 4c89 5424 | 0848 c704 | 24ff ffff 

  0x000002c148098578: ;   {runtime_call counter_overflow Runtime1 stub}
  0x000002c148098578: ffe8 0239 

  0x000002c14809857c: ; ImmutableOopMap {[248]=Oop [240]=Oop rax=Oop }
                      ;*synchronization entry
                      ; - kotlin.jvm.internal.Intrinsics::areEqual@-1 (line 169)
                      ; - org.jetbrains.kotlin.analysis.api.fir.components.KaFirResolver::doResolveCall@427 (line 1728)
  0x000002c14809857c: ec00 e924 

  0x000002c148098580: ;   {runtime_call throw_null_pointer_exception Runtime1 stub}
  0x000002c148098580: b9ff ffe8 

  0x000002c148098584: ; ImmutableOopMap {[248]=Oop [240]=Oop rax=Oop }
                      ;*invokevirtual equals {reexecute=0 rethrow=0 return_oop=0}
                      ; - kotlin.jvm.internal.Intrinsics::areEqual@18 (line 169)
                      ; - org.jetbrains.kotlin.analysis.api.fir.components.KaFirResolver::doResolveCall@427 (line 1728)
  0x000002c148098584: 18e8 eb00 | 4889 0424 

  0x000002c14809858c: ;   {runtime_call throw_class_cast_exception Runtime1 stub}
  0x000002c14809858c: e80f 0cec 

  0x000002c148098590: ; ImmutableOopMap {[248]=Oop [240]=Oop }
                      ;*checkcast {reexecute=0 rethrow=0 return_oop=0}
                      ; - org.jetbrains.kotlin.analysis.api.fir.components.KaFirResolver::doResolveCall@442 (line 1703)
                      ;   {internal_word}
  0x000002c148098590: 0049 ba5c | 4109 48c1 | 0200 004d | 8997 6003 

  0x000002c1480985a0: ;   {runtime_call SafepointBlob}
  0x000002c1480985a0: 0000 e959 | f4e1 0048 

  0x000002c1480985a8: ;   {runtime_call throw_class_cast_exception Runtime1 stub}
  0x000002c1480985a8: 8904 24e8 

  0x000002c1480985ac: ; ImmutableOopMap {[256]=Oop [240]=Oop [248]=Oop rsi=Oop }
                      ;*checkcast {reexecute=0 rethrow=0 return_oop=0}
                      ; - kotlin.jvm.internal.Intrinsics::throwParameterIsNullNPE@14 (line 140)
                      ; - kotlin.jvm.internal.Intrinsics::checkNotNullParameter@5 (line 131)
                      ; - kotlin.collections.CollectionsKt___CollectionsKt::singleOrNull@3
                      ; - org.jetbrains.kotlin.analysis.api.fir.components.KaFirResolver::doResolveCall@375 (line 182)
  0x000002c1480985ac: f00b ec00 

  0x000002c1480985b0: ;   {runtime_call throw_null_pointer_exception Runtime1 stub}
  0x000002c1480985b0: e8eb e7eb 

  0x000002c1480985b4: ; ImmutableOopMap {[256]=Oop [240]=Oop [248]=Oop rsi=Oop rax=Oop }
                      ;*athrow {reexecute=1 rethrow=0 return_oop=0}
                      ; - (reexecute) kotlin.jvm.internal.Intrinsics::throwParameterIsNullNPE@17 (line 140)
                      ; - kotlin.jvm.internal.Intrinsics::checkNotNullParameter@5 (line 131)
                      ; - kotlin.collections.CollectionsKt___CollectionsKt::singleOrNull@3
                      ; - org.jetbrains.kotlin.analysis.api.fir.components.KaFirResolver::doResolveCall@375 (line 182)
                      ;   {metadata(NULL)}
  0x000002c1480985b4: 0048 ba00 | 0000 0000 | 0000 00b8 | 000f 050a 

  0x000002c1480985c4: ;   {runtime_call load_klass_patching Runtime1 stub}
  0x000002c1480985c4: e837 28ec 

  0x000002c1480985c8: ; ImmutableOopMap {[240]=Oop [248]=Oop }
                      ;*new {reexecute=1 rethrow=0 return_oop=0}
                      ; - (reexecute) org.jetbrains.kotlin.analysis.api.fir.components.KaFirResolver::doResolveCall@360 (line 181)
  0x000002c1480985c8: 00e9 cabc | ffff 488b 

  0x000002c1480985d0: ;   {runtime_call fast_new_instance Runtime1 stub}
  0x000002c1480985d0: d2e8 aaf0 

  0x000002c1480985d4: ; ImmutableOopMap {[240]=Oop [248]=Oop }
                      ;*new {reexecute=0 rethrow=0 return_oop=0}
                      ; - org.jetbrains.kotlin.analysis.api.fir.components.KaFirResolver::doResolveCall@360 (line 181)
  0x000002c1480985d4: eb00 e915 

  0x000002c1480985d8: ;   {metadata({method} {0x000002c159427a98} 'toString' '()Ljava/lang/String;' in 'java/lang/String')}
  0x000002c1480985d8: bdff ff49 | ba90 7a42 | 59c1 0200 | 004c 8954 | 2408 48c7 | 0424 ffff 

  0x000002c1480985f0: ;   {runtime_call counter_overflow Runtime1 stub}
  0x000002c1480985f0: ffff e889 

  0x000002c1480985f4: ; ImmutableOopMap {[240]=Oop [248]=Oop rax=Oop r8=Oop }
                      ;*synchronization entry
                      ; - java.lang.String::toString@-1 (line 4055)
                      ; - org.jetbrains.kotlin.analysis.api.fir.components.KaFirResolver::doResolveCall@366 (line 181)
  0x000002c1480985f4: 38ec 00e9 | 3bbd ffff 

  0x000002c1480985fc: ;   {metadata({method} {0x000002c10ae0ab80} 'throwJavaNpe' '(Ljava/lang/String;)V' in 'kotlin/jvm/internal/Intrinsics')}
  0x000002c1480985fc: 49ba 78ab | e00a c102 | 0000 4c89 | 5424 0848 | c704 24ff 

  0x000002c148098610: ;   {runtime_call counter_overflow Runtime1 stub}
  0x000002c148098610: ffff ffe8 

  0x000002c148098614: ; ImmutableOopMap {[240]=Oop [248]=Oop [280]=Oop [416]=Oop [272]=Oop [264]=Oop [288]=Oop [256]=Oop }
                      ;*synchronization entry
                      ; - kotlin.jvm.internal.Intrinsics::throwJavaNpe@-1 (line 50)
                      ; - kotlin.jvm.internal.Intrinsics::checkNotNull@5 (line 31)
                      ; - org.jetbrains.kotlin.analysis.low.level.api.fir.state.LLSessionProvider::getResolvableSession@15 (line 40)
                      ; - org.jetbrains.kotlin.analysis.low.level.api.fir.state.LLFirResolvableResolveSession::getModuleComponentsForElement@17 (line 58)
                      ; - org.jetbrains.kotlin.analysis.low.level.api.fir.state.LLFirResolvableResolveSession::getOrBuildFirFor$low_level_api_fir@8 (line 47)
                      ; - org.jetbrains.kotlin.analysis.low.level.api.fir.api.LowLevelFirApiFacadeKt::getOrBuildFir@14 (line 108)
                      ; - org.jetbrains.kotlin.analysis.api.fir.components.KaFirResolver::doResolveCall@205 (line 1716)
  0x000002c148098614: 6838 ec00 | e999 bdff 

  0x000002c14809861c: ;   {metadata(NULL)}
  0x000002c14809861c: ff48 ba00 | 0000 0000 | 0000 00b8 | 000f 050a 

  0x000002c14809862c: ;   {runtime_call load_klass_patching Runtime1 stub}
  0x000002c14809862c: e8cf 27ec 

  0x000002c148098630: ; ImmutableOopMap {[240]=Oop [248]=Oop [280]=Oop [416]=Oop [272]=Oop [264]=Oop [288]=Oop [256]=Oop }
                      ;*new {reexecute=1 rethrow=0 return_oop=0}
                      ; - (reexecute) kotlin.jvm.internal.Intrinsics::throwJavaNpe@0 (line 50)
                      ; - kotlin.jvm.internal.Intrinsics::checkNotNull@5 (line 31)
                      ; - org.jetbrains.kotlin.analysis.low.level.api.fir.state.LLSessionProvider::getResolvableSession@15 (line 40)
                      ; - org.jetbrains.kotlin.analysis.low.level.api.fir.state.LLFirResolvableResolveSession::getModuleComponentsForElement@17 (line 58)
                      ; - org.jetbrains.kotlin.analysis.low.level.api.fir.state.LLFirResolvableResolveSession::getOrBuildFirFor$low_level_api_fir@8 (line 47)
                      ; - org.jetbrains.kotlin.analysis.low.level.api.fir.api.LowLevelFirApiFacadeKt::getOrBuildFir@14 (line 108)
                      ; - org.jetbrains.kotlin.analysis.api.fir.components.KaFirResolver::doResolveCall@205 (line 1716)
  0x000002c148098630: 00e9 82bd | ffff 488b 

  0x000002c148098638: ;   {runtime_call fast_new_instance Runtime1 stub}
  0x000002c148098638: d2e8 42f0 

  0x000002c14809863c: ; ImmutableOopMap {[240]=Oop [248]=Oop [416]=Oop [272]=Oop [264]=Oop [288]=Oop [256]=Oop [280]=Oop }
                      ;*new {reexecute=0 rethrow=0 return_oop=0}
                      ; - kotlin.jvm.internal.Intrinsics::throwJavaNpe@0 (line 50)
                      ; - kotlin.jvm.internal.Intrinsics::checkNotNull@5 (line 31)
                      ; - org.jetbrains.kotlin.analysis.low.level.api.fir.state.LLSessionProvider::getResolvableSession@15 (line 40)
                      ; - org.jetbrains.kotlin.analysis.low.level.api.fir.state.LLFirResolvableResolveSession::getModuleComponentsForElement@17 (line 58)
                      ; - org.jetbrains.kotlin.analysis.low.level.api.fir.state.LLFirResolvableResolveSession::getOrBuildFirFor$low_level_api_fir@8 (line 47)
                      ; - org.jetbrains.kotlin.analysis.low.level.api.fir.api.LowLevelFirApiFacadeKt::getOrBuildFir@14 (line 108)
                      ; - org.jetbrains.kotlin.analysis.api.fir.components.KaFirResolver::doResolveCall@205 (line 1716)
  0x000002c14809863c: eb00 e9d1 

  0x000002c148098640: ;   {metadata({method} {0x000002c10ae1c908} 'sanitizeStackTrace' '(Ljava/lang/Throwable;)Ljava/lang/Throwable;' in 'kotlin/jvm/internal/Intrinsics')}
  0x000002c148098640: bdff ff49 | ba00 c9e1 | 0ac1 0200 | 004c 8954 | 2408 48c7 | 0424 ffff 

  0x000002c148098658: ;   {runtime_call counter_overflow Runtime1 stub}
  0x000002c148098658: ffff e821 

  0x000002c14809865c: ; ImmutableOopMap {[240]=Oop [248]=Oop [288]=Oop [256]=Oop [280]=Oop [272]=Oop [264]=Oop [416]=Oop [408]=Oop }
                      ;*synchronization entry
                      ; - kotlin.jvm.internal.Intrinsics::sanitizeStackTrace@-1 (line 253)
                      ; - kotlin.jvm.internal.Intrinsics::throwJavaNpe@8 (line 50)
                      ; - kotlin.jvm.internal.Intrinsics::checkNotNull@5 (line 31)
                      ; - org.jetbrains.kotlin.analysis.low.level.api.fir.state.LLSessionProvider::getResolvableSession@15 (line 40)
                      ; - org.jetbrains.kotlin.analysis.low.level.api.fir.state.LLFirResolvableResolveSession::getModuleComponentsForElement@17 (line 58)
                      ; - org.jetbrains.kotlin.analysis.low.level.api.fir.state.LLFirResolvableResolveSession::getOrBuildFirFor$low_level_api_fir@8 (line 47)
                      ; - org.jetbrains.kotlin.analysis.low.level.api.fir.api.LowLevelFirApiFacadeKt::getOrBuildFir@14 (line 108)
                      ; - org.jetbrains.kotlin.analysis.api.fir.components.KaFirResolver::doResolveCall@205 (line 1716)
  0x000002c14809865c: 38ec 00e9 | 1abe ffff | 4889 0424 

  0x000002c148098668: ;   {runtime_call throw_class_cast_exception Runtime1 stub}
  0x000002c148098668: e833 0bec 

  0x000002c14809866c: ; ImmutableOopMap {[240]=Oop [248]=Oop [288]=Oop [256]=Oop [280]=Oop [272]=Oop [264]=Oop [416]=Oop }
                      ;*checkcast {reexecute=0 rethrow=0 return_oop=0}
                      ; - kotlin.jvm.internal.Intrinsics::throwJavaNpe@11 (line 50)
                      ; - kotlin.jvm.internal.Intrinsics::checkNotNull@5 (line 31)
                      ; - org.jetbrains.kotlin.analysis.low.level.api.fir.state.LLSessionProvider::getResolvableSession@15 (line 40)
                      ; - org.jetbrains.kotlin.analysis.low.level.api.fir.state.LLFirResolvableResolveSession::getModuleComponentsForElement@17 (line 58)
                      ; - org.jetbrains.kotlin.analysis.low.level.api.fir.state.LLFirResolvableResolveSession::getOrBuildFirFor$low_level_api_fir@8 (line 47)
                      ; - org.jetbrains.kotlin.analysis.low.level.api.fir.api.LowLevelFirApiFacadeKt::getOrBuildFir@14 (line 108)
                      ; - org.jetbrains.kotlin.analysis.api.fir.components.KaFirResolver::doResolveCall@205 (line 1716)
                      ;   {runtime_call throw_null_pointer_exception Runtime1 stub}
  0x000002c14809866c: 00e8 2ee7 

  0x000002c148098670: ; ImmutableOopMap {[240]=Oop [248]=Oop [288]=Oop [256]=Oop [280]=Oop [272]=Oop [264]=Oop [416]=Oop rax=Oop }
                      ;*athrow {reexecute=1 rethrow=0 return_oop=0}
                      ; - (reexecute) kotlin.jvm.internal.Intrinsics::throwJavaNpe@14 (line 50)
                      ; - kotlin.jvm.internal.Intrinsics::checkNotNull@5 (line 31)
                      ; - org.jetbrains.kotlin.analysis.low.level.api.fir.state.LLSessionProvider::getResolvableSession@15 (line 40)
                      ; - org.jetbrains.kotlin.analysis.low.level.api.fir.state.LLFirResolvableResolveSession::getModuleComponentsForElement@17 (line 58)
                      ; - org.jetbrains.kotlin.analysis.low.level.api.fir.state.LLFirResolvableResolveSession::getOrBuildFirFor$low_level_api_fir@8 (line 47)
                      ; - org.jetbrains.kotlin.analysis.low.level.api.fir.api.LowLevelFirApiFacadeKt::getOrBuildFir@14 (line 108)
                      ; - org.jetbrains.kotlin.analysis.api.fir.components.KaFirResolver::doResolveCall@205 (line 1716)
                      ;   {metadata({method} {0x000002c10ae0b918} 'throwParameterIsNullNPE' '(Ljava/lang/String;)V' in 'kotlin/jvm/internal/Intrinsics')}
  0x000002c148098670: eb00 49ba | 10b9 e00a | c102 0000 | 4c89 5424 | 0848 c704 | 24ff ffff 

  0x000002c148098688: ;   {runtime_call counter_overflow Runtime1 stub}
  0x000002c148098688: ffe8 f237 

  0x000002c14809868c: ; ImmutableOopMap {[240]=Oop [248]=Oop [432]=Oop [440]=Oop [264]=Oop [272]=Oop [280]=Oop [256]=Oop [288]=Oop }
                      ;*synchronization entry
                      ; - kotlin.jvm.internal.Intrinsics::throwParameterIsNullNPE@-1 (line 140)
                      ; - kotlin.jvm.internal.Intrinsics::checkNotNullParameter@5 (line 131)
                      ; - org.jetbrains.kotlin.analysis.low.level.api.fir.state.LLSessionProvider::getResolvableSession@3
                      ; - org.jetbrains.kotlin.analysis.low.level.api.fir.state.LLFirResolvableResolveSession::getModuleComponentsForElement@17 (line 58)
                      ; - org.jetbrains.kotlin.analysis.low.level.api.fir.state.LLFirResolvableResolveSession::getOrBuildFirFor$low_level_api_fir@8 (line 47)
                      ; - org.jetbrains.kotlin.analysis.low.level.api.fir.api.LowLevelFirApiFacadeKt::getOrBuildFir@14 (line 108)
                      ; - org.jetbrains.kotlin.analysis.api.fir.components.KaFirResolver::doResolveCall@205 (line 1716)
  0x000002c14809868c: ec00 e985 

  0x000002c148098690: ;   {metadata(NULL)}
  0x000002c148098690: bfff ff48 | ba00 0000 | 0000 0000 | 00b8 000f 

  0x000002c1480986a0: ;   {runtime_call load_klass_patching Runtime1 stub}
  0x000002c1480986a0: 050a e859 

  0x000002c1480986a4: ; ImmutableOopMap {[240]=Oop [248]=Oop [432]=Oop [440]=Oop [264]=Oop [272]=Oop [280]=Oop [256]=Oop [288]=Oop }
                      ;*new {reexecute=1 rethrow=0 return_oop=0}
                      ; - (reexecute) kotlin.jvm.internal.Intrinsics::throwParameterIsNullNPE@0 (line 140)
                      ; - kotlin.jvm.internal.Intrinsics::checkNotNullParameter@5 (line 131)
                      ; - org.jetbrains.kotlin.analysis.low.level.api.fir.state.LLSessionProvider::getResolvableSession@3
                      ; - org.jetbrains.kotlin.analysis.low.level.api.fir.state.LLFirResolvableResolveSession::getModuleComponentsForElement@17 (line 58)
                      ; - org.jetbrains.kotlin.analysis.low.level.api.fir.state.LLFirResolvableResolveSession::getOrBuildFirFor$low_level_api_fir@8 (line 47)
                      ; - org.jetbrains.kotlin.analysis.low.level.api.fir.api.LowLevelFirApiFacadeKt::getOrBuildFir@14 (line 108)
                      ; - org.jetbrains.kotlin.analysis.api.fir.components.KaFirResolver::doResolveCall@205 (line 1716)
  0x000002c1480986a4: 27ec 00e9 | 6cbf ffff 

  0x000002c1480986ac: ;   {runtime_call fast_new_instance Runtime1 stub}
  0x000002c1480986ac: 488b d2e8 

  0x000002c1480986b0: ; ImmutableOopMap {[240]=Oop [248]=Oop [440]=Oop [264]=Oop [272]=Oop [280]=Oop [256]=Oop [288]=Oop [432]=Oop }
                      ;*new {reexecute=0 rethrow=0 return_oop=0}
                      ; - kotlin.jvm.internal.Intrinsics::throwParameterIsNullNPE@0 (line 140)
                      ; - kotlin.jvm.internal.Intrinsics::checkNotNullParameter@5 (line 131)
                      ; - org.jetbrains.kotlin.analysis.low.level.api.fir.state.LLSessionProvider::getResolvableSession@3
                      ; - org.jetbrains.kotlin.analysis.low.level.api.fir.state.LLFirResolvableResolveSession::getModuleComponentsForElement@17 (line 58)
                      ; - org.jetbrains.kotlin.analysis.low.level.api.fir.state.LLFirResolvableResolveSession::getOrBuildFirFor$low_level_api_fir@8 (line 47)
                      ; - org.jetbrains.kotlin.analysis.low.level.api.fir.api.LowLevelFirApiFacadeKt::getOrBuildFir@14 (line 108)
                      ; - org.jetbrains.kotlin.analysis.api.fir.components.KaFirResolver::doResolveCall@205 (line 1716)
  0x000002c1480986b0: ccef eb00 | e9bb bfff 

  0x000002c1480986b8: ;   {metadata({method} {0x000002c10ae1c908} 'sanitizeStackTrace' '(Ljava/lang/Throwable;)Ljava/lang/Throwable;' in 'kotlin/jvm/internal/Intrinsics')}
  0x000002c1480986b8: ff49 ba00 | c9e1 0ac1 | 0200 004c | 8954 2408 | 48c7 0424 | ffff ffff 

  0x000002c1480986d0: ;   {runtime_call counter_overflow Runtime1 stub}
  0x000002c1480986d0: e8ab 37ec 

  0x000002c1480986d4: ; ImmutableOopMap {[240]=Oop [248]=Oop [264]=Oop [272]=Oop [280]=Oop [256]=Oop [288]=Oop [432]=Oop [424]=Oop [440]=Oop }
                      ;*synchronization entry
                      ; - kotlin.jvm.internal.Intrinsics::sanitizeStackTrace@-1 (line 253)
                      ; - kotlin.jvm.internal.Intrinsics::throwParameterIsNullNPE@11 (line 140)
                      ; - kotlin.jvm.internal.Intrinsics::checkNotNullParameter@5 (line 131)
                      ; - org.jetbrains.kotlin.analysis.low.level.api.fir.state.LLSessionProvider::getResolvableSession@3
                      ; - org.jetbrains.kotlin.analysis.low.level.api.fir.state.LLFirResolvableResolveSession::getModuleComponentsForElement@17 (line 58)
                      ; - org.jetbrains.kotlin.analysis.low.level.api.fir.state.LLFirResolvableResolveSession::getOrBuildFirFor$low_level_api_fir@8 (line 47)
                      ; - org.jetbrains.kotlin.analysis.low.level.api.fir.api.LowLevelFirApiFacadeKt::getOrBuildFir@14 (line 108)
                      ; - org.jetbrains.kotlin.analysis.api.fir.components.KaFirResolver::doResolveCall@205 (line 1716)
  0x000002c1480986d4: 00e9 34c0 | ffff 4889 

  0x000002c1480986dc: ;   {runtime_call throw_class_cast_exception Runtime1 stub}
  0x000002c1480986dc: 0424 e8bd 

  0x000002c1480986e0: ; ImmutableOopMap {[240]=Oop [248]=Oop [264]=Oop [272]=Oop [280]=Oop [256]=Oop [288]=Oop [432]=Oop [440]=Oop }
                      ;*checkcast {reexecute=0 rethrow=0 return_oop=0}
                      ; - kotlin.jvm.internal.Intrinsics::throwParameterIsNullNPE@14 (line 140)
                      ; - kotlin.jvm.internal.Intrinsics::checkNotNullParameter@5 (line 131)
                      ; - org.jetbrains.kotlin.analysis.low.level.api.fir.state.LLSessionProvider::getResolvableSession@3
                      ; - org.jetbrains.kotlin.analysis.low.level.api.fir.state.LLFirResolvableResolveSession::getModuleComponentsForElement@17 (line 58)
                      ; - org.jetbrains.kotlin.analysis.low.level.api.fir.state.LLFirResolvableResolveSession::getOrBuildFirFor$low_level_api_fir@8 (line 47)
                      ; - org.jetbrains.kotlin.analysis.low.level.api.fir.api.LowLevelFirApiFacadeKt::getOrBuildFir@14 (line 108)
                      ; - org.jetbrains.kotlin.analysis.api.fir.components.KaFirResolver::doResolveCall@205 (line 1716)
                      ;   {runtime_call throw_null_pointer_exception Runtime1 stub}
  0x000002c1480986e0: 0aec 00e8 

  0x000002c1480986e4: ; ImmutableOopMap {[240]=Oop [248]=Oop [264]=Oop [272]=Oop [280]=Oop [256]=Oop [288]=Oop [432]=Oop [440]=Oop rax=Oop }
                      ;*athrow {reexecute=1 rethrow=0 return_oop=0}
                      ; - (reexecute) kotlin.jvm.internal.Intrinsics::throwParameterIsNullNPE@17 (line 140)
                      ; - kotlin.jvm.internal.Intrinsics::checkNotNullParameter@5 (line 131)
                      ; - org.jetbrains.kotlin.analysis.low.level.api.fir.state.LLSessionProvider::getResolvableSession@3
                      ; - org.jetbrains.kotlin.analysis.low.level.api.fir.state.LLFirResolvableResolveSession::getModuleComponentsForElement@17 (line 58)
                      ; - org.jetbrains.kotlin.analysis.low.level.api.fir.state.LLFirResolvableResolveSession::getOrBuildFirFor$low_level_api_fir@8 (line 47)
                      ; - org.jetbrains.kotlin.analysis.low.level.api.fir.api.LowLevelFirApiFacadeKt::getOrBuildFir@14 (line 108)
                      ; - org.jetbrains.kotlin.analysis.api.fir.components.KaFirResolver::doResolveCall@205 (line 1716)
  0x000002c1480986e4: b8e6 eb00 | 4889 0424 

  0x000002c1480986ec: ;   {runtime_call throw_class_cast_exception Runtime1 stub}
  0x000002c1480986ec: e8af 0aec 

  0x000002c1480986f0: ; ImmutableOopMap {[240]=Oop [248]=Oop [288]=Oop [256]=Oop [280]=Oop [272]=Oop [264]=Oop [304]=Oop }
                      ;*checkcast {reexecute=0 rethrow=0 return_oop=0}
                      ; - kotlin.jvm.internal.Intrinsics::throwParameterIsNullNPE@14 (line 140)
                      ; - kotlin.jvm.internal.Intrinsics::checkNotNullParameter@5 (line 131)
                      ; - org.jetbrains.kotlin.analysis.low.level.api.fir.state.LLFirResolvableResolveSession::getOrBuildFirFor$low_level_api_fir@3
                      ; - org.jetbrains.kotlin.analysis.low.level.api.fir.api.LowLevelFirApiFacadeKt::getOrBuildFir@14 (line 108)
                      ; - org.jetbrains.kotlin.analysis.api.fir.components.KaFirResolver::doResolveCall@205 (line 1716)
                      ;   {runtime_call throw_null_pointer_exception Runtime1 stub}
  0x000002c1480986f0: 00e8 aae6 

  0x000002c1480986f4: ; ImmutableOopMap {[240]=Oop [248]=Oop [288]=Oop [256]=Oop [280]=Oop [272]=Oop [264]=Oop [304]=Oop rax=Oop }
                      ;*athrow {reexecute=1 rethrow=0 return_oop=0}
                      ; - (reexecute) kotlin.jvm.internal.Intrinsics::throwParameterIsNullNPE@17 (line 140)
                      ; - kotlin.jvm.internal.Intrinsics::checkNotNullParameter@5 (line 131)
                      ; - org.jetbrains.kotlin.analysis.low.level.api.fir.state.LLFirResolvableResolveSession::getOrBuildFirFor$low_level_api_fir@3
                      ; - org.jetbrains.kotlin.analysis.low.level.api.fir.api.LowLevelFirApiFacadeKt::getOrBuildFir@14 (line 108)
                      ; - org.jetbrains.kotlin.analysis.api.fir.components.KaFirResolver::doResolveCall@205 (line 1716)
  0x000002c1480986f4: eb00 4889 

  0x000002c1480986f8: ;   {runtime_call throw_class_cast_exception Runtime1 stub}
  0x000002c1480986f8: 0424 e8a1 

  0x000002c1480986fc: ; ImmutableOopMap {[240]=Oop [248]=Oop [304]=Oop [264]=Oop [272]=Oop [280]=Oop [256]=Oop [288]=Oop }
                      ;*checkcast {reexecute=0 rethrow=0 return_oop=0}
                      ; - kotlin.jvm.internal.Intrinsics::throwParameterIsNullNPE@14 (line 140)
                      ; - kotlin.jvm.internal.Intrinsics::checkNotNullParameter@5 (line 131)
                      ; - org.jetbrains.kotlin.analysis.low.level.api.fir.api.LowLevelFirApiFacadeKt::getOrBuildFir@9
                      ; - org.jetbrains.kotlin.analysis.api.fir.components.KaFirResolver::doResolveCall@205 (line 1716)
                      ;   {runtime_call throw_null_pointer_exception Runtime1 stub}
  0x000002c1480986fc: 0aec 00e8 

  0x000002c148098700: ; ImmutableOopMap {[240]=Oop [248]=Oop [304]=Oop [264]=Oop [272]=Oop [280]=Oop [256]=Oop [288]=Oop rax=Oop }
                      ;*athrow {reexecute=1 rethrow=0 return_oop=0}
                      ; - (reexecute) kotlin.jvm.internal.Intrinsics::throwParameterIsNullNPE@17 (line 140)
                      ; - kotlin.jvm.internal.Intrinsics::checkNotNullParameter@5 (line 131)
                      ; - org.jetbrains.kotlin.analysis.low.level.api.fir.api.LowLevelFirApiFacadeKt::getOrBuildFir@9
                      ; - org.jetbrains.kotlin.analysis.api.fir.components.KaFirResolver::doResolveCall@205 (line 1716)
  0x000002c148098700: 9ce6 eb00 | 4889 0424 

  0x000002c148098708: ;   {runtime_call throw_class_cast_exception Runtime1 stub}
  0x000002c148098708: e893 0aec 

  0x000002c14809870c: ; ImmutableOopMap {[240]=Oop [248]=Oop r9=Oop rbx=Oop [304]=Oop rcx=Oop [280]=Oop r8=Oop rsi=Oop [272]=Oop rdi=Oop [264]=Oop }
                      ;*checkcast {reexecute=0 rethrow=0 return_oop=0}
                      ; - kotlin.jvm.internal.Intrinsics::throwParameterIsNullNPE@14 (line 140)
                      ; - kotlin.jvm.internal.Intrinsics::checkNotNullParameter@5 (line 131)
                      ; - org.jetbrains.kotlin.analysis.low.level.api.fir.api.LowLevelFirApiFacadeKt::getOrBuildFir@3
                      ; - org.jetbrains.kotlin.analysis.api.fir.components.KaFirResolver::doResolveCall@205 (line 1716)
                      ;   {runtime_call throw_null_pointer_exception Runtime1 stub}
  0x000002c14809870c: 00e8 8ee6 

  0x000002c148098710: ; ImmutableOopMap {[240]=Oop [248]=Oop r9=Oop rbx=Oop [304]=Oop rcx=Oop [280]=Oop r8=Oop rsi=Oop [272]=Oop rdi=Oop [264]=Oop rax=Oop }
                      ;*athrow {reexecute=1 rethrow=0 return_oop=0}
                      ; - (reexecute) kotlin.jvm.internal.Intrinsics::throwParameterIsNullNPE@17 (line 140)
                      ; - kotlin.jvm.internal.Intrinsics::checkNotNullParameter@5 (line 131)
                      ; - org.jetbrains.kotlin.analysis.low.level.api.fir.api.LowLevelFirApiFacadeKt::getOrBuildFir@3
                      ; - org.jetbrains.kotlin.analysis.api.fir.components.KaFirResolver::doResolveCall@205 (line 1716)
                      ;   {metadata(NULL)}
  0x000002c148098710: eb00 48ba | 0000 0000 | 0000 0000 | b800 0f05 

  0x000002c148098720: ;   {runtime_call load_klass_patching Runtime1 stub}
  0x000002c148098720: 0ae8 da26 

  0x000002c148098724: ; ImmutableOopMap {[240]=Oop [248]=Oop rax=Oop [456]=Oop }
                      ;*new {reexecute=1 rethrow=0 return_oop=0}
                      ; - (reexecute) org.jetbrains.kotlin.analysis.api.fir.components.KaFirResolver::doResolveCall@453 (line 1733)
  0x000002c148098724: ec00 e905 | c5ff ff48 

  0x000002c14809872c: ;   {runtime_call fast_new_instance Runtime1 stub}
  0x000002c14809872c: 8bd2 e84d 

  0x000002c148098730: ; ImmutableOopMap {[240]=Oop [248]=Oop [456]=Oop }
                      ;*new {reexecute=0 rethrow=0 return_oop=0}
                      ; - org.jetbrains.kotlin.analysis.api.fir.components.KaFirResolver::doResolveCall@453 (line 1733)
  0x000002c148098730: efeb 00e9 | 48c5 ffff 

  0x000002c148098738: ;   {metadata({method} {0x000002c15941f040} '<init>' '()V' in 'java/lang/StringBuilder')}
  0x000002c148098738: 49ba 38f0 | 4159 c102 | 0000 4c89 | 5424 0848 | c704 24ff 

  0x000002c14809874c: ;   {runtime_call counter_overflow Runtime1 stub}
  0x000002c14809874c: ffff ffe8 

  0x000002c148098750: ; ImmutableOopMap {[240]=Oop [248]=Oop [456]=Oop rax=Oop [448]=Oop }
                      ;*synchronization entry
                      ; - java.lang.StringBuilder::<init>@-1 (line 106)
                      ; - org.jetbrains.kotlin.analysis.api.fir.components.KaFirResolver::doResolveCall@457 (line 1733)
  0x000002c148098750: 2c37 ec00 | e96c c5ff 

  0x000002c148098758: ;   {metadata({method} {0x000002c15941f778} 'append' '(Ljava/lang/String;)Ljava/lang/StringBuilder;' in 'java/lang/StringBuilder')}
  0x000002c148098758: ff49 ba70 | f741 59c1 | 0200 004c | 8954 2408 | 48c7 0424 | ffff ffff 

  0x000002c148098770: ;   {runtime_call counter_overflow Runtime1 stub}
  0x000002c148098770: e80b 37ec 

  0x000002c148098774: ; ImmutableOopMap {[240]=Oop [456]=Oop [248]=Oop [448]=Oop }
                      ;*synchronization entry
                      ; - java.lang.StringBuilder::append@-1 (line 179)
                      ; - org.jetbrains.kotlin.analysis.api.fir.components.KaFirResolver::doResolveCall@463 (line 1733)
  0x000002c148098774: 00e9 b6c5 

  0x000002c148098778: ;   {runtime_call throw_null_pointer_exception Runtime1 stub}
  0x000002c148098778: ffff e821 

  0x000002c14809877c: ; ImmutableOopMap {[240]=Oop [456]=Oop [448]=Oop r8=Oop [248]=Oop }
                      ;*invokevirtual getClass {reexecute=0 rethrow=0 return_oop=0}
                      ; - org.jetbrains.kotlin.analysis.api.fir.components.KaFirResolver::doResolveCall@467 (line 1733)
                      ;   {metadata({method} {0x000002c10cce5190} 'getOrCreateKotlinClass' '(Ljava/lang/Class;)Lkotlin/reflect/KClass;' in 'kotlin/jvm/internal/Reflection')}
  0x000002c14809877c: e6eb 0049 | ba88 51ce | 0cc1 0200 | 004c 8954 | 2408 48c7 | 0424 ffff 

  0x000002c148098794: ;   {runtime_call counter_overflow Runtime1 stub}
  0x000002c148098794: ffff e8e5 

  0x000002c148098798: ; ImmutableOopMap {[240]=Oop [456]=Oop [448]=Oop r8=Oop [248]=Oop rbx=Oop }
                      ;*synchronization entry
                      ; - kotlin.jvm.internal.Reflection::getOrCreateKotlinClass@-1 (line 60)
                      ; - org.jetbrains.kotlin.analysis.api.fir.components.KaFirResolver::doResolveCall@470 (line 1733)
  0x000002c148098798: 36ec 00e9 | 36c6 ffff 

  0x000002c1480987a0: ;   {metadata({method} {0x000002c10cce7de0} 'getOrCreateKotlinClass' '(Ljava/lang/Class;)Lkotlin/reflect/KClass;' in 'kotlin/reflect/jvm/internal/ReflectionFactoryImpl')}
  0x000002c1480987a0: 49ba d87d | ce0c c102 | 0000 4c89 | 5424 0848 | c704 24ff 

  0x000002c1480987b4: ;   {runtime_call counter_overflow Runtime1 stub}
  0x000002c1480987b4: ffff ffe8 

  0x000002c1480987b8: ; ImmutableOopMap {[240]=Oop [456]=Oop [448]=Oop r8=Oop [248]=Oop rbx=Oop }
                      ;*synchronization entry
                      ; - kotlin.reflect.jvm.internal.ReflectionFactoryImpl::getOrCreateKotlinClass@-1 (line 41)
                      ; - kotlin.jvm.internal.Reflection::getOrCreateKotlinClass@4 (line 60)
                      ; - org.jetbrains.kotlin.analysis.api.fir.components.KaFirResolver::doResolveCall@470 (line 1733)
  0x000002c1480987b8: c436 ec00 | e959 c6ff 

  0x000002c1480987c0: ;   {metadata({method} {0x000002c10cd3cac8} 'getOrCreateKotlinClass' '(Ljava/lang/Class;)Lkotlin/reflect/jvm/internal/KClassImpl;' in 'kotlin/reflect/jvm/internal/CachesKt')}
  0x000002c1480987c0: ff49 bac0 | cad3 0cc1 | 0200 004c | 8954 2408 | 48c7 0424 | ffff ffff 

  0x000002c1480987d8: ;   {runtime_call counter_overflow Runtime1 stub}
  0x000002c1480987d8: e8a3 36ec 

  0x000002c1480987dc: ; ImmutableOopMap {[240]=Oop [456]=Oop [448]=Oop r8=Oop [248]=Oop rbx=Oop }
                      ;*synchronization entry
                      ; - kotlin.reflect.jvm.internal.CachesKt::getOrCreateKotlinClass@-1
                      ; - kotlin.reflect.jvm.internal.ReflectionFactoryImpl::getOrCreateKotlinClass@1 (line 41)
                      ; - kotlin.jvm.internal.Reflection::getOrCreateKotlinClass@4 (line 60)
                      ; - org.jetbrains.kotlin.analysis.api.fir.components.KaFirResolver::doResolveCall@470 (line 1733)
  0x000002c1480987dc: 00e9 72c6 

  0x000002c1480987e0: ;   {metadata({method} {0x000002c10ae0b7a8} 'checkNotNullParameter' '(Ljava/lang/Object;Ljava/lang/String;)V' in 'kotlin/jvm/internal/Intrinsics')}
  0x000002c1480987e0: ffff 49ba | a0b7 e00a | c102 0000 | 4c89 5424 | 0848 c704 | 24ff ffff 

  0x000002c1480987f8: ;   {runtime_call counter_overflow Runtime1 stub}
  0x000002c1480987f8: ffe8 8236 

  0x000002c1480987fc: ; ImmutableOopMap {[240]=Oop [456]=Oop [448]=Oop r8=Oop [248]=Oop rbx=Oop }
                      ;*synchronization entry
                      ; - kotlin.jvm.internal.Intrinsics::checkNotNullParameter@-1 (line 130)
                      ; - kotlin.reflect.jvm.internal.CachesKt::getOrCreateKotlinClass@3
                      ; - kotlin.reflect.jvm.internal.ReflectionFactoryImpl::getOrCreateKotlinClass@1 (line 41)
                      ; - kotlin.jvm.internal.Reflection::getOrCreateKotlinClass@4 (line 60)
                      ; - org.jetbrains.kotlin.analysis.api.fir.components.KaFirResolver::doResolveCall@470 (line 1733)
  0x000002c1480987fc: ec00 e98b 

  0x000002c148098800: ;   {metadata({method} {0x000002c10ae0a8d0} 'checkNotNull' '(Ljava/lang/Object;Ljava/lang/String;)V' in 'kotlin/jvm/internal/Intrinsics')}
  0x000002c148098800: c6ff ff49 | bac8 a8e0 | 0ac1 0200 | 004c 8954 | 2408 48c7 | 0424 ffff 

  0x000002c148098818: ;   {runtime_call counter_overflow Runtime1 stub}
  0x000002c148098818: ffff e861 

  0x000002c14809881c: ; ImmutableOopMap {[240]=Oop [456]=Oop [448]=Oop [248]=Oop rax=Oop }
                      ;*synchronization entry
                      ; - kotlin.jvm.internal.Intrinsics::checkNotNull@-1 (line 30)
                      ; - kotlin.reflect.jvm.internal.CachesKt::getOrCreateKotlinClass@16 (line 21)
                      ; - kotlin.reflect.jvm.internal.ReflectionFactoryImpl::getOrCreateKotlinClass@1 (line 41)
                      ; - kotlin.jvm.internal.Reflection::getOrCreateKotlinClass@4 (line 60)
                      ; - org.jetbrains.kotlin.analysis.api.fir.components.KaFirResolver::doResolveCall@470 (line 1733)
  0x000002c14809881c: 36ec 00e9 | 02c7 ffff | 4889 0424 

  0x000002c148098828: ;   {runtime_call throw_class_cast_exception Runtime1 stub}
  0x000002c148098828: e873 09ec 

  0x000002c14809882c: ; ImmutableOopMap {[240]=Oop [456]=Oop [448]=Oop [248]=Oop }
                      ;*checkcast {reexecute=0 rethrow=0 return_oop=0}
                      ; - kotlin.reflect.jvm.internal.CachesKt::getOrCreateKotlinClass@19 (line 21)
                      ; - kotlin.reflect.jvm.internal.ReflectionFactoryImpl::getOrCreateKotlinClass@1 (line 41)
                      ; - kotlin.jvm.internal.Reflection::getOrCreateKotlinClass@4 (line 60)
                      ; - org.jetbrains.kotlin.analysis.api.fir.components.KaFirResolver::doResolveCall@470 (line 1733)
                      ;   {metadata({method} {0x000002c15941f880} 'append' '(Ljava/lang/Object;)Ljava/lang/StringBuilder;' in 'java/lang/StringBuilder')}
  0x000002c14809882c: 0049 ba78 | f841 59c1 | 0200 004c | 8954 2408 | 48c7 0424 | ffff ffff 

  0x000002c148098844: ;   {runtime_call counter_overflow Runtime1 stub}
  0x000002c148098844: e837 36ec 

  0x000002c148098848: ; ImmutableOopMap {[240]=Oop [456]=Oop [448]=Oop [248]=Oop rdx=Oop }
                      ;*synchronization entry
                      ; - java.lang.StringBuilder::append@-1 (line 173)
                      ; - org.jetbrains.kotlin.analysis.api.fir.components.KaFirResolver::doResolveCall@473 (line 1733)
  0x000002c148098848: 00e9 3fc8 

  0x000002c14809884c: ;   {metadata({method} {0x000002c159427eb8} 'valueOf' '(Ljava/lang/Object;)Ljava/lang/String;' in 'java/lang/String')}
  0x000002c14809884c: ffff 49ba | b07e 4259 | c102 0000 | 4c89 5424 | 0848 c704 | 24ff ffff 

  0x000002c148098864: ;   {runtime_call counter_overflow Runtime1 stub}
  0x000002c148098864: ffe8 1636 

  0x000002c148098868: ; ImmutableOopMap {[240]=Oop [456]=Oop [448]=Oop [248]=Oop rdx=Oop }
                      ;*synchronization entry
                      ; - java.lang.String::valueOf@-1 (line 4220)
                      ; - java.lang.StringBuilder::append@2 (line 173)
                      ; - org.jetbrains.kotlin.analysis.api.fir.components.KaFirResolver::doResolveCall@473 (line 1733)
  0x000002c148098868: ec00 e958 

  0x000002c14809886c: ;   {runtime_call throw_null_pointer_exception Runtime1 stub}
  0x000002c14809886c: c8ff ffe8 

  0x000002c148098870: ; ImmutableOopMap {[240]=Oop [456]=Oop [448]=Oop [248]=Oop rdx=Oop }
                      ;*invokevirtual toString {reexecute=0 rethrow=0 return_oop=0}
                      ; - java.lang.String::valueOf@11 (line 4220)
                      ; - java.lang.StringBuilder::append@2 (line 173)
                      ; - org.jetbrains.kotlin.analysis.api.fir.components.KaFirResolver::doResolveCall@473 (line 1733)
  0x000002c148098870: 2ce5 eb00 

  0x000002c148098874: ;   {metadata({method} {0x000002c15941f778} 'append' '(Ljava/lang/String;)Ljava/lang/StringBuilder;' in 'java/lang/StringBuilder')}
  0x000002c148098874: 49ba 70f7 | 4159 c102 | 0000 4c89 | 5424 0848 | c704 24ff 

  0x000002c148098888: ;   {runtime_call counter_overflow Runtime1 stub}
  0x000002c148098888: ffff ffe8 

  0x000002c14809888c: ; ImmutableOopMap {[240]=Oop [456]=Oop [448]=Oop [248]=Oop rsi=Oop }
                      ;*synchronization entry
                      ; - java.lang.StringBuilder::append@-1 (line 179)
                      ; - java.lang.StringBuilder::append@5 (line 173)
                      ; - org.jetbrains.kotlin.analysis.api.fir.components.KaFirResolver::doResolveCall@473 (line 1733)
  0x000002c14809888c: f035 ec00 | e9ee c8ff 

  0x000002c148098894: ;   {metadata({method} {0x000002c15941f098} 'toString' '()Ljava/lang/String;' in 'java/lang/StringBuilder')}
  0x000002c148098894: ff49 ba90 | f041 59c1 | 0200 004c | 8954 2408 | 48c7 0424 | ffff ffff 

  0x000002c1480988ac: ;   {runtime_call counter_overflow Runtime1 stub}
  0x000002c1480988ac: e8cf 35ec 

  0x000002c1480988b0: ; ImmutableOopMap {[240]=Oop [456]=Oop [448]=Oop [248]=Oop }
                      ;*synchronization entry
                      ; - java.lang.StringBuilder::toString@-1 (line 453)
                      ; - org.jetbrains.kotlin.analysis.api.fir.components.KaFirResolver::doResolveCall@476 (line 1733)
  0x000002c1480988b0: 00e9 45c9 

  0x000002c1480988b4: ;   {metadata({method} {0x000002c15905d7c8} 'isLatin1' '()Z' in 'java/lang/AbstractStringBuilder')}
  0x000002c1480988b4: ffff 49ba | c0d7 0559 | c102 0000 | 4c89 5424 | 0848 c704 | 24ff ffff 

  0x000002c1480988cc: ;   {runtime_call counter_overflow Runtime1 stub}
  0x000002c1480988cc: ffe8 ae35 

  0x000002c1480988d0: ; ImmutableOopMap {[240]=Oop [456]=Oop [448]=Oop [248]=Oop }
                      ;*synchronization entry
                      ; - java.lang.AbstractStringBuilder::isLatin1@-1 (line 1677)
                      ; - java.lang.StringBuilder::toString@1 (line 453)
                      ; - org.jetbrains.kotlin.analysis.api.fir.components.KaFirResolver::doResolveCall@476 (line 1733)
  0x000002c1480988d0: ec00 e96b | c9ff ff48 

  0x000002c1480988d8: ;   {runtime_call throw_class_cast_exception Runtime1 stub}
  0x000002c1480988d8: 8904 24e8 

  0x000002c1480988dc: ; ImmutableOopMap {rax=Oop [456]=Oop [240]=Oop [464]=Oop [248]=Oop }
                      ;*checkcast {reexecute=0 rethrow=0 return_oop=0}
                      ; - org.jetbrains.kotlin.analysis.api.fir.components.KaFirResolver::doResolveCall@491 (line 1740)
  0x000002c1480988dc: c008 ec00 

  0x000002c1480988e0: ;   {metadata(NULL)}
  0x000002c1480988e0: 48ba 0000 | 0000 0000 | 0000 b800 

  0x000002c1480988ec: ;   {runtime_call load_klass_patching Runtime1 stub}
  0x000002c1480988ec: 0f05 0ae8 

  0x000002c1480988f0: ; ImmutableOopMap {[464]=Oop [456]=Oop [240]=Oop [248]=Oop }
                      ;*new {reexecute=1 rethrow=0 return_oop=0}
                      ; - (reexecute) org.jetbrains.kotlin.analysis.api.fir.components.KaFirResolver::doResolveCall@503 (line 1743)
  0x000002c1480988f0: 0c25 ec00 | e967 cbff 

  0x000002c1480988f8: ;   {runtime_call throw_null_pointer_exception Runtime1 stub}
  0x000002c1480988f8: ffe8 a2e4 

  0x000002c1480988fc: ; ImmutableOopMap {[464]=Oop [456]=Oop [240]=Oop [248]=Oop }
                      ;*new {reexecute=0 rethrow=0 return_oop=0}
                      ; - org.jetbrains.kotlin.analysis.api.fir.components.KaFirResolver::doResolveCall@503 (line 1743)
  0x000002c1480988fc: eb00 488b 

  0x000002c148098900: ;   {runtime_call fast_new_instance_init_check Runtime1 stub}
  0x000002c148098900: d2e8 7af0 

  0x000002c148098904: ; ImmutableOopMap {[464]=Oop [456]=Oop [240]=Oop [248]=Oop }
                      ;*new {reexecute=0 rethrow=0 return_oop=0}
                      ; - org.jetbrains.kotlin.analysis.api.fir.components.KaFirResolver::doResolveCall@503 (line 1743)
  0x000002c148098904: eb00 e9ba | cbff ff48 

  0x000002c14809890c: ;   {runtime_call throw_class_cast_exception Runtime1 stub}
  0x000002c14809890c: 891c 24e8 

  0x000002c148098910: ; ImmutableOopMap {[464]=Oop [240]=Oop [248]=Oop rax=Oop }
                      ;*checkcast {reexecute=0 rethrow=0 return_oop=0}
                      ; - org.jetbrains.kotlin.analysis.api.fir.components.KaFirResolver::doResolveCall@511 (line 1743)
  0x000002c148098910: 8c08 ec00 

  0x000002c148098914: ;   {metadata(NULL)}
  0x000002c148098914: 48ba 0000 | 0000 0000 | 0000 b800 

  0x000002c148098920: ;   {runtime_call load_klass_patching Runtime1 stub}
  0x000002c148098920: 0f05 0ae8 

  0x000002c148098924: ; ImmutableOopMap {[240]=Oop [248]=Oop [472]=Oop }
                      ;*new {reexecute=1 rethrow=0 return_oop=0}
                      ; - (reexecute) org.jetbrains.kotlin.analysis.api.fir.components.KaFirResolver::doResolveCall@533 (line 1745)
  0x000002c148098924: d824 ec00 | e9c3 ccff 

  0x000002c14809892c: ;   {runtime_call throw_null_pointer_exception Runtime1 stub}
  0x000002c14809892c: ffe8 6ee4 

  0x000002c148098930: ; ImmutableOopMap {[240]=Oop [248]=Oop [472]=Oop }
                      ;*new {reexecute=0 rethrow=0 return_oop=0}
                      ; - org.jetbrains.kotlin.analysis.api.fir.components.KaFirResolver::doResolveCall@533 (line 1745)
  0x000002c148098930: eb00 488b 

  0x000002c148098934: ;   {runtime_call fast_new_instance_init_check Runtime1 stub}
  0x000002c148098934: d2e8 46f0 

  0x000002c148098938: ; ImmutableOopMap {[240]=Oop [248]=Oop [472]=Oop }
                      ;*new {reexecute=0 rethrow=0 return_oop=0}
                      ; - org.jetbrains.kotlin.analysis.api.fir.components.KaFirResolver::doResolveCall@533 (line 1745)
  0x000002c148098938: eb00 e90a | cdff ff4c 

  0x000002c148098940: ;   {runtime_call throw_class_cast_exception Runtime1 stub}
  0x000002c148098940: 8904 24e8 

  0x000002c148098944: ; ImmutableOopMap {[240]=Oop [472]=Oop [480]=Oop r8=Oop [248]=Oop }
                      ;*checkcast {reexecute=0 rethrow=0 return_oop=0}
                      ; - org.jetbrains.kotlin.analysis.api.fir.components.KaFirResolver::doResolveCall@566 (line 1746)
  0x000002c148098944: 5808 ec00 

  0x000002c148098948: ;   {metadata(NULL)}
  0x000002c148098948: 48ba 0000 | 0000 0000 | 0000 b800 

  0x000002c148098954: ;   {runtime_call load_klass_patching Runtime1 stub}
  0x000002c148098954: 0f05 0ae8 

  0x000002c148098958: ; ImmutableOopMap {[240]=Oop [472]=Oop [480]=Oop r8=Oop [248]=Oop rsi=Oop }
                      ;*new {reexecute=1 rethrow=0 return_oop=0}
                      ; - (reexecute) org.jetbrains.kotlin.analysis.api.fir.components.KaFirResolver::doResolveCall@569 (line 1746)
  0x000002c148098958: a424 ec00 | e92f ceff | ff48 8bd2 

  0x000002c148098964: ;   {runtime_call new_instance Runtime1 stub}
  0x000002c148098964: e817 eaeb 

  0x000002c148098968: ; ImmutableOopMap {[240]=Oop [472]=Oop [480]=Oop r8=Oop [248]=Oop rsi=Oop }
                      ;*new {reexecute=0 rethrow=0 return_oop=0}
                      ; - org.jetbrains.kotlin.analysis.api.fir.components.KaFirResolver::doResolveCall@569 (line 1746)
  0x000002c148098968: 00e9 31ce 

  0x000002c14809896c: ;   {metadata({method} {0x000002c119cf2d58} 'getAnalysisSession' '()Lorg/jetbrains/kotlin/analysis/api/KaSession;' in 'org/jetbrains/kotlin/analysis/api/impl/base/components/KaBaseSessionComponent')}
  0x000002c14809896c: ffff 49ba | 502d cf19 | c102 0000 | 4c89 5424 | 0848 c704 | 24ff ffff 

  0x000002c148098984: ;   {runtime_call counter_overflow Runtime1 stub}
  0x000002c148098984: ffe8 f634 

  0x000002c148098988: ; ImmutableOopMap {[240]=Oop [472]=Oop [480]=Oop r8=Oop [248]=Oop rsi=Oop rax=Oop }
                      ;*synchronization entry
                      ; - org.jetbrains.kotlin.analysis.api.impl.base.components.KaBaseSessionComponent::getAnalysisSession@-1 (line 18)
                      ; - org.jetbrains.kotlin.analysis.api.fir.components.KaFirResolver::doResolveCall@574 (line 1746)
  0x000002c148098988: ec00 e952 

  0x000002c14809898c: ;   {runtime_call throw_null_pointer_exception Runtime1 stub}
  0x000002c14809898c: ceff ffe8 

  0x000002c148098990: ; ImmutableOopMap {[472]=Oop [480]=Oop r8=Oop [248]=Oop rsi=Oop rax=Oop rdx=Oop [240]=Oop rdi=Oop }
                      ;*invokeinterface invoke {reexecute=0 rethrow=0 return_oop=0}
                      ; - org.jetbrains.kotlin.analysis.api.impl.base.components.KaBaseSessionComponent::getAnalysisSession@4 (line 18)
                      ; - org.jetbrains.kotlin.analysis.api.fir.components.KaFirResolver::doResolveCall@574 (line 1746)
  0x000002c148098990: 0ce4 eb00 | 4889 0424 

  0x000002c148098998: ;   {runtime_call throw_class_cast_exception Runtime1 stub}
  0x000002c148098998: e803 08ec 

  0x000002c14809899c: ; ImmutableOopMap {[472]=Oop [480]=Oop [488]=Oop [496]=Oop [248]=Oop [240]=Oop }
                      ;*checkcast {reexecute=0 rethrow=0 return_oop=0}
                      ; - org.jetbrains.kotlin.analysis.api.impl.base.components.KaBaseSessionComponent::getAnalysisSession@9 (line 18)
                      ; - org.jetbrains.kotlin.analysis.api.fir.components.KaFirResolver::doResolveCall@574 (line 1746)
  0x000002c14809899c: 0048 8904 

  0x000002c1480989a0: ;   {runtime_call throw_class_cast_exception Runtime1 stub}
  0x000002c1480989a0: 24e8 fa07 

  0x000002c1480989a4: ; ImmutableOopMap {[472]=Oop [480]=Oop [496]=Oop [248]=Oop [240]=Oop }
                      ;*checkcast {reexecute=0 rethrow=0 return_oop=0}
                      ; - org.jetbrains.kotlin.analysis.api.fir.components.KaFirResolver::doResolveCall@580 (line 1746)
                      ;   {metadata({method} {0x000002c119cd64b8} 'getFirResolveSession' '()Lorg/jetbrains/kotlin/analysis/low/level/api/fir/api/LLFirResolveSession;' in 'org/jetbrains/kotlin/analysis/api/fir/components/KaFirSessionComponent')}
  0x000002c1480989a4: ec00 49ba | b064 cd19 | c102 0000 | 4c89 5424 | 0848 c704 | 24ff ffff 

  0x000002c1480989bc: ;   {runtime_call counter_overflow Runtime1 stub}
  0x000002c1480989bc: ffe8 be34 

  0x000002c1480989c0: ; ImmutableOopMap {[472]=Oop [480]=Oop [248]=Oop [240]=Oop }
                      ;*synchronization entry
                      ; - org.jetbrains.kotlin.analysis.api.fir.components.KaFirSessionComponent::getFirResolveSession@-1 (line 35)
                      ; - org.jetbrains.kotlin.analysis.api.fir.components.KaFirResolver::doResolveCall@588 (line 1747)
  0x000002c1480989c0: ec00 e93b 

  0x000002c1480989c4: ;   {metadata({method} {0x000002c119ceb828} 'getAnalysisSession' '()Lorg/jetbrains/kotlin/analysis/api/fir/KaFirSession;' in 'org/jetbrains/kotlin/analysis/api/fir/components/KaFirResolver')}
  0x000002c1480989c4: d2ff ff49 | ba20 b8ce | 19c1 0200 | 004c 8954 | 2408 48c7 | 0424 ffff 

  0x000002c1480989dc: ;   {runtime_call counter_overflow Runtime1 stub}
  0x000002c1480989dc: ffff e89d 

  0x000002c1480989e0: ; ImmutableOopMap {[472]=Oop [480]=Oop [248]=Oop [240]=Oop }
                      ;*synchronization entry
                      ; - org.jetbrains.kotlin.analysis.api.fir.components.KaFirResolver::getAnalysisSession@-1 (line 89)
                      ; - org.jetbrains.kotlin.analysis.api.fir.components.KaFirSessionComponent::getFirResolveSession@1 (line 35)
                      ; - org.jetbrains.kotlin.analysis.api.fir.components.KaFirResolver::doResolveCall@588 (line 1747)
  0x000002c1480989e0: 34ec 00e9 | 54d2 ffff 

  0x000002c1480989e8: ;   {metadata({method} {0x000002c119cf2d58} 'getAnalysisSession' '()Lorg/jetbrains/kotlin/analysis/api/KaSession;' in 'org/jetbrains/kotlin/analysis/api/impl/base/components/KaBaseSessionComponent')}
  0x000002c1480989e8: 49ba 502d | cf19 c102 | 0000 4c89 | 5424 0848 | c704 24ff 

  0x000002c1480989fc: ;   {runtime_call counter_overflow Runtime1 stub}
  0x000002c1480989fc: ffff ffe8 

  0x000002c148098a00: ; ImmutableOopMap {[472]=Oop [480]=Oop [248]=Oop [240]=Oop }
                      ;*synchronization entry
                      ; - org.jetbrains.kotlin.analysis.api.impl.base.components.KaBaseSessionComponent::getAnalysisSession@-1 (line 18)
                      ; - org.jetbrains.kotlin.analysis.api.fir.components.KaFirResolver::getAnalysisSession@1 (line 89)
                      ; - org.jetbrains.kotlin.analysis.api.fir.components.KaFirSessionComponent::getFirResolveSession@1 (line 35)
                      ; - org.jetbrains.kotlin.analysis.api.fir.components.KaFirResolver::doResolveCall@588 (line 1747)
  0x000002c148098a00: 7c34 ec00 | e975 d2ff 

  0x000002c148098a08: ;   {runtime_call throw_null_pointer_exception Runtime1 stub}
  0x000002c148098a08: ffe8 92e3 

  0x000002c148098a0c: ; ImmutableOopMap {[472]=Oop [480]=Oop [248]=Oop rdx=Oop }
                      ;*invokeinterface invoke {reexecute=0 rethrow=0 return_oop=0}
                      ; - org.jetbrains.kotlin.analysis.api.impl.base.components.KaBaseSessionComponent::getAnalysisSession@4 (line 18)
                      ; - org.jetbrains.kotlin.analysis.api.fir.components.KaFirResolver::getAnalysisSession@1 (line 89)
                      ; - org.jetbrains.kotlin.analysis.api.fir.components.KaFirSessionComponent::getFirResolveSession@1 (line 35)
                      ; - org.jetbrains.kotlin.analysis.api.fir.components.KaFirResolver::doResolveCall@588 (line 1747)
  0x000002c148098a0c: eb00 4889 

  0x000002c148098a10: ;   {runtime_call throw_class_cast_exception Runtime1 stub}
  0x000002c148098a10: 0424 e889 

  0x000002c148098a14: ; ImmutableOopMap {[472]=Oop [480]=Oop [248]=Oop }
                      ;*checkcast {reexecute=0 rethrow=0 return_oop=0}
                      ; - org.jetbrains.kotlin.analysis.api.impl.base.components.KaBaseSessionComponent::getAnalysisSession@9 (line 18)
                      ; - org.jetbrains.kotlin.analysis.api.fir.components.KaFirResolver::getAnalysisSession@1 (line 89)
                      ; - org.jetbrains.kotlin.analysis.api.fir.components.KaFirSessionComponent::getFirResolveSession@1 (line 35)
                      ; - org.jetbrains.kotlin.analysis.api.fir.components.KaFirResolver::doResolveCall@588 (line 1747)
  0x000002c148098a14: 07ec 0048 

  0x000002c148098a18: ;   {runtime_call throw_class_cast_exception Runtime1 stub}
  0x000002c148098a18: 8914 24e8 

  0x000002c148098a1c: ; ImmutableOopMap {[472]=Oop [480]=Oop [248]=Oop }
                      ;*checkcast {reexecute=0 rethrow=0 return_oop=0}
                      ; - org.jetbrains.kotlin.analysis.api.fir.components.KaFirResolver::getAnalysisSession@4 (line 89)
                      ; - org.jetbrains.kotlin.analysis.api.fir.components.KaFirSessionComponent::getFirResolveSession@1 (line 35)
                      ; - org.jetbrains.kotlin.analysis.api.fir.components.KaFirResolver::doResolveCall@588 (line 1747)
  0x000002c148098a1c: 8007 ec00 

  0x000002c148098a20: ;   {runtime_call throw_null_pointer_exception Runtime1 stub}
  0x000002c148098a20: e87b e3eb 

  0x000002c148098a24: ; ImmutableOopMap {[472]=Oop [480]=Oop [248]=Oop rdx=Oop }
                      ;*invokevirtual getFirResolveSession {reexecute=0 rethrow=0 return_oop=0}
                      ; - org.jetbrains.kotlin.analysis.api.fir.components.KaFirSessionComponent::getFirResolveSession@6 (line 35)
                      ; - org.jetbrains.kotlin.analysis.api.fir.components.KaFirResolver::doResolveCall@588 (line 1747)
                      ;   {metadata({method} {0x000002c1191cc248} 'getOrBuildFir' '(Lorg/jetbrains/kotlin/psi/KtElement;Lorg/jetbrains/kotlin/analysis/low/level/api/fir/api/LLFirResolveSession;)Lorg/jetbrains/kotlin/fir/FirElement;' in 'org/jetbrains/kotlin/analysis/low/level/api/fir/api/LowLevelFirApiFacadeKt')}
  0x000002c148098a24: 0049 ba40 | c21c 19c1 | 0200 004c | 8954 2408 | 48c7 0424 | ffff ffff 

  0x000002c148098a3c: ;   {runtime_call counter_overflow Runtime1 stub}
  0x000002c148098a3c: e83f 34ec 

  0x000002c148098a40: ; ImmutableOopMap {[472]=Oop [480]=Oop [248]=Oop rbx=Oop [512]=Oop }
                      ;*synchronization entry
                      ; - org.jetbrains.kotlin.analysis.low.level.api.fir.api.LowLevelFirApiFacadeKt::getOrBuildFir@-1
                      ; - org.jetbrains.kotlin.analysis.api.fir.components.KaFirResolver::doResolveCall@591 (line 1747)
  0x000002c148098a40: 00e9 69d5 

  0x000002c148098a44: ;   {metadata({method} {0x000002c10ae0b7a8} 'checkNotNullParameter' '(Ljava/lang/Object;Ljava/lang/String;)V' in 'kotlin/jvm/internal/Intrinsics')}
  0x000002c148098a44: ffff 49ba | a0b7 e00a | c102 0000 | 4c89 5424 | 0848 c704 | 24ff ffff 

  0x000002c148098a5c: ;   {runtime_call counter_overflow Runtime1 stub}
  0x000002c148098a5c: ffe8 1e34 

  0x000002c148098a60: ; ImmutableOopMap {[472]=Oop [480]=Oop [248]=Oop rbx=Oop [512]=Oop }
                      ;*synchronization entry
                      ; - kotlin.jvm.internal.Intrinsics::checkNotNullParameter@-1 (line 130)
                      ; - org.jetbrains.kotlin.analysis.low.level.api.fir.api.LowLevelFirApiFacadeKt::getOrBuildFir@3
                      ; - org.jetbrains.kotlin.analysis.api.fir.components.KaFirResolver::doResolveCall@591 (line 1747)
  0x000002c148098a60: ec00 e982 

  0x000002c148098a64: ;   {metadata({method} {0x000002c10ae0b918} 'throwParameterIsNullNPE' '(Ljava/lang/String;)V' in 'kotlin/jvm/internal/Intrinsics')}
  0x000002c148098a64: d5ff ff49 | ba10 b9e0 | 0ac1 0200 | 004c 8954 | 2408 48c7 | 0424 ffff 

  0x000002c148098a7c: ;   {runtime_call counter_overflow Runtime1 stub}
  0x000002c148098a7c: ffff e8fd 

  0x000002c148098a80: ; ImmutableOopMap {[472]=Oop [480]=Oop [248]=Oop [512]=Oop }
                      ;*synchronization entry
                      ; - kotlin.jvm.internal.Intrinsics::throwParameterIsNullNPE@-1 (line 140)
                      ; - kotlin.jvm.internal.Intrinsics::checkNotNullParameter@5 (line 131)
                      ; - org.jetbrains.kotlin.analysis.low.level.api.fir.api.LowLevelFirApiFacadeKt::getOrBuildFir@3
                      ; - org.jetbrains.kotlin.analysis.api.fir.components.KaFirResolver::doResolveCall@591 (line 1747)
  0x000002c148098a80: 33ec 00e9 | d7d5 ffff 

  0x000002c148098a88: ;   {metadata(NULL)}
  0x000002c148098a88: 48ba 0000 | 0000 0000 | 0000 b800 

  0x000002c148098a94: ;   {runtime_call load_klass_patching Runtime1 stub}
  0x000002c148098a94: 0f05 0ae8 

  0x000002c148098a98: ; ImmutableOopMap {[472]=Oop [480]=Oop [248]=Oop [512]=Oop }
                      ;*new {reexecute=1 rethrow=0 return_oop=0}
                      ; - (reexecute) kotlin.jvm.internal.Intrinsics::throwParameterIsNullNPE@0 (line 140)
                      ; - kotlin.jvm.internal.Intrinsics::checkNotNullParameter@5 (line 131)
                      ; - org.jetbrains.kotlin.analysis.low.level.api.fir.api.LowLevelFirApiFacadeKt::getOrBuildFir@3
                      ; - org.jetbrains.kotlin.analysis.api.fir.components.KaFirResolver::doResolveCall@591 (line 1747)
  0x000002c148098a98: 6423 ec00 | e9bf d5ff | ff48 8bd2 

  0x000002c148098aa4: ;   {runtime_call fast_new_instance Runtime1 stub}
  0x000002c148098aa4: e8d7 ebeb 

  0x000002c148098aa8: ; ImmutableOopMap {[472]=Oop [480]=Oop [248]=Oop [512]=Oop }
                      ;*new {reexecute=0 rethrow=0 return_oop=0}
                      ; - kotlin.jvm.internal.Intrinsics::throwParameterIsNullNPE@0 (line 140)
                      ; - kotlin.jvm.internal.Intrinsics::checkNotNullParameter@5 (line 131)
                      ; - org.jetbrains.kotlin.analysis.low.level.api.fir.api.LowLevelFirApiFacadeKt::getOrBuildFir@3
                      ; - org.jetbrains.kotlin.analysis.api.fir.components.KaFirResolver::doResolveCall@591 (line 1747)
  0x000002c148098aa8: 00e9 0ed6 

  0x000002c148098aac: ;   {metadata({method} {0x000002c10ae1c908} 'sanitizeStackTrace' '(Ljava/lang/Throwable;)Ljava/lang/Throwable;' in 'kotlin/jvm/internal/Intrinsics')}
  0x000002c148098aac: ffff 49ba | 00c9 e10a | c102 0000 | 4c89 5424 | 0848 c704 | 24ff ffff 

  0x000002c148098ac4: ;   {runtime_call counter_overflow Runtime1 stub}
  0x000002c148098ac4: ffe8 b633 

  0x000002c148098ac8: ; ImmutableOopMap {[472]=Oop [480]=Oop [512]=Oop [504]=Oop [248]=Oop }
                      ;*synchronization entry
                      ; - kotlin.jvm.internal.Intrinsics::sanitizeStackTrace@-1 (line 253)
                      ; - kotlin.jvm.internal.Intrinsics::throwParameterIsNullNPE@11 (line 140)
                      ; - kotlin.jvm.internal.Intrinsics::checkNotNullParameter@5 (line 131)
                      ; - org.jetbrains.kotlin.analysis.low.level.api.fir.api.LowLevelFirApiFacadeKt::getOrBuildFir@3
                      ; - org.jetbrains.kotlin.analysis.api.fir.components.KaFirResolver::doResolveCall@591 (line 1747)
  0x000002c148098ac8: ec00 e987 

  0x000002c148098acc: ;   {metadata({method} {0x000002c15943def0} 'getName' '()Ljava/lang/String;' in 'java/lang/Class')}
  0x000002c148098acc: d6ff ff49 | bae8 de43 | 59c1 0200 | 004c 8954 | 2408 48c7 | 0424 ffff 

  0x000002c148098ae4: ;   {runtime_call counter_overflow Runtime1 stub}
  0x000002c148098ae4: ffff e895 

  0x000002c148098ae8: ; ImmutableOopMap {[472]=Oop [480]=Oop [512]=Oop [504]=Oop [248]=Oop rdx=Oop }
                      ;*synchronization entry
                      ; - java.lang.Class::getName@-1 (line 862)
                      ; - kotlin.jvm.internal.Intrinsics::sanitizeStackTrace@3 (line 253)
                      ; - kotlin.jvm.internal.Intrinsics::throwParameterIsNullNPE@11 (line 140)
                      ; - kotlin.jvm.internal.Intrinsics::checkNotNullParameter@5 (line 131)
                      ; - org.jetbrains.kotlin.analysis.low.level.api.fir.api.LowLevelFirApiFacadeKt::getOrBuildFir@3
                      ; - org.jetbrains.kotlin.analysis.api.fir.components.KaFirResolver::doResolveCall@591 (line 1747)
  0x000002c148098ae8: 33ec 00e9 | add6 ffff 

  0x000002c148098af0: ;   {runtime_call throw_null_pointer_exception Runtime1 stub}
  0x000002c148098af0: e8ab e2eb 

  0x000002c148098af4: ; ImmutableOopMap {[472]=Oop [480]=Oop [512]=Oop [504]=Oop [248]=Oop }
                      ;*getfield name {reexecute=1 rethrow=0 return_oop=0}
                      ; - (reexecute) java.lang.Class::getName@1 (line 862)
                      ; - kotlin.jvm.internal.Intrinsics::sanitizeStackTrace@3 (line 253)
                      ; - kotlin.jvm.internal.Intrinsics::throwParameterIsNullNPE@11 (line 140)
                      ; - kotlin.jvm.internal.Intrinsics::checkNotNullParameter@5 (line 131)
                      ; - org.jetbrains.kotlin.analysis.low.level.api.fir.api.LowLevelFirApiFacadeKt::getOrBuildFir@3
                      ; - org.jetbrains.kotlin.analysis.api.fir.components.KaFirResolver::doResolveCall@591 (line 1747)
                      ;   {metadata({method} {0x000002c10ae0b7a8} 'checkNotNullParameter' '(Ljava/lang/Object;Ljava/lang/String;)V' in 'kotlin/jvm/internal/Intrinsics')}
  0x000002c148098af4: 0049 baa0 | b7e0 0ac1 | 0200 004c | 8954 2408 | 48c7 0424 | ffff ffff 

  0x000002c148098b0c: ;   {runtime_call counter_overflow Runtime1 stub}
  0x000002c148098b0c: e86f 33ec 

  0x000002c148098b10: ; ImmutableOopMap {[472]=Oop [480]=Oop [248]=Oop rbx=Oop [512]=Oop }
                      ;*synchronization entry
                      ; - kotlin.jvm.internal.Intrinsics::checkNotNullParameter@-1 (line 130)
                      ; - org.jetbrains.kotlin.analysis.low.level.api.fir.api.LowLevelFirApiFacadeKt::getOrBuildFir@9
                      ; - org.jetbrains.kotlin.analysis.api.fir.components.KaFirResolver::doResolveCall@591 (line 1747)
  0x000002c148098b10: 00e9 48d7 

  0x000002c148098b14: ;   {metadata({method} {0x000002c10ae0b918} 'throwParameterIsNullNPE' '(Ljava/lang/String;)V' in 'kotlin/jvm/internal/Intrinsics')}
  0x000002c148098b14: ffff 49ba | 10b9 e00a | c102 0000 | 4c89 5424 | 0848 c704 | 24ff ffff 

  0x000002c148098b2c: ;   {runtime_call counter_overflow Runtime1 stub}
  0x000002c148098b2c: ffe8 4e33 

  0x000002c148098b30: ; ImmutableOopMap {[472]=Oop [480]=Oop [248]=Oop [512]=Oop }
                      ;*synchronization entry
                      ; - kotlin.jvm.internal.Intrinsics::throwParameterIsNullNPE@-1 (line 140)
                      ; - kotlin.jvm.internal.Intrinsics::checkNotNullParameter@5 (line 131)
                      ; - org.jetbrains.kotlin.analysis.low.level.api.fir.api.LowLevelFirApiFacadeKt::getOrBuildFir@9
                      ; - org.jetbrains.kotlin.analysis.api.fir.components.KaFirResolver::doResolveCall@591 (line 1747)
  0x000002c148098b30: ec00 e995 

  0x000002c148098b34: ;   {metadata(NULL)}
  0x000002c148098b34: d7ff ff48 | ba00 0000 | 0000 0000 | 00b8 000f 

  0x000002c148098b44: ;   {runtime_call load_klass_patching Runtime1 stub}
  0x000002c148098b44: 050a e8b5 

  0x000002c148098b48: ; ImmutableOopMap {[472]=Oop [480]=Oop [248]=Oop [512]=Oop }
                      ;*new {reexecute=1 rethrow=0 return_oop=0}
                      ; - (reexecute) kotlin.jvm.internal.Intrinsics::throwParameterIsNullNPE@0 (line 140)
                      ; - kotlin.jvm.internal.Intrinsics::checkNotNullParameter@5 (line 131)
                      ; - org.jetbrains.kotlin.analysis.low.level.api.fir.api.LowLevelFirApiFacadeKt::getOrBuildFir@9
                      ; - org.jetbrains.kotlin.analysis.api.fir.components.KaFirResolver::doResolveCall@591 (line 1747)
  0x000002c148098b48: 22ec 00e9 | 80d7 ffff 

  0x000002c148098b50: ;   {runtime_call fast_new_instance Runtime1 stub}
  0x000002c148098b50: 488b d2e8 

  0x000002c148098b54: ; ImmutableOopMap {[472]=Oop [480]=Oop [248]=Oop [512]=Oop }
                      ;*new {reexecute=0 rethrow=0 return_oop=0}
                      ; - kotlin.jvm.internal.Intrinsics::throwParameterIsNullNPE@0 (line 140)
                      ; - kotlin.jvm.internal.Intrinsics::checkNotNullParameter@5 (line 131)
                      ; - org.jetbrains.kotlin.analysis.low.level.api.fir.api.LowLevelFirApiFacadeKt::getOrBuildFir@9
                      ; - org.jetbrains.kotlin.analysis.api.fir.components.KaFirResolver::doResolveCall@591 (line 1747)
  0x000002c148098b54: 28eb eb00 | e9cf d7ff 

  0x000002c148098b5c: ;   {metadata({method} {0x000002c10ae1c908} 'sanitizeStackTrace' '(Ljava/lang/Throwable;)Ljava/lang/Throwable;' in 'kotlin/jvm/internal/Intrinsics')}
  0x000002c148098b5c: ff49 ba00 | c9e1 0ac1 | 0200 004c | 8954 2408 | 48c7 0424 | ffff ffff 

  0x000002c148098b74: ;   {runtime_call counter_overflow Runtime1 stub}
  0x000002c148098b74: e807 33ec 

  0x000002c148098b78: ; ImmutableOopMap {[472]=Oop [480]=Oop [248]=Oop [512]=Oop [520]=Oop }
                      ;*synchronization entry
                      ; - kotlin.jvm.internal.Intrinsics::sanitizeStackTrace@-1 (line 253)
                      ; - kotlin.jvm.internal.Intrinsics::throwParameterIsNullNPE@11 (line 140)
                      ; - kotlin.jvm.internal.Intrinsics::checkNotNullParameter@5 (line 131)
                      ; - org.jetbrains.kotlin.analysis.low.level.api.fir.api.LowLevelFirApiFacadeKt::getOrBuildFir@9
                      ; - org.jetbrains.kotlin.analysis.api.fir.components.KaFirResolver::doResolveCall@591 (line 1747)
  0x000002c148098b78: 00e9 48d8 

  0x000002c148098b7c: ;   {metadata({method} {0x000002c15943def0} 'getName' '()Ljava/lang/String;' in 'java/lang/Class')}
  0x000002c148098b7c: ffff 49ba | e8de 4359 | c102 0000 | 4c89 5424 | 0848 c704 | 24ff ffff 

  0x000002c148098b94: ;   {runtime_call counter_overflow Runtime1 stub}
  0x000002c148098b94: ffe8 e632 

  0x000002c148098b98: ; ImmutableOopMap {[472]=Oop [480]=Oop [248]=Oop [512]=Oop [520]=Oop rdx=Oop }
                      ;*synchronization entry
                      ; - java.lang.Class::getName@-1 (line 862)
                      ; - kotlin.jvm.internal.Intrinsics::sanitizeStackTrace@3 (line 253)
                      ; - kotlin.jvm.internal.Intrinsics::throwParameterIsNullNPE@11 (line 140)
                      ; - kotlin.jvm.internal.Intrinsics::checkNotNullParameter@5 (line 131)
                      ; - org.jetbrains.kotlin.analysis.low.level.api.fir.api.LowLevelFirApiFacadeKt::getOrBuildFir@9
                      ; - org.jetbrains.kotlin.analysis.api.fir.components.KaFirResolver::doResolveCall@591 (line 1747)
  0x000002c148098b98: ec00 e96e 

  0x000002c148098b9c: ;   {runtime_call throw_null_pointer_exception Runtime1 stub}
  0x000002c148098b9c: d8ff ffe8 

  0x000002c148098ba0: ; ImmutableOopMap {[472]=Oop [480]=Oop [248]=Oop [512]=Oop [520]=Oop }
                      ;*getfield name {reexecute=1 rethrow=0 return_oop=0}
                      ; - (reexecute) java.lang.Class::getName@1 (line 862)
                      ; - kotlin.jvm.internal.Intrinsics::sanitizeStackTrace@3 (line 253)
                      ; - kotlin.jvm.internal.Intrinsics::throwParameterIsNullNPE@11 (line 140)
                      ; - kotlin.jvm.internal.Intrinsics::checkNotNullParameter@5 (line 131)
                      ; - org.jetbrains.kotlin.analysis.low.level.api.fir.api.LowLevelFirApiFacadeKt::getOrBuildFir@9
                      ; - org.jetbrains.kotlin.analysis.api.fir.components.KaFirResolver::doResolveCall@591 (line 1747)
  0x000002c148098ba0: fce1 eb00 

  0x000002c148098ba4: ;   {runtime_call throw_null_pointer_exception Runtime1 stub}
  0x000002c148098ba4: e8f7 e1eb 

  0x000002c148098ba8: ; ImmutableOopMap {[472]=Oop [480]=Oop rbx=Oop [512]=Oop r8=Oop [248]=Oop }
                      ;*invokevirtual getOrBuildFirFor$low_level_api_fir {reexecute=0 rethrow=0 return_oop=0}
                      ; - org.jetbrains.kotlin.analysis.low.level.api.fir.api.LowLevelFirApiFacadeKt::getOrBuildFir@14 (line 108)
                      ; - org.jetbrains.kotlin.analysis.api.fir.components.KaFirResolver::doResolveCall@591 (line 1747)
                      ;   {metadata({method} {0x000002c1191eac30} 'getOrBuildFirFor$low_level_api_fir' '(Lorg/jetbrains/kotlin/psi/KtElement;)Lorg/jetbrains/kotlin/fir/FirElement;' in 'org/jetbrains/kotlin/analysis/low/level/api/fir/state/LLFirResolvableResolveSession')}
  0x000002c148098ba8: 0049 ba28 | ac1e 19c1 | 0200 004c | 8954 2408 | 48c7 0424 | ffff ffff 

  0x000002c148098bc0: ;   {runtime_call counter_overflow Runtime1 stub}
  0x000002c148098bc0: e8bb 32ec 

  0x000002c148098bc4: ; ImmutableOopMap {[472]=Oop [480]=Oop rbx=Oop [512]=Oop r8=Oop [248]=Oop }
                      ;*synchronization entry
                      ; - org.jetbrains.kotlin.analysis.low.level.api.fir.state.LLFirResolvableResolveSession::getOrBuildFirFor$low_level_api_fir@-1
                      ; - org.jetbrains.kotlin.analysis.low.level.api.fir.api.LowLevelFirApiFacadeKt::getOrBuildFir@14 (line 108)
                      ; - org.jetbrains.kotlin.analysis.api.fir.components.KaFirResolver::doResolveCall@591 (line 1747)
  0x000002c148098bc4: 00e9 12d9 

  0x000002c148098bc8: ;   {metadata({method} {0x000002c10ae0b7a8} 'checkNotNullParameter' '(Ljava/lang/Object;Ljava/lang/String;)V' in 'kotlin/jvm/internal/Intrinsics')}
  0x000002c148098bc8: ffff 49ba | a0b7 e00a | c102 0000 | 4c89 5424 | 0848 c704 | 24ff ffff 

  0x000002c148098be0: ;   {runtime_call counter_overflow Runtime1 stub}
  0x000002c148098be0: ffe8 9a32 

  0x000002c148098be4: ; ImmutableOopMap {[472]=Oop [480]=Oop rbx=Oop [512]=Oop r8=Oop [248]=Oop }
                      ;*synchronization entry
                      ; - kotlin.jvm.internal.Intrinsics::checkNotNullParameter@-1 (line 130)
                      ; - org.jetbrains.kotlin.analysis.low.level.api.fir.state.LLFirResolvableResolveSession::getOrBuildFirFor$low_level_api_fir@3
                      ; - org.jetbrains.kotlin.analysis.low.level.api.fir.api.LowLevelFirApiFacadeKt::getOrBuildFir@14 (line 108)
                      ; - org.jetbrains.kotlin.analysis.api.fir.components.KaFirResolver::doResolveCall@591 (line 1747)
  0x000002c148098be4: ec00 e92b 

  0x000002c148098be8: ;   {metadata({method} {0x000002c10ae0b918} 'throwParameterIsNullNPE' '(Ljava/lang/String;)V' in 'kotlin/jvm/internal/Intrinsics')}
  0x000002c148098be8: d9ff ff49 | ba10 b9e0 | 0ac1 0200 | 004c 8954 | 2408 48c7 | 0424 ffff 

  0x000002c148098c00: ;   {runtime_call counter_overflow Runtime1 stub}
  0x000002c148098c00: ffff e879 

  0x000002c148098c04: ; ImmutableOopMap {[472]=Oop [480]=Oop [512]=Oop [248]=Oop }
                      ;*synchronization entry
                      ; - kotlin.jvm.internal.Intrinsics::throwParameterIsNullNPE@-1 (line 140)
                      ; - kotlin.jvm.internal.Intrinsics::checkNotNullParameter@5 (line 131)
                      ; - org.jetbrains.kotlin.analysis.low.level.api.fir.state.LLFirResolvableResolveSession::getOrBuildFirFor$low_level_api_fir@3
                      ; - org.jetbrains.kotlin.analysis.low.level.api.fir.api.LowLevelFirApiFacadeKt::getOrBuildFir@14 (line 108)
                      ; - org.jetbrains.kotlin.analysis.api.fir.components.KaFirResolver::doResolveCall@591 (line 1747)
  0x000002c148098c04: 32ec 00e9 | 78d9 ffff 

  0x000002c148098c0c: ;   {metadata(NULL)}
  0x000002c148098c0c: 48ba 0000 | 0000 0000 | 0000 b800 

  0x000002c148098c18: ;   {runtime_call load_klass_patching Runtime1 stub}
  0x000002c148098c18: 0f05 0ae8 

  0x000002c148098c1c: ; ImmutableOopMap {[472]=Oop [480]=Oop [512]=Oop [248]=Oop }
                      ;*new {reexecute=1 rethrow=0 return_oop=0}
                      ; - (reexecute) kotlin.jvm.internal.Intrinsics::throwParameterIsNullNPE@0 (line 140)
                      ; - kotlin.jvm.internal.Intrinsics::checkNotNullParameter@5 (line 131)
                      ; - org.jetbrains.kotlin.analysis.low.level.api.fir.state.LLFirResolvableResolveSession::getOrBuildFirFor$low_level_api_fir@3
                      ; - org.jetbrains.kotlin.analysis.low.level.api.fir.api.LowLevelFirApiFacadeKt::getOrBuildFir@14 (line 108)
                      ; - org.jetbrains.kotlin.analysis.api.fir.components.KaFirResolver::doResolveCall@591 (line 1747)
  0x000002c148098c1c: e021 ec00 | e963 d9ff | ff48 8bd2 

  0x000002c148098c28: ;   {runtime_call fast_new_instance Runtime1 stub}
  0x000002c148098c28: e853 eaeb 

  0x000002c148098c2c: ; ImmutableOopMap {[472]=Oop [480]=Oop [512]=Oop [248]=Oop }
                      ;*new {reexecute=0 rethrow=0 return_oop=0}
                      ; - kotlin.jvm.internal.Intrinsics::throwParameterIsNullNPE@0 (line 140)
                      ; - kotlin.jvm.internal.Intrinsics::checkNotNullParameter@5 (line 131)
                      ; - org.jetbrains.kotlin.analysis.low.level.api.fir.state.LLFirResolvableResolveSession::getOrBuildFirFor$low_level_api_fir@3
                      ; - org.jetbrains.kotlin.analysis.low.level.api.fir.api.LowLevelFirApiFacadeKt::getOrBuildFir@14 (line 108)
                      ; - org.jetbrains.kotlin.analysis.api.fir.components.KaFirResolver::doResolveCall@591 (line 1747)
  0x000002c148098c2c: 00e9 b2d9 

  0x000002c148098c30: ;   {metadata({method} {0x000002c10ae1c908} 'sanitizeStackTrace' '(Ljava/lang/Throwable;)Ljava/lang/Throwable;' in 'kotlin/jvm/internal/Intrinsics')}
  0x000002c148098c30: ffff 49ba | 00c9 e10a | c102 0000 | 4c89 5424 | 0848 c704 | 24ff ffff 

  0x000002c148098c48: ;   {runtime_call counter_overflow Runtime1 stub}
  0x000002c148098c48: ffe8 3232 

  0x000002c148098c4c: ; ImmutableOopMap {[472]=Oop [480]=Oop [512]=Oop [528]=Oop [248]=Oop }
                      ;*synchronization entry
                      ; - kotlin.jvm.internal.Intrinsics::sanitizeStackTrace@-1 (line 253)
                      ; - kotlin.jvm.internal.Intrinsics::throwParameterIsNullNPE@11 (line 140)
                      ; - kotlin.jvm.internal.Intrinsics::checkNotNullParameter@5 (line 131)
                      ; - org.jetbrains.kotlin.analysis.low.level.api.fir.state.LLFirResolvableResolveSession::getOrBuildFirFor$low_level_api_fir@3
                      ; - org.jetbrains.kotlin.analysis.low.level.api.fir.api.LowLevelFirApiFacadeKt::getOrBuildFir@14 (line 108)
                      ; - org.jetbrains.kotlin.analysis.api.fir.components.KaFirResolver::doResolveCall@591 (line 1747)
  0x000002c148098c4c: ec00 e92b 

  0x000002c148098c50: ;   {metadata({method} {0x000002c15943def0} 'getName' '()Ljava/lang/String;' in 'java/lang/Class')}
  0x000002c148098c50: daff ff49 | bae8 de43 | 59c1 0200 | 004c 8954 | 2408 48c7 | 0424 ffff 

  0x000002c148098c68: ;   {runtime_call counter_overflow Runtime1 stub}
  0x000002c148098c68: ffff e811 

  0x000002c148098c6c: ; ImmutableOopMap {[472]=Oop [480]=Oop [512]=Oop [528]=Oop [248]=Oop rdx=Oop }
                      ;*synchronization entry
                      ; - java.lang.Class::getName@-1 (line 862)
                      ; - kotlin.jvm.internal.Intrinsics::sanitizeStackTrace@3 (line 253)
                      ; - kotlin.jvm.internal.Intrinsics::throwParameterIsNullNPE@11 (line 140)
                      ; - kotlin.jvm.internal.Intrinsics::checkNotNullParameter@5 (line 131)
                      ; - org.jetbrains.kotlin.analysis.low.level.api.fir.state.LLFirResolvableResolveSession::getOrBuildFirFor$low_level_api_fir@3
                      ; - org.jetbrains.kotlin.analysis.low.level.api.fir.api.LowLevelFirApiFacadeKt::getOrBuildFir@14 (line 108)
                      ; - org.jetbrains.kotlin.analysis.api.fir.components.KaFirResolver::doResolveCall@591 (line 1747)
  0x000002c148098c6c: 32ec 00e9 | 51da ffff 

  0x000002c148098c74: ;   {runtime_call throw_null_pointer_exception Runtime1 stub}
  0x000002c148098c74: e827 e1eb 

  0x000002c148098c78: ; ImmutableOopMap {[472]=Oop [480]=Oop [512]=Oop [528]=Oop [248]=Oop }
                      ;*getfield name {reexecute=1 rethrow=0 return_oop=0}
                      ; - (reexecute) java.lang.Class::getName@1 (line 862)
                      ; - kotlin.jvm.internal.Intrinsics::sanitizeStackTrace@3 (line 253)
                      ; - kotlin.jvm.internal.Intrinsics::throwParameterIsNullNPE@11 (line 140)
                      ; - kotlin.jvm.internal.Intrinsics::checkNotNullParameter@5 (line 131)
                      ; - org.jetbrains.kotlin.analysis.low.level.api.fir.state.LLFirResolvableResolveSession::getOrBuildFirFor$low_level_api_fir@3
                      ; - org.jetbrains.kotlin.analysis.low.level.api.fir.api.LowLevelFirApiFacadeKt::getOrBuildFir@14 (line 108)
                      ; - org.jetbrains.kotlin.analysis.api.fir.components.KaFirResolver::doResolveCall@591 (line 1747)
                      ;   {metadata({method} {0x000002c1191eadd0} 'getModuleComponentsForElement' '(Lorg/jetbrains/kotlin/psi/KtElement;)Lorg/jetbrains/kotlin/analysis/low/level/api/fir/LLFirModuleResolveComponents;' in 'org/jetbrains/kotlin/analysis/low/level/api/fir/state/LLFirResolvableResolveSession')}
  0x000002c148098c78: 0049 bac8 | ad1e 19c1 | 0200 004c | 8954 2408 | 48c7 0424 | ffff ffff 

  0x000002c148098c90: ;   {runtime_call counter_overflow Runtime1 stub}
  0x000002c148098c90: e8eb 31ec 

  0x000002c148098c94: ; ImmutableOopMap {[472]=Oop [480]=Oop r8=Oop [248]=Oop rbx=Oop [512]=Oop }
                      ;*synchronization entry
                      ; - org.jetbrains.kotlin.analysis.low.level.api.fir.state.LLFirResolvableResolveSession::getModuleComponentsForElement@-1 (line 57)
                      ; - org.jetbrains.kotlin.analysis.low.level.api.fir.state.LLFirResolvableResolveSession::getOrBuildFirFor$low_level_api_fir@8 (line 47)
                      ; - org.jetbrains.kotlin.analysis.low.level.api.fir.api.LowLevelFirApiFacadeKt::getOrBuildFir@14 (line 108)
                      ; - org.jetbrains.kotlin.analysis.api.fir.components.KaFirResolver::doResolveCall@591 (line 1747)
  0x000002c148098c94: 00e9 efda | ffff 4c89 

  0x000002c148098c9c: ;   {runtime_call throw_class_cast_exception Runtime1 stub}
  0x000002c148098c9c: 0424 e8fd 

  0x000002c148098ca0: ; ImmutableOopMap {[472]=Oop [480]=Oop r8=Oop [248]=Oop rbx=Oop [512]=Oop }
                      ;*checkcast {reexecute=0 rethrow=0 return_oop=0}
                      ; - org.jetbrains.kotlin.analysis.low.level.api.fir.state.LLFirResolvableResolveSession::getModuleComponentsForElement@5 (line 57)
                      ; - org.jetbrains.kotlin.analysis.low.level.api.fir.state.LLFirResolvableResolveSession::getOrBuildFirFor$low_level_api_fir@8 (line 47)
                      ; - org.jetbrains.kotlin.analysis.low.level.api.fir.api.LowLevelFirApiFacadeKt::getOrBuildFir@14 (line 108)
                      ; - org.jetbrains.kotlin.analysis.api.fir.components.KaFirResolver::doResolveCall@591 (line 1747)
                      ;   {runtime_call throw_null_pointer_exception Runtime1 stub}
  0x000002c148098ca0: 04ec 00e8 

  0x000002c148098ca4: ; ImmutableOopMap {[472]=Oop [480]=Oop [248]=Oop rax=Oop rbx=Oop }
                      ;*invokevirtual getResolvableSession {reexecute=0 rethrow=0 return_oop=0}
                      ; - org.jetbrains.kotlin.analysis.low.level.api.fir.state.LLFirResolvableResolveSession::getModuleComponentsForElement@17 (line 58)
                      ; - org.jetbrains.kotlin.analysis.low.level.api.fir.state.LLFirResolvableResolveSession::getOrBuildFirFor$low_level_api_fir@8 (line 47)
                      ; - org.jetbrains.kotlin.analysis.low.level.api.fir.api.LowLevelFirApiFacadeKt::getOrBuildFir@14 (line 108)
                      ; - org.jetbrains.kotlin.analysis.api.fir.components.KaFirResolver::doResolveCall@591 (line 1747)
  0x000002c148098ca4: f8e0 eb00 

  0x000002c148098ca8: ;   {metadata({method} {0x000002c1191debe0} 'getResolvableSession' '(Lorg/jetbrains/kotlin/analysis/api/projectStructure/KaModule;)Lorg/jetbrains/kotlin/analysis/low/level/api/fir/sessions/LLFirResolvableModuleSession;' in 'org/jetbrains/kotlin/analysis/low/level/api/fir/state/LLSessionProvider')}
  0x000002c148098ca8: 49ba d8eb | 1d19 c102 | 0000 4c89 | 5424 0848 | c704 24ff 

  0x000002c148098cbc: ;   {runtime_call counter_overflow Runtime1 stub}
  0x000002c148098cbc: ffff ffe8 

  0x000002c148098cc0: ; ImmutableOopMap {[472]=Oop [480]=Oop [248]=Oop rax=Oop rbx=Oop }
                      ;*synchronization entry
                      ; - org.jetbrains.kotlin.analysis.low.level.api.fir.state.LLSessionProvider::getResolvableSession@-1
                      ; - org.jetbrains.kotlin.analysis.low.level.api.fir.state.LLFirResolvableResolveSession::getModuleComponentsForElement@17 (line 58)
                      ; - org.jetbrains.kotlin.analysis.low.level.api.fir.state.LLFirResolvableResolveSession::getOrBuildFirFor$low_level_api_fir@8 (line 47)
                      ; - org.jetbrains.kotlin.analysis.low.level.api.fir.api.LowLevelFirApiFacadeKt::getOrBuildFir@14 (line 108)
                      ; - org.jetbrains.kotlin.analysis.api.fir.components.KaFirResolver::doResolveCall@591 (line 1747)
  0x000002c148098cc0: bc31 ec00 | e95d dcff 

  0x000002c148098cc8: ;   {metadata({method} {0x000002c10ae0b7a8} 'checkNotNullParameter' '(Ljava/lang/Object;Ljava/lang/String;)V' in 'kotlin/jvm/internal/Intrinsics')}
  0x000002c148098cc8: ff49 baa0 | b7e0 0ac1 | 0200 004c | 8954 2408 | 48c7 0424 | ffff ffff 

  0x000002c148098ce0: ;   {runtime_call counter_overflow Runtime1 stub}
  0x000002c148098ce0: e89b 31ec 

  0x000002c148098ce4: ; ImmutableOopMap {[472]=Oop [480]=Oop [248]=Oop rax=Oop rbx=Oop }
                      ;*synchronization entry
                      ; - kotlin.jvm.internal.Intrinsics::checkNotNullParameter@-1 (line 130)
                      ; - org.jetbrains.kotlin.analysis.low.level.api.fir.state.LLSessionProvider::getResolvableSession@3
                      ; - org.jetbrains.kotlin.analysis.low.level.api.fir.state.LLFirResolvableResolveSession::getModuleComponentsForElement@17 (line 58)
                      ; - org.jetbrains.kotlin.analysis.low.level.api.fir.state.LLFirResolvableResolveSession::getOrBuildFirFor$low_level_api_fir@8 (line 47)
                      ; - org.jetbrains.kotlin.analysis.low.level.api.fir.api.LowLevelFirApiFacadeKt::getOrBuildFir@14 (line 108)
                      ; - org.jetbrains.kotlin.analysis.api.fir.components.KaFirResolver::doResolveCall@591 (line 1747)
  0x000002c148098ce4: 00e9 7bdc 

  0x000002c148098ce8: ;   {metadata({method} {0x000002c10ae0a8d0} 'checkNotNull' '(Ljava/lang/Object;Ljava/lang/String;)V' in 'kotlin/jvm/internal/Intrinsics')}
  0x000002c148098ce8: ffff 49ba | c8a8 e00a | c102 0000 | 4c89 5424 | 0848 c704 | 24ff ffff 

  0x000002c148098d00: ;   {runtime_call counter_overflow Runtime1 stub}
  0x000002c148098d00: ffe8 7a31 

  0x000002c148098d04: ; ImmutableOopMap {[472]=Oop [480]=Oop [248]=Oop rax=Oop }
                      ;*synchronization entry
                      ; - kotlin.jvm.internal.Intrinsics::checkNotNull@-1 (line 30)
                      ; - org.jetbrains.kotlin.analysis.low.level.api.fir.state.LLSessionProvider::getResolvableSession@15 (line 40)
                      ; - org.jetbrains.kotlin.analysis.low.level.api.fir.state.LLFirResolvableResolveSession::getModuleComponentsForElement@17 (line 58)
                      ; - org.jetbrains.kotlin.analysis.low.level.api.fir.state.LLFirResolvableResolveSession::getOrBuildFirFor$low_level_api_fir@8 (line 47)
                      ; - org.jetbrains.kotlin.analysis.low.level.api.fir.api.LowLevelFirApiFacadeKt::getOrBuildFir@14 (line 108)
                      ; - org.jetbrains.kotlin.analysis.api.fir.components.KaFirResolver::doResolveCall@591 (line 1747)
  0x000002c148098d04: ec00 e9f5 | dcff ff48 

  0x000002c148098d0c: ;   {runtime_call throw_class_cast_exception Runtime1 stub}
  0x000002c148098d0c: 8904 24e8 

  0x000002c148098d10: ; ImmutableOopMap {[472]=Oop [480]=Oop [248]=Oop }
                      ;*checkcast {reexecute=0 rethrow=0 return_oop=0}
                      ; - org.jetbrains.kotlin.analysis.low.level.api.fir.state.LLSessionProvider::getResolvableSession@18 (line 40)
                      ; - org.jetbrains.kotlin.analysis.low.level.api.fir.state.LLFirResolvableResolveSession::getModuleComponentsForElement@17 (line 58)
                      ; - org.jetbrains.kotlin.analysis.low.level.api.fir.state.LLFirResolvableResolveSession::getOrBuildFirFor$low_level_api_fir@8 (line 47)
                      ; - org.jetbrains.kotlin.analysis.low.level.api.fir.api.LowLevelFirApiFacadeKt::getOrBuildFir@14 (line 108)
                      ; - org.jetbrains.kotlin.analysis.api.fir.components.KaFirResolver::doResolveCall@591 (line 1747)
  0x000002c148098d10: 8c04 ec00 

  0x000002c148098d14: ;   {runtime_call throw_null_pointer_exception Runtime1 stub}
  0x000002c148098d14: e887 e0eb 

  0x000002c148098d18: ; ImmutableOopMap {[472]=Oop [480]=Oop [248]=Oop r8=Oop }
                      ;*invokevirtual getModuleComponents$low_level_api_fir {reexecute=0 rethrow=0 return_oop=0}
                      ; - org.jetbrains.kotlin.analysis.low.level.api.fir.state.LLFirResolvableResolveSession::getModuleComponentsForElement@20 (line 58)
                      ; - org.jetbrains.kotlin.analysis.low.level.api.fir.state.LLFirResolvableResolveSession::getOrBuildFirFor$low_level_api_fir@8 (line 47)
                      ; - org.jetbrains.kotlin.analysis.low.level.api.fir.api.LowLevelFirApiFacadeKt::getOrBuildFir@14 (line 108)
                      ; - org.jetbrains.kotlin.analysis.api.fir.components.KaFirResolver::doResolveCall@591 (line 1747)
                      ;   {runtime_call throw_null_pointer_exception Runtime1 stub}
  0x000002c148098d18: 00e8 82e0 

  0x000002c148098d1c: ; ImmutableOopMap {[472]=Oop [480]=Oop [248]=Oop r8=Oop }
                      ;*invokevirtual getElementsBuilder {reexecute=0 rethrow=0 return_oop=0}
                      ; - org.jetbrains.kotlin.analysis.low.level.api.fir.state.LLFirResolvableResolveSession::getOrBuildFirFor$low_level_api_fir@13 (line 48)
                      ; - org.jetbrains.kotlin.analysis.low.level.api.fir.api.LowLevelFirApiFacadeKt::getOrBuildFir@14 (line 108)
                      ; - org.jetbrains.kotlin.analysis.api.fir.components.KaFirResolver::doResolveCall@591 (line 1747)
                      ;   {runtime_call throw_null_pointer_exception Runtime1 stub}
  0x000002c148098d1c: eb00 e87d 

  0x000002c148098d20: ; ImmutableOopMap {[472]=Oop [480]=Oop [248]=Oop rdx=Oop }
                      ;*invokevirtual getOrBuildFirFor {reexecute=0 rethrow=0 return_oop=0}
                      ; - org.jetbrains.kotlin.analysis.low.level.api.fir.state.LLFirResolvableResolveSession::getOrBuildFirFor$low_level_api_fir@17 (line 48)
                      ; - org.jetbrains.kotlin.analysis.low.level.api.fir.api.LowLevelFirApiFacadeKt::getOrBuildFir@14 (line 108)
                      ; - org.jetbrains.kotlin.analysis.api.fir.components.KaFirResolver::doResolveCall@591 (line 1747)
                      ;   {metadata({method} {0x000002c10ae0ab80} 'throwJavaNpe' '(Ljava/lang/String;)V' in 'kotlin/jvm/internal/Intrinsics')}
  0x000002c148098d20: e0eb 0049 | ba78 abe0 | 0ac1 0200 | 004c 8954 | 2408 48c7 | 0424 ffff 

  0x000002c148098d38: ;   {runtime_call counter_overflow Runtime1 stub}
  0x000002c148098d38: ffff e841 

  0x000002c148098d3c: ; ImmutableOopMap {[544]=Oop [248]=Oop [480]=Oop [472]=Oop }
                      ;*synchronization entry
                      ; - kotlin.jvm.internal.Intrinsics::throwJavaNpe@-1 (line 50)
                      ; - kotlin.jvm.internal.Intrinsics::checkNotNull@5 (line 31)
                      ; - org.jetbrains.kotlin.analysis.low.level.api.fir.state.LLSessionProvider::getResolvableSession@15 (line 40)
                      ; - org.jetbrains.kotlin.analysis.low.level.api.fir.state.LLFirResolvableResolveSession::getModuleComponentsForElement@17 (line 58)
                      ; - org.jetbrains.kotlin.analysis.low.level.api.fir.state.LLFirResolvableResolveSession::getOrBuildFirFor$low_level_api_fir@8 (line 47)
                      ; - org.jetbrains.kotlin.analysis.low.level.api.fir.api.LowLevelFirApiFacadeKt::getOrBuildFir@14 (line 108)
                      ; - org.jetbrains.kotlin.analysis.api.fir.components.KaFirResolver::doResolveCall@591 (line 1747)
  0x000002c148098d3c: 31ec 00e9 | 67e0 ffff 

  0x000002c148098d44: ;   {metadata(NULL)}
  0x000002c148098d44: 48ba 0000 | 0000 0000 | 0000 b800 

  0x000002c148098d50: ;   {runtime_call load_klass_patching Runtime1 stub}
  0x000002c148098d50: 0f05 0ae8 

  0x000002c148098d54: ; ImmutableOopMap {[544]=Oop [248]=Oop [480]=Oop [472]=Oop }
                      ;*new {reexecute=1 rethrow=0 return_oop=0}
                      ; - (reexecute) kotlin.jvm.internal.Intrinsics::throwJavaNpe@0 (line 50)
                      ; - kotlin.jvm.internal.Intrinsics::checkNotNull@5 (line 31)
                      ; - org.jetbrains.kotlin.analysis.low.level.api.fir.state.LLSessionProvider::getResolvableSession@15 (line 40)
                      ; - org.jetbrains.kotlin.analysis.low.level.api.fir.state.LLFirResolvableResolveSession::getModuleComponentsForElement@17 (line 58)
                      ; - org.jetbrains.kotlin.analysis.low.level.api.fir.state.LLFirResolvableResolveSession::getOrBuildFirFor$low_level_api_fir@8 (line 47)
                      ; - org.jetbrains.kotlin.analysis.low.level.api.fir.api.LowLevelFirApiFacadeKt::getOrBuildFir@14 (line 108)
                      ; - org.jetbrains.kotlin.analysis.api.fir.components.KaFirResolver::doResolveCall@591 (line 1747)
  0x000002c148098d54: a820 ec00 | e953 e0ff | ff48 8bd2 

  0x000002c148098d60: ;   {runtime_call fast_new_instance Runtime1 stub}
  0x000002c148098d60: e81b e9eb 

  0x000002c148098d64: ; ImmutableOopMap {[248]=Oop [480]=Oop [472]=Oop [544]=Oop }
                      ;*new {reexecute=0 rethrow=0 return_oop=0}
                      ; - kotlin.jvm.internal.Intrinsics::throwJavaNpe@0 (line 50)
                      ; - kotlin.jvm.internal.Intrinsics::checkNotNull@5 (line 31)
                      ; - org.jetbrains.kotlin.analysis.low.level.api.fir.state.LLSessionProvider::getResolvableSession@15 (line 40)
                      ; - org.jetbrains.kotlin.analysis.low.level.api.fir.state.LLFirResolvableResolveSession::getModuleComponentsForElement@17 (line 58)
                      ; - org.jetbrains.kotlin.analysis.low.level.api.fir.state.LLFirResolvableResolveSession::getOrBuildFirFor$low_level_api_fir@8 (line 47)
                      ; - org.jetbrains.kotlin.analysis.low.level.api.fir.api.LowLevelFirApiFacadeKt::getOrBuildFir@14 (line 108)
                      ; - org.jetbrains.kotlin.analysis.api.fir.components.KaFirResolver::doResolveCall@591 (line 1747)
  0x000002c148098d64: 00e9 a2e0 

  0x000002c148098d68: ;   {metadata({method} {0x000002c10ae1c908} 'sanitizeStackTrace' '(Ljava/lang/Throwable;)Ljava/lang/Throwable;' in 'kotlin/jvm/internal/Intrinsics')}
  0x000002c148098d68: ffff 49ba | 00c9 e10a | c102 0000 | 4c89 5424 | 0848 c704 | 24ff ffff 

  0x000002c148098d80: ;   {runtime_call counter_overflow Runtime1 stub}
  0x000002c148098d80: ffe8 fa30 

  0x000002c148098d84: ; ImmutableOopMap {[248]=Oop [480]=Oop [472]=Oop [536]=Oop [544]=Oop }
                      ;*synchronization entry
                      ; - kotlin.jvm.internal.Intrinsics::sanitizeStackTrace@-1 (line 253)
                      ; - kotlin.jvm.internal.Intrinsics::throwJavaNpe@8 (line 50)
                      ; - kotlin.jvm.internal.Intrinsics::checkNotNull@5 (line 31)
                      ; - org.jetbrains.kotlin.analysis.low.level.api.fir.state.LLSessionProvider::getResolvableSession@15 (line 40)
                      ; - org.jetbrains.kotlin.analysis.low.level.api.fir.state.LLFirResolvableResolveSession::getModuleComponentsForElement@17 (line 58)
                      ; - org.jetbrains.kotlin.analysis.low.level.api.fir.state.LLFirResolvableResolveSession::getOrBuildFirFor$low_level_api_fir@8 (line 47)
                      ; - org.jetbrains.kotlin.analysis.low.level.api.fir.api.LowLevelFirApiFacadeKt::getOrBuildFir@14 (line 108)
                      ; - org.jetbrains.kotlin.analysis.api.fir.components.KaFirResolver::doResolveCall@591 (line 1747)
  0x000002c148098d84: ec00 e9eb | e0ff ff48 

  0x000002c148098d8c: ;   {runtime_call throw_class_cast_exception Runtime1 stub}
  0x000002c148098d8c: 8904 24e8 

  0x000002c148098d90: ; ImmutableOopMap {[248]=Oop [480]=Oop [472]=Oop [544]=Oop }
                      ;*checkcast {reexecute=0 rethrow=0 return_oop=0}
                      ; - kotlin.jvm.internal.Intrinsics::throwJavaNpe@11 (line 50)
                      ; - kotlin.jvm.internal.Intrinsics::checkNotNull@5 (line 31)
                      ; - org.jetbrains.kotlin.analysis.low.level.api.fir.state.LLSessionProvider::getResolvableSession@15 (line 40)
                      ; - org.jetbrains.kotlin.analysis.low.level.api.fir.state.LLFirResolvableResolveSession::getModuleComponentsForElement@17 (line 58)
                      ; - org.jetbrains.kotlin.analysis.low.level.api.fir.state.LLFirResolvableResolveSession::getOrBuildFirFor$low_level_api_fir@8 (line 47)
                      ; - org.jetbrains.kotlin.analysis.low.level.api.fir.api.LowLevelFirApiFacadeKt::getOrBuildFir@14 (line 108)
                      ; - org.jetbrains.kotlin.analysis.api.fir.components.KaFirResolver::doResolveCall@591 (line 1747)
  0x000002c148098d90: 0c04 ec00 

  0x000002c148098d94: ;   {runtime_call throw_null_pointer_exception Runtime1 stub}
  0x000002c148098d94: e807 e0eb 

  0x000002c148098d98: ; ImmutableOopMap {[248]=Oop [480]=Oop [472]=Oop [544]=Oop rax=Oop }
                      ;*athrow {reexecute=1 rethrow=0 return_oop=0}
                      ; - (reexecute) kotlin.jvm.internal.Intrinsics::throwJavaNpe@14 (line 50)
                      ; - kotlin.jvm.internal.Intrinsics::checkNotNull@5 (line 31)
                      ; - org.jetbrains.kotlin.analysis.low.level.api.fir.state.LLSessionProvider::getResolvableSession@15 (line 40)
                      ; - org.jetbrains.kotlin.analysis.low.level.api.fir.state.LLFirResolvableResolveSession::getModuleComponentsForElement@17 (line 58)
                      ; - org.jetbrains.kotlin.analysis.low.level.api.fir.state.LLFirResolvableResolveSession::getOrBuildFirFor$low_level_api_fir@8 (line 47)
                      ; - org.jetbrains.kotlin.analysis.low.level.api.fir.api.LowLevelFirApiFacadeKt::getOrBuildFir@14 (line 108)
                      ; - org.jetbrains.kotlin.analysis.api.fir.components.KaFirResolver::doResolveCall@591 (line 1747)
                      ;   {metadata({method} {0x000002c10ae0b918} 'throwParameterIsNullNPE' '(Ljava/lang/String;)V' in 'kotlin/jvm/internal/Intrinsics')}
  0x000002c148098d98: 0049 ba10 | b9e0 0ac1 | 0200 004c | 8954 2408 | 48c7 0424 | ffff ffff 

  0x000002c148098db0: ;   {runtime_call counter_overflow Runtime1 stub}
  0x000002c148098db0: e8cb 30ec 

  0x000002c148098db4: ; ImmutableOopMap {[568]=Oop [560]=Oop [472]=Oop [480]=Oop [248]=Oop }
                      ;*synchronization entry
                      ; - kotlin.jvm.internal.Intrinsics::throwParameterIsNullNPE@-1 (line 140)
                      ; - kotlin.jvm.internal.Intrinsics::checkNotNullParameter@5 (line 131)
                      ; - org.jetbrains.kotlin.analysis.low.level.api.fir.state.LLSessionProvider::getResolvableSession@3
                      ; - org.jetbrains.kotlin.analysis.low.level.api.fir.state.LLFirResolvableResolveSession::getModuleComponentsForElement@17 (line 58)
                      ; - org.jetbrains.kotlin.analysis.low.level.api.fir.state.LLFirResolvableResolveSession::getOrBuildFirFor$low_level_api_fir@8 (line 47)
                      ; - org.jetbrains.kotlin.analysis.low.level.api.fir.api.LowLevelFirApiFacadeKt::getOrBuildFir@14 (line 108)
                      ; - org.jetbrains.kotlin.analysis.api.fir.components.KaFirResolver::doResolveCall@591 (line 1747)
  0x000002c148098db4: 00e9 4be2 

  0x000002c148098db8: ;   {metadata(NULL)}
  0x000002c148098db8: ffff 48ba | 0000 0000 | 0000 0000 | b800 0f05 

  0x000002c148098dc8: ;   {runtime_call load_klass_patching Runtime1 stub}
  0x000002c148098dc8: 0ae8 3220 

  0x000002c148098dcc: ; ImmutableOopMap {[568]=Oop [560]=Oop [472]=Oop [480]=Oop [248]=Oop }
                      ;*new {reexecute=1 rethrow=0 return_oop=0}
                      ; - (reexecute) kotlin.jvm.internal.Intrinsics::throwParameterIsNullNPE@0 (line 140)
                      ; - kotlin.jvm.internal.Intrinsics::checkNotNullParameter@5 (line 131)
                      ; - org.jetbrains.kotlin.analysis.low.level.api.fir.state.LLSessionProvider::getResolvableSession@3
                      ; - org.jetbrains.kotlin.analysis.low.level.api.fir.state.LLFirResolvableResolveSession::getModuleComponentsForElement@17 (line 58)
                      ; - org.jetbrains.kotlin.analysis.low.level.api.fir.state.LLFirResolvableResolveSession::getOrBuildFirFor$low_level_api_fir@8 (line 47)
                      ; - org.jetbrains.kotlin.analysis.low.level.api.fir.api.LowLevelFirApiFacadeKt::getOrBuildFir@14 (line 108)
                      ; - org.jetbrains.kotlin.analysis.api.fir.components.KaFirResolver::doResolveCall@591 (line 1747)
  0x000002c148098dcc: ec00 e935 | e2ff ff48 

  0x000002c148098dd4: ;   {runtime_call fast_new_instance Runtime1 stub}
  0x000002c148098dd4: 8bd2 e8a5 

  0x000002c148098dd8: ; ImmutableOopMap {[568]=Oop [472]=Oop [480]=Oop [248]=Oop [560]=Oop }
                      ;*new {reexecute=0 rethrow=0 return_oop=0}
                      ; - kotlin.jvm.internal.Intrinsics::throwParameterIsNullNPE@0 (line 140)
                      ; - kotlin.jvm.internal.Intrinsics::checkNotNullParameter@5 (line 131)
                      ; - org.jetbrains.kotlin.analysis.low.level.api.fir.state.LLSessionProvider::getResolvableSession@3
                      ; - org.jetbrains.kotlin.analysis.low.level.api.fir.state.LLFirResolvableResolveSession::getModuleComponentsForElement@17 (line 58)
                      ; - org.jetbrains.kotlin.analysis.low.level.api.fir.state.LLFirResolvableResolveSession::getOrBuildFirFor$low_level_api_fir@8 (line 47)
                      ; - org.jetbrains.kotlin.analysis.low.level.api.fir.api.LowLevelFirApiFacadeKt::getOrBuildFir@14 (line 108)
                      ; - org.jetbrains.kotlin.analysis.api.fir.components.KaFirResolver::doResolveCall@591 (line 1747)
  0x000002c148098dd8: e8eb 00e9 | 84e2 ffff 

  0x000002c148098de0: ;   {metadata({method} {0x000002c10ae1c908} 'sanitizeStackTrace' '(Ljava/lang/Throwable;)Ljava/lang/Throwable;' in 'kotlin/jvm/internal/Intrinsics')}
  0x000002c148098de0: 49ba 00c9 | e10a c102 | 0000 4c89 | 5424 0848 | c704 24ff 

  0x000002c148098df4: ;   {runtime_call counter_overflow Runtime1 stub}
  0x000002c148098df4: ffff ffe8 

  0x000002c148098df8: ; ImmutableOopMap {[472]=Oop [480]=Oop [248]=Oop [552]=Oop [560]=Oop [568]=Oop }
                      ;*synchronization entry
                      ; - kotlin.jvm.internal.Intrinsics::sanitizeStackTrace@-1 (line 253)
                      ; - kotlin.jvm.internal.Intrinsics::throwParameterIsNullNPE@11 (line 140)
                      ; - kotlin.jvm.internal.Intrinsics::checkNotNullParameter@5 (line 131)
                      ; - org.jetbrains.kotlin.analysis.low.level.api.fir.state.LLSessionProvider::getResolvableSession@3
                      ; - org.jetbrains.kotlin.analysis.low.level.api.fir.state.LLFirResolvableResolveSession::getModuleComponentsForElement@17 (line 58)
                      ; - org.jetbrains.kotlin.analysis.low.level.api.fir.state.LLFirResolvableResolveSession::getOrBuildFirFor$low_level_api_fir@8 (line 47)
                      ; - org.jetbrains.kotlin.analysis.low.level.api.fir.api.LowLevelFirApiFacadeKt::getOrBuildFir@14 (line 108)
                      ; - org.jetbrains.kotlin.analysis.api.fir.components.KaFirResolver::doResolveCall@591 (line 1747)
  0x000002c148098df8: 8430 ec00 | e9fd e2ff | ff48 8904 

  0x000002c148098e04: ;   {runtime_call throw_class_cast_exception Runtime1 stub}
  0x000002c148098e04: 24e8 9603 

  0x000002c148098e08: ; ImmutableOopMap {[472]=Oop [480]=Oop [248]=Oop [560]=Oop [568]=Oop }
                      ;*checkcast {reexecute=0 rethrow=0 return_oop=0}
                      ; - kotlin.jvm.internal.Intrinsics::throwParameterIsNullNPE@14 (line 140)
                      ; - kotlin.jvm.internal.Intrinsics::checkNotNullParameter@5 (line 131)
                      ; - org.jetbrains.kotlin.analysis.low.level.api.fir.state.LLSessionProvider::getResolvableSession@3
                      ; - org.jetbrains.kotlin.analysis.low.level.api.fir.state.LLFirResolvableResolveSession::getModuleComponentsForElement@17 (line 58)
                      ; - org.jetbrains.kotlin.analysis.low.level.api.fir.state.LLFirResolvableResolveSession::getOrBuildFirFor$low_level_api_fir@8 (line 47)
                      ; - org.jetbrains.kotlin.analysis.low.level.api.fir.api.LowLevelFirApiFacadeKt::getOrBuildFir@14 (line 108)
                      ; - org.jetbrains.kotlin.analysis.api.fir.components.KaFirResolver::doResolveCall@591 (line 1747)
                      ;   {runtime_call throw_null_pointer_exception Runtime1 stub}
  0x000002c148098e08: ec00 e891 

  0x000002c148098e0c: ; ImmutableOopMap {[472]=Oop [480]=Oop [248]=Oop [560]=Oop [568]=Oop rax=Oop }
                      ;*athrow {reexecute=1 rethrow=0 return_oop=0}
                      ; - (reexecute) kotlin.jvm.internal.Intrinsics::throwParameterIsNullNPE@17 (line 140)
                      ; - kotlin.jvm.internal.Intrinsics::checkNotNullParameter@5 (line 131)
                      ; - org.jetbrains.kotlin.analysis.low.level.api.fir.state.LLSessionProvider::getResolvableSession@3
                      ; - org.jetbrains.kotlin.analysis.low.level.api.fir.state.LLFirResolvableResolveSession::getModuleComponentsForElement@17 (line 58)
                      ; - org.jetbrains.kotlin.analysis.low.level.api.fir.state.LLFirResolvableResolveSession::getOrBuildFirFor$low_level_api_fir@8 (line 47)
                      ; - org.jetbrains.kotlin.analysis.low.level.api.fir.api.LowLevelFirApiFacadeKt::getOrBuildFir@14 (line 108)
                      ; - org.jetbrains.kotlin.analysis.api.fir.components.KaFirResolver::doResolveCall@591 (line 1747)
  0x000002c148098e0c: dfeb 0048 

  0x000002c148098e10: ;   {runtime_call throw_class_cast_exception Runtime1 stub}
  0x000002c148098e10: 8904 24e8 

  0x000002c148098e14: ; ImmutableOopMap {[248]=Oop [480]=Oop [472]=Oop [512]=Oop }
                      ;*checkcast {reexecute=0 rethrow=0 return_oop=0}
                      ; - kotlin.jvm.internal.Intrinsics::throwParameterIsNullNPE@14 (line 140)
                      ; - kotlin.jvm.internal.Intrinsics::checkNotNullParameter@5 (line 131)
                      ; - org.jetbrains.kotlin.analysis.low.level.api.fir.state.LLFirResolvableResolveSession::getOrBuildFirFor$low_level_api_fir@3
                      ; - org.jetbrains.kotlin.analysis.low.level.api.fir.api.LowLevelFirApiFacadeKt::getOrBuildFir@14 (line 108)
                      ; - org.jetbrains.kotlin.analysis.api.fir.components.KaFirResolver::doResolveCall@591 (line 1747)
  0x000002c148098e14: 8803 ec00 

  0x000002c148098e18: ;   {runtime_call throw_null_pointer_exception Runtime1 stub}
  0x000002c148098e18: e883 dfeb 

  0x000002c148098e1c: ; ImmutableOopMap {[248]=Oop [480]=Oop [472]=Oop [512]=Oop rax=Oop }
                      ;*athrow {reexecute=1 rethrow=0 return_oop=0}
                      ; - (reexecute) kotlin.jvm.internal.Intrinsics::throwParameterIsNullNPE@17 (line 140)
                      ; - kotlin.jvm.internal.Intrinsics::checkNotNullParameter@5 (line 131)
                      ; - org.jetbrains.kotlin.analysis.low.level.api.fir.state.LLFirResolvableResolveSession::getOrBuildFirFor$low_level_api_fir@3
                      ; - org.jetbrains.kotlin.analysis.low.level.api.fir.api.LowLevelFirApiFacadeKt::getOrBuildFir@14 (line 108)
                      ; - org.jetbrains.kotlin.analysis.api.fir.components.KaFirResolver::doResolveCall@591 (line 1747)
  0x000002c148098e1c: 0048 8904 

  0x000002c148098e20: ;   {runtime_call throw_class_cast_exception Runtime1 stub}
  0x000002c148098e20: 24e8 7a03 

  0x000002c148098e24: ; ImmutableOopMap {[512]=Oop [472]=Oop [480]=Oop [248]=Oop }
                      ;*checkcast {reexecute=0 rethrow=0 return_oop=0}
                      ; - kotlin.jvm.internal.Intrinsics::throwParameterIsNullNPE@14 (line 140)
                      ; - kotlin.jvm.internal.Intrinsics::checkNotNullParameter@5 (line 131)
                      ; - org.jetbrains.kotlin.analysis.low.level.api.fir.api.LowLevelFirApiFacadeKt::getOrBuildFir@9
                      ; - org.jetbrains.kotlin.analysis.api.fir.components.KaFirResolver::doResolveCall@591 (line 1747)
                      ;   {runtime_call throw_null_pointer_exception Runtime1 stub}
  0x000002c148098e24: ec00 e875 

  0x000002c148098e28: ; ImmutableOopMap {[512]=Oop [472]=Oop [480]=Oop [248]=Oop rax=Oop }
                      ;*athrow {reexecute=1 rethrow=0 return_oop=0}
                      ; - (reexecute) kotlin.jvm.internal.Intrinsics::throwParameterIsNullNPE@17 (line 140)
                      ; - kotlin.jvm.internal.Intrinsics::checkNotNullParameter@5 (line 131)
                      ; - org.jetbrains.kotlin.analysis.low.level.api.fir.api.LowLevelFirApiFacadeKt::getOrBuildFir@9
                      ; - org.jetbrains.kotlin.analysis.api.fir.components.KaFirResolver::doResolveCall@591 (line 1747)
  0x000002c148098e28: dfeb 0048 

  0x000002c148098e2c: ;   {runtime_call throw_class_cast_exception Runtime1 stub}
  0x000002c148098e2c: 8904 24e8 

  0x000002c148098e30: ; ImmutableOopMap {[248]=Oop rdx=Oop rsi=Oop rbx=Oop [512]=Oop }
                      ;*checkcast {reexecute=0 rethrow=0 return_oop=0}
                      ; - kotlin.jvm.internal.Intrinsics::throwParameterIsNullNPE@14 (line 140)
                      ; - kotlin.jvm.internal.Intrinsics::checkNotNullParameter@5 (line 131)
                      ; - org.jetbrains.kotlin.analysis.low.level.api.fir.api.LowLevelFirApiFacadeKt::getOrBuildFir@3
                      ; - org.jetbrains.kotlin.analysis.api.fir.components.KaFirResolver::doResolveCall@591 (line 1747)
  0x000002c148098e30: 6c03 ec00 

  0x000002c148098e34: ;   {runtime_call throw_null_pointer_exception Runtime1 stub}
  0x000002c148098e34: e867 dfeb 

  0x000002c148098e38: ; ImmutableOopMap {[248]=Oop rdx=Oop rsi=Oop rbx=Oop [512]=Oop rax=Oop }
                      ;*athrow {reexecute=1 rethrow=0 return_oop=0}
                      ; - (reexecute) kotlin.jvm.internal.Intrinsics::throwParameterIsNullNPE@17 (line 140)
                      ; - kotlin.jvm.internal.Intrinsics::checkNotNullParameter@5 (line 131)
                      ; - org.jetbrains.kotlin.analysis.low.level.api.fir.api.LowLevelFirApiFacadeKt::getOrBuildFir@3
                      ; - org.jetbrains.kotlin.analysis.api.fir.components.KaFirResolver::doResolveCall@591 (line 1747)
                      ;   {metadata({method} {0x000002c10ae0ab80} 'throwJavaNpe' '(Ljava/lang/String;)V' in 'kotlin/jvm/internal/Intrinsics')}
  0x000002c148098e38: 0049 ba78 | abe0 0ac1 | 0200 004c | 8954 2408 | 48c7 0424 | ffff ffff 

  0x000002c148098e50: ;   {runtime_call counter_overflow Runtime1 stub}
  0x000002c148098e50: e82b 30ec 

  0x000002c148098e54: ; ImmutableOopMap {[584]=Oop [456]=Oop [448]=Oop [240]=Oop [248]=Oop }
                      ;*synchronization entry
                      ; - kotlin.jvm.internal.Intrinsics::throwJavaNpe@-1 (line 50)
                      ; - kotlin.jvm.internal.Intrinsics::checkNotNull@5 (line 31)
                      ; - kotlin.reflect.jvm.internal.CachesKt::getOrCreateKotlinClass@16 (line 21)
                      ; - kotlin.reflect.jvm.internal.ReflectionFactoryImpl::getOrCreateKotlinClass@1 (line 41)
                      ; - kotlin.jvm.internal.Reflection::getOrCreateKotlinClass@4 (line 60)
                      ; - org.jetbrains.kotlin.analysis.api.fir.components.KaFirResolver::doResolveCall@470 (line 1733)
  0x000002c148098e54: 00e9 8ce7 

  0x000002c148098e58: ;   {metadata(NULL)}
  0x000002c148098e58: ffff 48ba | 0000 0000 | 0000 0000 | b800 0f05 

  0x000002c148098e68: ;   {runtime_call load_klass_patching Runtime1 stub}
  0x000002c148098e68: 0ae8 921f 

  0x000002c148098e6c: ; ImmutableOopMap {[584]=Oop [456]=Oop [448]=Oop [248]=Oop [240]=Oop }
                      ;*new {reexecute=1 rethrow=0 return_oop=0}
                      ; - (reexecute) kotlin.jvm.internal.Intrinsics::throwJavaNpe@0 (line 50)
                      ; - kotlin.jvm.internal.Intrinsics::checkNotNull@5 (line 31)
                      ; - kotlin.reflect.jvm.internal.CachesKt::getOrCreateKotlinClass@16 (line 21)
                      ; - kotlin.reflect.jvm.internal.ReflectionFactoryImpl::getOrCreateKotlinClass@1 (line 41)
                      ; - kotlin.jvm.internal.Reflection::getOrCreateKotlinClass@4 (line 60)
                      ; - org.jetbrains.kotlin.analysis.api.fir.components.KaFirResolver::doResolveCall@470 (line 1733)
  0x000002c148098e6c: ec00 e975 | e7ff ff48 

  0x000002c148098e74: ;   {runtime_call fast_new_instance Runtime1 stub}
  0x000002c148098e74: 8bd2 e805 

  0x000002c148098e78: ; ImmutableOopMap {[584]=Oop [448]=Oop [248]=Oop [240]=Oop [456]=Oop }
                      ;*new {reexecute=0 rethrow=0 return_oop=0}
                      ; - kotlin.jvm.internal.Intrinsics::throwJavaNpe@0 (line 50)
                      ; - kotlin.jvm.internal.Intrinsics::checkNotNull@5 (line 31)
                      ; - kotlin.reflect.jvm.internal.CachesKt::getOrCreateKotlinClass@16 (line 21)
                      ; - kotlin.reflect.jvm.internal.ReflectionFactoryImpl::getOrCreateKotlinClass@1 (line 41)
                      ; - kotlin.jvm.internal.Reflection::getOrCreateKotlinClass@4 (line 60)
                      ; - org.jetbrains.kotlin.analysis.api.fir.components.KaFirResolver::doResolveCall@470 (line 1733)
  0x000002c148098e78: e8eb 00e9 | c4e7 ffff 

  0x000002c148098e80: ;   {metadata({method} {0x000002c10ae1c908} 'sanitizeStackTrace' '(Ljava/lang/Throwable;)Ljava/lang/Throwable;' in 'kotlin/jvm/internal/Intrinsics')}
  0x000002c148098e80: 49ba 00c9 | e10a c102 | 0000 4c89 | 5424 0848 | c704 24ff 

  0x000002c148098e94: ;   {runtime_call counter_overflow Runtime1 stub}
  0x000002c148098e94: ffff ffe8 

  0x000002c148098e98: ; ImmutableOopMap {[248]=Oop [584]=Oop [448]=Oop [456]=Oop [240]=Oop [576]=Oop }
                      ;*synchronization entry
                      ; - kotlin.jvm.internal.Intrinsics::sanitizeStackTrace@-1 (line 253)
                      ; - kotlin.jvm.internal.Intrinsics::throwJavaNpe@8 (line 50)
                      ; - kotlin.jvm.internal.Intrinsics::checkNotNull@5 (line 31)
                      ; - kotlin.reflect.jvm.internal.CachesKt::getOrCreateKotlinClass@16 (line 21)
                      ; - kotlin.reflect.jvm.internal.ReflectionFactoryImpl::getOrCreateKotlinClass@1 (line 41)
                      ; - kotlin.jvm.internal.Reflection::getOrCreateKotlinClass@4 (line 60)
                      ; - org.jetbrains.kotlin.analysis.api.fir.components.KaFirResolver::doResolveCall@470 (line 1733)
  0x000002c148098e98: e42f ec00 | e90d e8ff | ff48 8904 

  0x000002c148098ea4: ;   {runtime_call throw_class_cast_exception Runtime1 stub}
  0x000002c148098ea4: 24e8 f602 

  0x000002c148098ea8: ; ImmutableOopMap {[248]=Oop [584]=Oop [448]=Oop [456]=Oop [240]=Oop }
                      ;*checkcast {reexecute=0 rethrow=0 return_oop=0}
                      ; - kotlin.jvm.internal.Intrinsics::throwJavaNpe@11 (line 50)
                      ; - kotlin.jvm.internal.Intrinsics::checkNotNull@5 (line 31)
                      ; - kotlin.reflect.jvm.internal.CachesKt::getOrCreateKotlinClass@16 (line 21)
                      ; - kotlin.reflect.jvm.internal.ReflectionFactoryImpl::getOrCreateKotlinClass@1 (line 41)
                      ; - kotlin.jvm.internal.Reflection::getOrCreateKotlinClass@4 (line 60)
                      ; - org.jetbrains.kotlin.analysis.api.fir.components.KaFirResolver::doResolveCall@470 (line 1733)
                      ;   {runtime_call throw_null_pointer_exception Runtime1 stub}
  0x000002c148098ea8: ec00 e8f1 

  0x000002c148098eac: ; ImmutableOopMap {[248]=Oop [584]=Oop [448]=Oop [456]=Oop [240]=Oop rax=Oop }
                      ;*athrow {reexecute=1 rethrow=0 return_oop=0}
                      ; - (reexecute) kotlin.jvm.internal.Intrinsics::throwJavaNpe@14 (line 50)
                      ; - kotlin.jvm.internal.Intrinsics::checkNotNull@5 (line 31)
                      ; - kotlin.reflect.jvm.internal.CachesKt::getOrCreateKotlinClass@16 (line 21)
                      ; - kotlin.reflect.jvm.internal.ReflectionFactoryImpl::getOrCreateKotlinClass@1 (line 41)
                      ; - kotlin.jvm.internal.Reflection::getOrCreateKotlinClass@4 (line 60)
                      ; - org.jetbrains.kotlin.analysis.api.fir.components.KaFirResolver::doResolveCall@470 (line 1733)
                      ;   {metadata({method} {0x000002c10ae0b918} 'throwParameterIsNullNPE' '(Ljava/lang/String;)V' in 'kotlin/jvm/internal/Intrinsics')}
  0x000002c148098eac: deeb 0049 | ba10 b9e0 | 0ac1 0200 | 004c 8954 | 2408 48c7 | 0424 ffff 

  0x000002c148098ec4: ;   {runtime_call counter_overflow Runtime1 stub}
  0x000002c148098ec4: ffff e8b5 

  0x000002c148098ec8: ; ImmutableOopMap {[456]=Oop [448]=Oop [600]=Oop [240]=Oop [248]=Oop }
                      ;*synchronization entry
                      ; - kotlin.jvm.internal.Intrinsics::throwParameterIsNullNPE@-1 (line 140)
                      ; - kotlin.jvm.internal.Intrinsics::checkNotNullParameter@5 (line 131)
                      ; - kotlin.reflect.jvm.internal.CachesKt::getOrCreateKotlinClass@3
                      ; - kotlin.reflect.jvm.internal.ReflectionFactoryImpl::getOrCreateKotlinClass@1 (line 41)
                      ; - kotlin.jvm.internal.Reflection::getOrCreateKotlinClass@4 (line 60)
                      ; - org.jetbrains.kotlin.analysis.api.fir.components.KaFirResolver::doResolveCall@470 (line 1733)
  0x000002c148098ec8: 2fec 00e9 | 65e9 ffff 

  0x000002c148098ed0: ;   {metadata(NULL)}
  0x000002c148098ed0: 48ba 0000 | 0000 0000 | 0000 b800 

  0x000002c148098edc: ;   {runtime_call load_klass_patching Runtime1 stub}
  0x000002c148098edc: 0f05 0ae8 

  0x000002c148098ee0: ; ImmutableOopMap {[456]=Oop [448]=Oop [600]=Oop [240]=Oop [248]=Oop }
                      ;*new {reexecute=1 rethrow=0 return_oop=0}
                      ; - (reexecute) kotlin.jvm.internal.Intrinsics::throwParameterIsNullNPE@0 (line 140)
                      ; - kotlin.jvm.internal.Intrinsics::checkNotNullParameter@5 (line 131)
                      ; - kotlin.reflect.jvm.internal.CachesKt::getOrCreateKotlinClass@3
                      ; - kotlin.reflect.jvm.internal.ReflectionFactoryImpl::getOrCreateKotlinClass@1 (line 41)
                      ; - kotlin.jvm.internal.Reflection::getOrCreateKotlinClass@4 (line 60)
                      ; - org.jetbrains.kotlin.analysis.api.fir.components.KaFirResolver::doResolveCall@470 (line 1733)
  0x000002c148098ee0: 1c1f ec00 | e94f e9ff | ff48 8bd2 

  0x000002c148098eec: ;   {runtime_call fast_new_instance Runtime1 stub}
  0x000002c148098eec: e88f e7eb 

  0x000002c148098ef0: ; ImmutableOopMap {[456]=Oop [600]=Oop [240]=Oop [248]=Oop [448]=Oop }
                      ;*new {reexecute=0 rethrow=0 return_oop=0}
                      ; - kotlin.jvm.internal.Intrinsics::throwParameterIsNullNPE@0 (line 140)
                      ; - kotlin.jvm.internal.Intrinsics::checkNotNullParameter@5 (line 131)
                      ; - kotlin.reflect.jvm.internal.CachesKt::getOrCreateKotlinClass@3
                      ; - kotlin.reflect.jvm.internal.ReflectionFactoryImpl::getOrCreateKotlinClass@1 (line 41)
                      ; - kotlin.jvm.internal.Reflection::getOrCreateKotlinClass@4 (line 60)
                      ; - org.jetbrains.kotlin.analysis.api.fir.components.KaFirResolver::doResolveCall@470 (line 1733)
  0x000002c148098ef0: 00e9 9ee9 

  0x000002c148098ef4: ;   {metadata({method} {0x000002c10ae1c908} 'sanitizeStackTrace' '(Ljava/lang/Throwable;)Ljava/lang/Throwable;' in 'kotlin/jvm/internal/Intrinsics')}
  0x000002c148098ef4: ffff 49ba | 00c9 e10a | c102 0000 | 4c89 5424 | 0848 c704 | 24ff ffff 

  0x000002c148098f0c: ;   {runtime_call counter_overflow Runtime1 stub}
  0x000002c148098f0c: ffe8 6e2f 

  0x000002c148098f10: ; ImmutableOopMap {[240]=Oop [248]=Oop [456]=Oop [592]=Oop [448]=Oop [600]=Oop }
                      ;*synchronization entry
                      ; - kotlin.jvm.internal.Intrinsics::sanitizeStackTrace@-1 (line 253)
                      ; - kotlin.jvm.internal.Intrinsics::throwParameterIsNullNPE@11 (line 140)
                      ; - kotlin.jvm.internal.Intrinsics::checkNotNullParameter@5 (line 131)
                      ; - kotlin.reflect.jvm.internal.CachesKt::getOrCreateKotlinClass@3
                      ; - kotlin.reflect.jvm.internal.ReflectionFactoryImpl::getOrCreateKotlinClass@1 (line 41)
                      ; - kotlin.jvm.internal.Reflection::getOrCreateKotlinClass@4 (line 60)
                      ; - org.jetbrains.kotlin.analysis.api.fir.components.KaFirResolver::doResolveCall@470 (line 1733)
  0x000002c148098f10: ec00 e917 | eaff ff48 

  0x000002c148098f18: ;   {runtime_call throw_class_cast_exception Runtime1 stub}
  0x000002c148098f18: 8904 24e8 

  0x000002c148098f1c: ; ImmutableOopMap {[240]=Oop [248]=Oop [456]=Oop [448]=Oop [600]=Oop }
                      ;*checkcast {reexecute=0 rethrow=0 return_oop=0}
                      ; - kotlin.jvm.internal.Intrinsics::throwParameterIsNullNPE@14 (line 140)
                      ; - kotlin.jvm.internal.Intrinsics::checkNotNullParameter@5 (line 131)
                      ; - kotlin.reflect.jvm.internal.CachesKt::getOrCreateKotlinClass@3
                      ; - kotlin.reflect.jvm.internal.ReflectionFactoryImpl::getOrCreateKotlinClass@1 (line 41)
                      ; - kotlin.jvm.internal.Reflection::getOrCreateKotlinClass@4 (line 60)
                      ; - org.jetbrains.kotlin.analysis.api.fir.components.KaFirResolver::doResolveCall@470 (line 1733)
  0x000002c148098f1c: 8002 ec00 

  0x000002c148098f20: ;   {runtime_call throw_null_pointer_exception Runtime1 stub}
  0x000002c148098f20: e87b deeb 

  0x000002c148098f24: ; ImmutableOopMap {[240]=Oop [248]=Oop [456]=Oop [448]=Oop [600]=Oop rax=Oop }
                      ;*athrow {reexecute=1 rethrow=0 return_oop=0}
                      ; - (reexecute) kotlin.jvm.internal.Intrinsics::throwParameterIsNullNPE@17 (line 140)
                      ; - kotlin.jvm.internal.Intrinsics::checkNotNullParameter@5 (line 131)
                      ; - kotlin.reflect.jvm.internal.CachesKt::getOrCreateKotlinClass@3
                      ; - kotlin.reflect.jvm.internal.ReflectionFactoryImpl::getOrCreateKotlinClass@1 (line 41)
                      ; - kotlin.jvm.internal.Reflection::getOrCreateKotlinClass@4 (line 60)
                      ; - org.jetbrains.kotlin.analysis.api.fir.components.KaFirResolver::doResolveCall@470 (line 1733)
  0x000002c148098f24: 0048 8904 

  0x000002c148098f28: ;   {runtime_call throw_class_cast_exception Runtime1 stub}
  0x000002c148098f28: 24e8 7202 

  0x000002c148098f2c: ; ImmutableOopMap {rdx=Oop [240]=Oop r8=Oop [248]=Oop }
                      ;*checkcast {reexecute=0 rethrow=0 return_oop=0}
                      ; - kotlin.jvm.internal.Intrinsics::throwParameterIsNullNPE@14 (line 140)
                      ; - kotlin.jvm.internal.Intrinsics::checkNotNullParameter@5 (line 131)
                      ; - org.jetbrains.kotlin.analysis.api.fir.components.KaFirResolver::doResolveCall@4
                      ;   {runtime_call throw_null_pointer_exception Runtime1 stub}
  0x000002c148098f2c: ec00 e86d 

  0x000002c148098f30: ; ImmutableOopMap {rdx=Oop [240]=Oop r8=Oop [248]=Oop rax=Oop }
                      ;*athrow {reexecute=1 rethrow=0 return_oop=0}
                      ; - (reexecute) kotlin.jvm.internal.Intrinsics::throwParameterIsNullNPE@17 (line 140)
                      ; - kotlin.jvm.internal.Intrinsics::checkNotNullParameter@5 (line 131)
                      ; - org.jetbrains.kotlin.analysis.api.fir.components.KaFirResolver::doResolveCall@4
  0x000002c148098f30: deeb 0090 | 9049 8b87 | d803 0000 | 49c7 87d8 | 0300 0000 | 0000 0049 | c787 e003 | 0000 0000 
  0x000002c148098f50: 0000 4881 | c470 0200 

  0x000002c148098f58: ;   {runtime_call unwind_exception Runtime1 stub}
  0x000002c148098f58: 005d e9a1 | f2e2 00f4 
[Stub Code]
  0x000002c148098f60: ;   {no_reloc}
  0x000002c148098f60: 0f1f 4400 

  0x000002c148098f64: ;   {static_stub}
  0x000002c148098f64: 0048 bb00 | 0000 0000 

  0x000002c148098f6c: ;   {runtime_call}
  0x000002c148098f6c: 0000 00e9 | fbff ffff 

  0x000002c148098f74: ;   {static_stub}
  0x000002c148098f74: 9048 bb00 | 0000 0000 

  0x000002c148098f7c: ;   {runtime_call}
  0x000002c148098f7c: 0000 00e9 | fbff ffff 

  0x000002c148098f84: ;   {static_stub}
  0x000002c148098f84: 9048 bb00 | 0000 0000 

  0x000002c148098f8c: ;   {runtime_call}
  0x000002c148098f8c: 0000 00e9 | fbff ffff 

  0x000002c148098f94: ;   {static_stub}
  0x000002c148098f94: 9048 bb00 | 0000 0000 

  0x000002c148098f9c: ;   {runtime_call}
  0x000002c148098f9c: 0000 00e9 | fbff ffff 

  0x000002c148098fa4: ;   {static_stub}
  0x000002c148098fa4: 9048 bb00 | 0000 0000 

  0x000002c148098fac: ;   {runtime_call}
  0x000002c148098fac: 0000 00e9 | fbff ffff 

  0x000002c148098fb4: ;   {static_stub}
  0x000002c148098fb4: 9048 bb00 | 0000 0000 

  0x000002c148098fbc: ;   {runtime_call}
  0x000002c148098fbc: 0000 00e9 | fbff ffff 

  0x000002c148098fc4: ;   {static_stub}
  0x000002c148098fc4: 9048 bb00 | 0000 0000 

  0x000002c148098fcc: ;   {runtime_call}
  0x000002c148098fcc: 0000 00e9 | fbff ffff 

  0x000002c148098fd4: ;   {static_stub}
  0x000002c148098fd4: 9048 bb00 | 0000 0000 

  0x000002c148098fdc: ;   {runtime_call}
  0x000002c148098fdc: 0000 00e9 | fbff ffff 

  0x000002c148098fe4: ;   {static_stub}
  0x000002c148098fe4: 9048 bb00 | 0000 0000 

  0x000002c148098fec: ;   {runtime_call}
  0x000002c148098fec: 0000 00e9 | fbff ffff 

  0x000002c148098ff4: ;   {static_stub}
  0x000002c148098ff4: 9048 bb00 | 0000 0000 

  0x000002c148098ffc: ;   {runtime_call}
  0x000002c148098ffc: 0000 00e9 | fbff ffff 

  0x000002c148099004: ;   {static_stub}
  0x000002c148099004: 9048 bb00 | 0000 0000 

  0x000002c14809900c: ;   {runtime_call}
  0x000002c14809900c: 0000 00e9 | fbff ffff 

  0x000002c148099014: ;   {static_stub}
  0x000002c148099014: 9048 bb00 | 0000 0000 

  0x000002c14809901c: ;   {runtime_call}
  0x000002c14809901c: 0000 00e9 | fbff ffff 

  0x000002c148099024: ;   {static_stub}
  0x000002c148099024: 9048 bb98 | e8cd 19c1 

  0x000002c14809902c: ;   {runtime_call I2C/C2I adapters}
  0x000002c14809902c: 0200 00e9 | 29d6 e100 

  0x000002c148099034: ;   {static_stub}
  0x000002c148099034: 9048 bb00 | 0000 0000 

  0x000002c14809903c: ;   {runtime_call}
  0x000002c14809903c: 0000 00e9 | fbff ffff 

  0x000002c148099044: ;   {static_stub}
  0x000002c148099044: 9048 bb00 | 0000 0000 

  0x000002c14809904c: ;   {runtime_call}
  0x000002c14809904c: 0000 00e9 | fbff ffff 

  0x000002c148099054: ;   {static_stub}
  0x000002c148099054: 9048 bb00 | 0000 0000 

  0x000002c14809905c: ;   {runtime_call}
  0x000002c14809905c: 0000 00e9 | fbff ffff 

  0x000002c148099064: ;   {static_stub}
  0x000002c148099064: 9048 bb00 | 0000 0000 

  0x000002c14809906c: ;   {runtime_call}
  0x000002c14809906c: 0000 00e9 | fbff ffff 

  0x000002c148099074: ;   {static_stub}
  0x000002c148099074: 9048 bb00 | 0000 0000 

  0x000002c14809907c: ;   {runtime_call}
  0x000002c14809907c: 0000 00e9 | fbff ffff 

  0x000002c148099084: ;   {static_stub}
  0x000002c148099084: 9048 bb00 | 0000 0000 

  0x000002c14809908c: ;   {runtime_call}
  0x000002c14809908c: 0000 00e9 | fbff ffff 

  0x000002c148099094: ;   {static_stub}
  0x000002c148099094: 9048 bb00 | 0000 0000 

  0x000002c14809909c: ;   {runtime_call}
  0x000002c14809909c: 0000 00e9 | fbff ffff 

  0x000002c1480990a4: ;   {static_stub}
  0x000002c1480990a4: 9048 bb00 | 0000 0000 

  0x000002c1480990ac: ;   {runtime_call}
  0x000002c1480990ac: 0000 00e9 | fbff ffff 

  0x000002c1480990b4: ;   {static_stub}
  0x000002c1480990b4: 9048 bb00 | 0000 0000 

  0x000002c1480990bc: ;   {runtime_call}
  0x000002c1480990bc: 0000 00e9 | fbff ffff 

  0x000002c1480990c4: ;   {static_stub}
  0x000002c1480990c4: 9048 bb00 | 0000 0000 

  0x000002c1480990cc: ;   {runtime_call}
  0x000002c1480990cc: 0000 00e9 | fbff ffff 

  0x000002c1480990d4: ;   {static_stub}
  0x000002c1480990d4: 9048 bb00 | 0000 0000 

  0x000002c1480990dc: ;   {runtime_call}
  0x000002c1480990dc: 0000 00e9 | fbff ffff 

  0x000002c1480990e4: ;   {static_stub}
  0x000002c1480990e4: 9048 bb00 | 0000 0000 

  0x000002c1480990ec: ;   {runtime_call}
  0x000002c1480990ec: 0000 00e9 | fbff ffff 

  0x000002c1480990f4: ;   {static_stub}
  0x000002c1480990f4: 9048 bb00 | 0000 0000 

  0x000002c1480990fc: ;   {runtime_call}
  0x000002c1480990fc: 0000 00e9 | fbff ffff 

  0x000002c148099104: ;   {static_stub}
  0x000002c148099104: 9048 bb00 | 0000 0000 

  0x000002c14809910c: ;   {runtime_call}
  0x000002c14809910c: 0000 00e9 | fbff ffff 

  0x000002c148099114: ;   {static_stub}
  0x000002c148099114: 9048 bb00 | 0000 0000 

  0x000002c14809911c: ;   {runtime_call}
  0x000002c14809911c: 0000 00e9 | fbff ffff 

  0x000002c148099124: ;   {static_stub}
  0x000002c148099124: 9048 bb00 | 0000 0000 

  0x000002c14809912c: ;   {runtime_call}
  0x000002c14809912c: 0000 00e9 | fbff ffff 

  0x000002c148099134: ;   {static_stub}
  0x000002c148099134: 9048 bb00 | 0000 0000 

  0x000002c14809913c: ;   {runtime_call}
  0x000002c14809913c: 0000 00e9 | fbff ffff 

  0x000002c148099144: ;   {static_stub}
  0x000002c148099144: 9048 bb00 | 0000 0000 

  0x000002c14809914c: ;   {runtime_call}
  0x000002c14809914c: 0000 00e9 | fbff ffff 

  0x000002c148099154: ;   {static_stub}
  0x000002c148099154: 9048 bb00 | 0000 0000 

  0x000002c14809915c: ;   {runtime_call}
  0x000002c14809915c: 0000 00e9 | fbff ffff 

  0x000002c148099164: ;   {static_stub}
  0x000002c148099164: 9048 bb00 | 0000 0000 

  0x000002c14809916c: ;   {runtime_call}
  0x000002c14809916c: 0000 00e9 | fbff ffff 

  0x000002c148099174: ;   {static_stub}
  0x000002c148099174: 9048 bb00 | 0000 0000 

  0x000002c14809917c: ;   {runtime_call}
  0x000002c14809917c: 0000 00e9 | fbff ffff 

  0x000002c148099184: ;   {static_stub}
  0x000002c148099184: 9048 bb00 | 0000 0000 

  0x000002c14809918c: ;   {runtime_call}
  0x000002c14809918c: 0000 00e9 | fbff ffff 

  0x000002c148099194: ;   {static_stub}
  0x000002c148099194: 9048 bb00 | 0000 0000 

  0x000002c14809919c: ;   {runtime_call}
  0x000002c14809919c: 0000 00e9 | fbff ffff 

  0x000002c1480991a4: ;   {static_stub}
  0x000002c1480991a4: 9048 bb00 | 0000 0000 

  0x000002c1480991ac: ;   {runtime_call}
  0x000002c1480991ac: 0000 00e9 | fbff ffff 

  0x000002c1480991b4: ;   {static_stub}
  0x000002c1480991b4: 9048 bb00 | 0000 0000 

  0x000002c1480991bc: ;   {runtime_call}
  0x000002c1480991bc: 0000 00e9 | fbff ffff 

  0x000002c1480991c4: ;   {static_stub}
  0x000002c1480991c4: 9048 bb00 | 0000 0000 

  0x000002c1480991cc: ;   {runtime_call}
  0x000002c1480991cc: 0000 00e9 | fbff ffff 

  0x000002c1480991d4: ;   {static_stub}
  0x000002c1480991d4: 9048 bb00 | 0000 0000 

  0x000002c1480991dc: ;   {runtime_call}
  0x000002c1480991dc: 0000 00e9 | fbff ffff 

  0x000002c1480991e4: ;   {static_stub}
  0x000002c1480991e4: 9048 bb00 | 0000 0000 

  0x000002c1480991ec: ;   {runtime_call}
  0x000002c1480991ec: 0000 00e9 | fbff ffff 

  0x000002c1480991f4: ;   {static_stub}
  0x000002c1480991f4: 9048 bb00 | 0000 0000 

  0x000002c1480991fc: ;   {runtime_call}
  0x000002c1480991fc: 0000 00e9 | fbff ffff 

  0x000002c148099204: ;   {static_stub}
  0x000002c148099204: 9048 bb00 | 0000 0000 

  0x000002c14809920c: ;   {runtime_call}
  0x000002c14809920c: 0000 00e9 | fbff ffff 

  0x000002c148099214: ;   {static_stub}
  0x000002c148099214: 9048 bb00 | 0000 0000 

  0x000002c14809921c: ;   {runtime_call}
  0x000002c14809921c: 0000 00e9 | fbff ffff 

  0x000002c148099224: ;   {static_stub}
  0x000002c148099224: 9048 bb00 | 0000 0000 

  0x000002c14809922c: ;   {runtime_call}
  0x000002c14809922c: 0000 00e9 | fbff ffff 

  0x000002c148099234: ;   {static_stub}
  0x000002c148099234: 9048 bb00 | 0000 0000 

  0x000002c14809923c: ;   {runtime_call}
  0x000002c14809923c: 0000 00e9 | fbff ffff 

  0x000002c148099244: ;   {static_stub}
  0x000002c148099244: 9048 bb00 | 0000 0000 

  0x000002c14809924c: ;   {runtime_call}
  0x000002c14809924c: 0000 00e9 | fbff ffff 

  0x000002c148099254: ;   {static_stub}
  0x000002c148099254: 9048 bb00 | 0000 0000 

  0x000002c14809925c: ;   {runtime_call}
  0x000002c14809925c: 0000 00e9 | fbff ffff 

  0x000002c148099264: ;   {static_stub}
  0x000002c148099264: 9048 bb00 | 0000 0000 

  0x000002c14809926c: ;   {runtime_call}
  0x000002c14809926c: 0000 00e9 | fbff ffff 

  0x000002c148099274: ;   {static_stub}
  0x000002c148099274: 9048 bb00 | 0000 0000 

  0x000002c14809927c: ;   {runtime_call}
  0x000002c14809927c: 0000 00e9 | fbff ffff 

  0x000002c148099284: ;   {static_stub}
  0x000002c148099284: 9048 bb00 | 0000 0000 

  0x000002c14809928c: ;   {runtime_call}
  0x000002c14809928c: 0000 00e9 | fbff ffff 

  0x000002c148099294: ;   {static_stub}
  0x000002c148099294: 9048 bb00 | 0000 0000 

  0x000002c14809929c: ;   {runtime_call}
  0x000002c14809929c: 0000 00e9 | fbff ffff 

  0x000002c1480992a4: ;   {static_stub}
  0x000002c1480992a4: 9048 bb00 | 0000 0000 

  0x000002c1480992ac: ;   {runtime_call}
  0x000002c1480992ac: 0000 00e9 | fbff ffff 

  0x000002c1480992b4: ;   {static_stub}
  0x000002c1480992b4: 9048 bb00 | 0000 0000 

  0x000002c1480992bc: ;   {runtime_call}
  0x000002c1480992bc: 0000 00e9 | fbff ffff 

  0x000002c1480992c4: ;   {static_stub}
  0x000002c1480992c4: 9048 bb00 | 0000 0000 

  0x000002c1480992cc: ;   {runtime_call}
  0x000002c1480992cc: 0000 00e9 | fbff ffff 

  0x000002c1480992d4: ;   {static_stub}
  0x000002c1480992d4: 9048 bb00 | 0000 0000 

  0x000002c1480992dc: ;   {runtime_call}
  0x000002c1480992dc: 0000 00e9 | fbff ffff 

  0x000002c1480992e4: ;   {static_stub}
  0x000002c1480992e4: 9048 bb00 | 0000 0000 

  0x000002c1480992ec: ;   {runtime_call}
  0x000002c1480992ec: 0000 00e9 | fbff ffff 

  0x000002c1480992f4: ;   {static_stub}
  0x000002c1480992f4: 9048 bb00 | 0000 0000 

  0x000002c1480992fc: ;   {runtime_call}
  0x000002c1480992fc: 0000 00e9 | fbff ffff 

  0x000002c148099304: ;   {static_stub}
  0x000002c148099304: 9048 bb00 | 0000 0000 

  0x000002c14809930c: ;   {runtime_call}
  0x000002c14809930c: 0000 00e9 | fbff ffff 

  0x000002c148099314: ;   {static_stub}
  0x000002c148099314: 9048 bb00 | 0000 0000 

  0x000002c14809931c: ;   {runtime_call}
  0x000002c14809931c: 0000 00e9 | fbff ffff 

  0x000002c148099324: ;   {static_stub}
  0x000002c148099324: 9048 bb00 | 0000 0000 

  0x000002c14809932c: ;   {runtime_call}
  0x000002c14809932c: 0000 00e9 | fbff ffff 

  0x000002c148099334: ;   {static_stub}
  0x000002c148099334: 9048 bb00 | 0000 0000 

  0x000002c14809933c: ;   {runtime_call}
  0x000002c14809933c: 0000 00e9 | fbff ffff 

  0x000002c148099344: ;   {static_stub}
  0x000002c148099344: 9048 bb00 | 0000 0000 

  0x000002c14809934c: ;   {runtime_call}
  0x000002c14809934c: 0000 00e9 | fbff ffff 

  0x000002c148099354: ;   {static_stub}
  0x000002c148099354: 9048 bb00 | 0000 0000 

  0x000002c14809935c: ;   {runtime_call}
  0x000002c14809935c: 0000 00e9 | fbff ffff 

  0x000002c148099364: ;   {static_stub}
  0x000002c148099364: 9048 bb00 | 0000 0000 

  0x000002c14809936c: ;   {runtime_call}
  0x000002c14809936c: 0000 00e9 | fbff ffff 

  0x000002c148099374: ;   {static_stub}
  0x000002c148099374: 9048 bb00 | 0000 0000 

  0x000002c14809937c: ;   {runtime_call}
  0x000002c14809937c: 0000 00e9 | fbff ffff 

  0x000002c148099384: ;   {static_stub}
  0x000002c148099384: 9048 bb00 | 0000 0000 

  0x000002c14809938c: ;   {runtime_call}
  0x000002c14809938c: 0000 00e9 | fbff ffff 

  0x000002c148099394: ;   {static_stub}
  0x000002c148099394: 9048 bb00 | 0000 0000 

  0x000002c14809939c: ;   {runtime_call}
  0x000002c14809939c: 0000 00e9 | fbff ffff 

  0x000002c1480993a4: ;   {static_stub}
  0x000002c1480993a4: 9048 bb00 | 0000 0000 

  0x000002c1480993ac: ;   {runtime_call}
  0x000002c1480993ac: 0000 00e9 | fbff ffff 

  0x000002c1480993b4: ;   {static_stub}
  0x000002c1480993b4: 9048 bb00 | 0000 0000 

  0x000002c1480993bc: ;   {runtime_call}
  0x000002c1480993bc: 0000 00e9 | fbff ffff 

  0x000002c1480993c4: ;   {static_stub}
  0x000002c1480993c4: 9048 bb00 | 0000 0000 

  0x000002c1480993cc: ;   {runtime_call}
  0x000002c1480993cc: 0000 00e9 | fbff ffff 

  0x000002c1480993d4: ;   {static_stub}
  0x000002c1480993d4: 9048 bb00 | 0000 0000 

  0x000002c1480993dc: ;   {runtime_call}
  0x000002c1480993dc: 0000 00e9 | fbff ffff 

  0x000002c1480993e4: ;   {static_stub}
  0x000002c1480993e4: 9048 bb00 | 0000 0000 

  0x000002c1480993ec: ;   {runtime_call}
  0x000002c1480993ec: 0000 00e9 | fbff ffff 

  0x000002c1480993f4: ;   {static_stub}
  0x000002c1480993f4: 9048 bb00 | 0000 0000 

  0x000002c1480993fc: ;   {runtime_call}
  0x000002c1480993fc: 0000 00e9 | fbff ffff 

  0x000002c148099404: ;   {static_stub}
  0x000002c148099404: 9048 bb00 | 0000 0000 

  0x000002c14809940c: ;   {runtime_call}
  0x000002c14809940c: 0000 00e9 | fbff ffff 

  0x000002c148099414: ;   {static_stub}
  0x000002c148099414: 9048 bb00 | 0000 0000 

  0x000002c14809941c: ;   {runtime_call}
  0x000002c14809941c: 0000 00e9 | fbff ffff 

  0x000002c148099424: ;   {static_stub}
  0x000002c148099424: 9048 bb00 | 0000 0000 

  0x000002c14809942c: ;   {runtime_call}
  0x000002c14809942c: 0000 00e9 | fbff ffff 

  0x000002c148099434: ;   {static_stub}
  0x000002c148099434: 9048 bb00 | 0000 0000 

  0x000002c14809943c: ;   {runtime_call}
  0x000002c14809943c: 0000 00e9 | fbff ffff 

  0x000002c148099444: ;   {static_stub}
  0x000002c148099444: 9048 bb00 | 0000 0000 

  0x000002c14809944c: ;   {runtime_call}
  0x000002c14809944c: 0000 00e9 | fbff ffff 

  0x000002c148099454: ;   {static_stub}
  0x000002c148099454: 9048 bb00 | 0000 0000 

  0x000002c14809945c: ;   {runtime_call}
  0x000002c14809945c: 0000 00e9 | fbff ffff 

  0x000002c148099464: ;   {static_stub}
  0x000002c148099464: 9048 bb00 | 0000 0000 

  0x000002c14809946c: ;   {runtime_call}
  0x000002c14809946c: 0000 00e9 | fbff ffff 

  0x000002c148099474: ;   {static_stub}
  0x000002c148099474: 9048 bb00 | 0000 0000 

  0x000002c14809947c: ;   {runtime_call}
  0x000002c14809947c: 0000 00e9 | fbff ffff 

  0x000002c148099484: ;   {static_stub}
  0x000002c148099484: 9048 bb00 | 0000 0000 

  0x000002c14809948c: ;   {runtime_call}
  0x000002c14809948c: 0000 00e9 | fbff ffff 

  0x000002c148099494: ;   {static_stub}
  0x000002c148099494: 9048 bb00 | 0000 0000 

  0x000002c14809949c: ;   {runtime_call}
  0x000002c14809949c: 0000 00e9 | fbff ffff 

  0x000002c1480994a4: ;   {static_stub}
  0x000002c1480994a4: 9048 bb00 | 0000 0000 

  0x000002c1480994ac: ;   {runtime_call}
  0x000002c1480994ac: 0000 00e9 | fbff ffff 

  0x000002c1480994b4: ;   {static_stub}
  0x000002c1480994b4: 9048 bb00 | 0000 0000 

  0x000002c1480994bc: ;   {runtime_call}
  0x000002c1480994bc: 0000 00e9 | fbff ffff 

  0x000002c1480994c4: ;   {static_stub}
  0x000002c1480994c4: 9048 bb00 | 0000 0000 

  0x000002c1480994cc: ;   {runtime_call}
  0x000002c1480994cc: 0000 00e9 | fbff ffff 

  0x000002c1480994d4: ;   {static_stub}
  0x000002c1480994d4: 9048 bb00 | 0000 0000 

  0x000002c1480994dc: ;   {runtime_call}
  0x000002c1480994dc: 0000 00e9 | fbff ffff 

  0x000002c1480994e4: ;   {static_stub}
  0x000002c1480994e4: 9048 bb00 | 0000 0000 

  0x000002c1480994ec: ;   {runtime_call}
  0x000002c1480994ec: 0000 00e9 | fbff ffff 

  0x000002c1480994f4: ;   {static_stub}
  0x000002c1480994f4: 9048 bb00 | 0000 0000 

  0x000002c1480994fc: ;   {runtime_call}
  0x000002c1480994fc: 0000 00e9 | fbff ffff 

  0x000002c148099504: ;   {static_stub}
  0x000002c148099504: 9048 bb00 | 0000 0000 

  0x000002c14809950c: ;   {runtime_call}
  0x000002c14809950c: 0000 00e9 | fbff ffff 

  0x000002c148099514: ;   {static_stub}
  0x000002c148099514: 9048 bb00 | 0000 0000 

  0x000002c14809951c: ;   {runtime_call}
  0x000002c14809951c: 0000 00e9 | fbff ffff 

  0x000002c148099524: ;   {static_stub}
  0x000002c148099524: 9048 bb00 | 0000 0000 

  0x000002c14809952c: ;   {runtime_call}
  0x000002c14809952c: 0000 00e9 | fbff ffff 

  0x000002c148099534: ;   {static_stub}
  0x000002c148099534: 9048 bb00 | 0000 0000 

  0x000002c14809953c: ;   {runtime_call}
  0x000002c14809953c: 0000 00e9 | fbff ffff 

  0x000002c148099544: ;   {static_stub}
  0x000002c148099544: 9048 bb00 | 0000 0000 

  0x000002c14809954c: ;   {runtime_call}
  0x000002c14809954c: 0000 00e9 | fbff ffff 

  0x000002c148099554: ;   {static_stub}
  0x000002c148099554: 9048 bb00 | 0000 0000 

  0x000002c14809955c: ;   {runtime_call}
  0x000002c14809955c: 0000 00e9 | fbff ffff 

  0x000002c148099564: ;   {static_stub}
  0x000002c148099564: 9048 bb00 | 0000 0000 

  0x000002c14809956c: ;   {runtime_call}
  0x000002c14809956c: 0000 00e9 | fbff ffff 

  0x000002c148099574: ;   {static_stub}
  0x000002c148099574: 9048 bb00 | 0000 0000 

  0x000002c14809957c: ;   {runtime_call}
  0x000002c14809957c: 0000 00e9 | fbff ffff 

  0x000002c148099584: ;   {static_stub}
  0x000002c148099584: 9048 bb00 | 0000 0000 

  0x000002c14809958c: ;   {runtime_call}
  0x000002c14809958c: 0000 00e9 | fbff ffff 

  0x000002c148099594: ;   {static_stub}
  0x000002c148099594: 9048 bb00 | 0000 0000 

  0x000002c14809959c: ;   {runtime_call}
  0x000002c14809959c: 0000 00e9 | fbff ffff 

  0x000002c1480995a4: ;   {static_stub}
  0x000002c1480995a4: 9048 bb00 | 0000 0000 

  0x000002c1480995ac: ;   {runtime_call}
  0x000002c1480995ac: 0000 00e9 | fbff ffff 
[Exception Handler]
  0x000002c1480995b4: ;   {runtime_call handle_exception_from_callee Runtime1 stub}
  0x000002c1480995b4: e8c7 f5eb 

  0x000002c1480995b8: ;   {external_word}
  0x000002c1480995b8: 0048 b9a0 | e9ae 36fe | 7f00 0048 

  0x000002c1480995c4: ;   {runtime_call}
  0x000002c1480995c4: 83e4 f049 | ba10 7977 | 36fe 7f00 | 0041 ffd2 

  0x000002c1480995d4: ;   {section_word}
  0x000002c1480995d4: f449 bad5 | 9509 48c1 | 0200 0041 

  0x000002c1480995e0: ;   {runtime_call DeoptimizationBlob}
  0x000002c1480995e0: 52e9 bad6 | e100 f4f4 
[/MachCode]


---------------  P R O C E S S  ---------------

Threads class SMR info:
_java_thread_list=0x000002c111d2ad00, length=199, elements={
0x000002c1388cd490, 0x000002c1584ba3f0, 0x000002c1584badc0, 0x000002c1584d71b0,
0x000002c1584d7a80, 0x000002c1584d9360, 0x000002c158b80830, 0x000002c158b81430,
0x000002c1584da3d0, 0x000002c1584e8f30, 0x000002c158c89420, 0x000002c158c89930,
0x000002c158c8bca0, 0x000002c158c8b280, 0x000002c158c8a860, 0x000002c179f6be20,
0x000002c179f6d770, 0x000002c179f6a4d0, 0x000002c179f6aef0, 0x000002c179f6c330,
0x000002c179f6dc80, 0x000002c179f6f0c0, 0x000002c17cf8fab0, 0x000002c17850f240,
0x000002c17850d3e0, 0x000002c178514d60, 0x000002c178514850, 0x000002c178513920,
0x000002c104f44da0, 0x000002c104f47110, 0x000002c106a271d0, 0x000002c104f47b30,
0x000002c104f466f0, 0x000002c17f6e1970, 0x000002c10524dc00, 0x000002c10524d6f0,
0x000002c10524c2b0, 0x000002c10524ccd0, 0x000002c17e008dd0, 0x000002c17db7bd00,
0x000002c17db7c720, 0x000002c17db7a3b0, 0x000002c17db7cc30, 0x000002c17f6e1e80,
0x000002c17f6e2db0, 0x000002c17f6e2390, 0x000002c106b71360, 0x000002c10524d1e0,
0x000002c17d3b8730, 0x000002c17d3baaa0, 0x000002c17d3b8c40, 0x000002c17d3ba080,
0x000002c17d3b7800, 0x000002c17d3ba590, 0x000002c17db7d140, 0x000002c17db7d650,
0x000002c17db7b2e0, 0x000002c17db7b7f0, 0x000002c17d664c00, 0x000002c17d6632b0,
0x000002c17d665620, 0x000002c17d6641e0, 0x000002c17d6646f0, 0x000002c17e0097f0,
0x000002c106ccc7f0, 0x000002c106ccaea0, 0x000002c106cca990, 0x000002c106ccbdd0,
0x000002c106ccb8c0, 0x000002c106ccc2e0, 0x000002c17e00a720, 0x000002c106cc9a60,
0x000002c106cc9f70, 0x000002c106ccd210, 0x000002c104f44380, 0x000002c104f461e0,
0x000002c104f48040, 0x000002c104f48550, 0x000002c17e009d00, 0x000002c17d3b7d10,
0x000002c17d3b8220, 0x000002c17d3b9660, 0x000002c17d3bafb0, 0x000002c1792adee0,
0x000002c1792af320, 0x000002c17e43c4a0, 0x000002c17d665b30, 0x000002c17d666040,
0x000002c17d662890, 0x000002c17d662da0, 0x000002c17d6637c0, 0x000002c17d663cd0,
0x000002c106b4f120, 0x000002c106b4e1f0, 0x000002c106b4e700, 0x000002c106b4fb40,
0x000002c106b50a70, 0x000002c106b50560, 0x000002c106b50050, 0x000002c106b4f630,
0x000002c106b6ff20, 0x000002c106b71d80, 0x000002c106b70940, 0x000002c106b72290,
0x000002c106b70430, 0x000002c106b727a0, 0x000002c106b6f500, 0x000002c1792ae3f0,
0x000002c1792afd40, 0x000002c1792b0250, 0x000002c1792ae900, 0x000002c1792aee10,
0x000002c1792acaa0, 0x000002c1792acfb0, 0x000002c1792ad4c0, 0x000002c17ec54960,
0x000002c17ec54e70, 0x000002c17fb041d0, 0x000002c17fb046e0, 0x000002c17fb04bf0,
0x000002c17fb05100, 0x000002c17fb03cc0, 0x000002c17e43ddf0, 0x000002c17e43cec0,
0x000002c17e43b570, 0x000002c17e43ba80, 0x000002c17e43bf90, 0x000002c17e43e300,
0x000002c17e43b060, 0x000002c17e43e810, 0x000002c17e43d3d0, 0x000002c17e43d8e0,
0x000002c17b9be6e0, 0x000002c17b9bc370, 0x000002c17b9bd2a0, 0x000002c106a29540,
0x000002c106a28100, 0x000002c106a28b20, 0x000002c17effa8e0, 0x000002c106cca480,
0x000002c17e029c20, 0x000002c17e029710, 0x000002c17fb05610, 0x000002c17c721f50,
0x000002c106cccd00, 0x000002c17b2dcfc0, 0x000002c17b2dbb80, 0x000002c17b2de910,
0x000002c17b2dd4d0, 0x000002c17b2db160, 0x000002c17b2db670, 0x000002c17b2dd9e0,
0x000002c17d910df0, 0x000002c106a29030, 0x000002c17b3458b0, 0x000002c107e57aa0,
0x000002c107e56150, 0x000002c106a276e0, 0x000002c106a27bf0, 0x000002c17e02b060,
0x000002c17e027dc0, 0x000002c17b346cf0, 0x000002c106a29a50, 0x000002c104f49480,
0x000002c104f49990, 0x000002c107e589d0, 0x000002c107e593f0, 0x000002c17c7238a0,
0x000002c107e58ee0, 0x000002c17c723390, 0x000002c107c53630, 0x000002c106a29f60,
0x000002c106a267b0, 0x000002c17c721020, 0x000002c107c54050, 0x000002c17b9be1d0,
0x000002c104f48a60, 0x000002c104f48f70, 0x000002c17c7242c0, 0x000002c10ed440a0,
0x000002c104f4a3b0, 0x000002c17d90ef90, 0x000002c104f46c00, 0x000002c17b9bb950,
0x000002c17b9bbe60, 0x000002c17b344e90, 0x000002c107c53120, 0x000002c10f0a7230,
0x000002c17e00a210, 0x000002c107c568d0, 0x000002c17b345dc0, 0x000002c104f4bd00,
0x000002c104f4b2e0, 0x000002c17b344980, 0x000002c104f4b7f0, 0x000002c1074f9980,
0x000002c1065f2b70, 0x000002c1065f2660, 0x000002c106d2c7c0
}

Java Threads: ( => current thread )
  0x000002c1388cd490 JavaThread "main" [_thread_blocked, id=20128, stack(0x000000e161900000,0x000000e161a00000)]
  0x000002c1584ba3f0 JavaThread "Reference Handler" daemon [_thread_blocked, id=4780, stack(0x000000e162000000,0x000000e162100000)]
  0x000002c1584badc0 JavaThread "Finalizer" daemon [_thread_blocked, id=10964, stack(0x000000e162100000,0x000000e162200000)]
  0x000002c1584d71b0 JavaThread "Signal Dispatcher" daemon [_thread_blocked, id=15784, stack(0x000000e162200000,0x000000e162300000)]
  0x000002c1584d7a80 JavaThread "Attach Listener" daemon [_thread_blocked, id=10816, stack(0x000000e162300000,0x000000e162400000)]
  0x000002c1584d9360 JavaThread "Service Thread" daemon [_thread_blocked, id=17012, stack(0x000000e162400000,0x000000e162500000)]
  0x000002c158b80830 JavaThread "Monitor Deflation Thread" daemon [_thread_blocked, id=16080, stack(0x000000e162500000,0x000000e162600000)]
  0x000002c158b81430 JavaThread "C2 CompilerThread0" daemon [_thread_blocked, id=24564, stack(0x000000e162600000,0x000000e162700000)]
  0x000002c1584da3d0 JavaThread "C1 CompilerThread0" daemon [_thread_blocked, id=7912, stack(0x000000e162700000,0x000000e162800000)]
  0x000002c1584e8f30 JavaThread "Sweeper thread" daemon [_thread_blocked, id=21092, stack(0x000000e162800000,0x000000e162900000)]
  0x000002c158c89420 JavaThread "Common-Cleaner" daemon [_thread_blocked, id=18724, stack(0x000000e162900000,0x000000e162a00000)]
  0x000002c158c89930 JavaThread "Notification Thread" daemon [_thread_blocked, id=22996, stack(0x000000e162b00000,0x000000e162c00000)]
  0x000002c158c8bca0 JavaThread "Daemon health stats" [_thread_blocked, id=6600, stack(0x000000e162d00000,0x000000e162e00000)]
  0x000002c158c8b280 JavaThread "Incoming local TCP Connector on port 49777" [_thread_in_native, id=6084, stack(0x000000e162a00000,0x000000e162b00000)]
  0x000002c158c8a860 JavaThread "Daemon periodic checks" [_thread_blocked, id=21008, stack(0x000000e163300000,0x000000e163400000)]
  0x000002c179f6be20 JavaThread "Cache worker for journal cache (C:\Users\dell\.gradle\caches\journal-1)" [_thread_blocked, id=21924, stack(0x000000e163b00000,0x000000e163c00000)]
  0x000002c179f6d770 JavaThread "File lock request listener" [_thread_in_native, id=22736, stack(0x000000e163c00000,0x000000e163d00000)]
  0x000002c179f6a4d0 JavaThread "Cache worker for file hash cache (C:\Users\dell\.gradle\caches\9.0.0\fileHashes)" [_thread_blocked, id=2196, stack(0x000000e163d00000,0x000000e163e00000)]
  0x000002c179f6aef0 JavaThread "File watcher server" daemon [_thread_in_native, id=12016, stack(0x000000e164600000,0x000000e164700000)]
  0x000002c179f6c330 JavaThread "File watcher consumer" daemon [_thread_blocked, id=10936, stack(0x000000e164700000,0x000000e164800000)]
  0x000002c179f6dc80 JavaThread "Cache worker for file content cache (C:\Users\dell\.gradle\caches\9.0.0\fileContent)" [_thread_blocked, id=6912, stack(0x000000e164900000,0x000000e164a00000)]
  0x000002c179f6f0c0 JavaThread "jar transforms" [_thread_blocked, id=2212, stack(0x000000e164c00000,0x000000e164d00000)]
  0x000002c17cf8fab0 JavaThread "Memory manager" [_thread_blocked, id=19984, stack(0x000000e163e00000,0x000000e163f00000)]
  0x000002c17850f240 JavaThread "jar transforms Thread 2" [_thread_blocked, id=8708, stack(0x000000e16ac00000,0x000000e16ad00000)]
  0x000002c17850d3e0 JavaThread "jar transforms Thread 3" [_thread_blocked, id=13136, stack(0x000000e16ad00000,0x000000e16ae00000)]
  0x000002c178514d60 JavaThread "jar transforms Thread 4" [_thread_blocked, id=22324, stack(0x000000e16b200000,0x000000e16b300000)]
  0x000002c178514850 JavaThread "jar transforms Thread 5" [_thread_blocked, id=21764, stack(0x000000e16b300000,0x000000e16b400000)]
  0x000002c178513920 JavaThread "jar transforms Thread 6" [_thread_blocked, id=17432, stack(0x000000e16b400000,0x000000e16b500000)]
  0x000002c104f44da0 JavaThread "jar transforms Thread 7" [_thread_blocked, id=8212, stack(0x000000e16b700000,0x000000e16b800000)]
  0x000002c104f47110 JavaThread "jar transforms Thread 8" [_thread_blocked, id=3560, stack(0x000000e16b800000,0x000000e16b900000)]
  0x000002c106a271d0 JavaThread "Daemon Thread 7" [_thread_blocked, id=6188, stack(0x000000e161600000,0x000000e161700000)]
  0x000002c104f47b30 JavaThread "Handler for socket connection from /127.0.0.1:49777 to /127.0.0.1:55772" [_thread_in_native, id=9352, stack(0x000000e161700000,0x000000e161800000)]
  0x000002c104f466f0 JavaThread "Cancel handler" [_thread_blocked, id=15576, stack(0x000000e161800000,0x000000e161900000)]
  0x000002c17f6e1970 JavaThread "Daemon worker Thread 7" [_thread_blocked, id=10148, stack(0x000000e163400000,0x000000e163500000)]
  0x000002c10524dc00 JavaThread "Asynchronous log dispatcher for DefaultDaemonConnection: socket connection from /127.0.0.1:49777 to /127.0.0.1:55772" [_thread_blocked, id=21180, stack(0x000000e163500000,0x000000e163600000)]
  0x000002c10524d6f0 JavaThread "Stdin handler" [_thread_blocked, id=19164, stack(0x000000e163600000,0x000000e163700000)]
  0x000002c10524c2b0 JavaThread "Daemon client event forwarder" [_thread_blocked, id=1816, stack(0x000000e163700000,0x000000e163800000)]
  0x000002c10524ccd0 JavaThread "Cache worker for file hash cache (C:\Users\dell\Desktop\SWIPS\samwega-pos-bare\android\.gradle\9.0.0\fileHashes)" [_thread_blocked, id=2800, stack(0x000000e163800000,0x000000e163900000)]
  0x000002c17e008dd0 JavaThread "Cache worker for Build Output Cleanup Cache (C:\Users\dell\Desktop\SWIPS\samwega-pos-bare\android\.gradle\buildOutputCleanup)" [_thread_blocked, id=1980, stack(0x000000e163900000,0x000000e163a00000)]
  0x000002c17db7bd00 JavaThread "Cache worker for checksums cache (C:\Users\dell\Desktop\SWIPS\samwega-pos-bare\android\.gradle\9.0.0\checksums)" [_thread_blocked, id=2768, stack(0x000000e163a00000,0x000000e163b00000)]
  0x000002c17db7c720 JavaThread "Cache worker for cache directory md-supplier (C:\Users\dell\.gradle\caches\9.0.0\md-supplier)" [_thread_blocked, id=11004, stack(0x000000e164200000,0x000000e164300000)]
  0x000002c17db7a3b0 JavaThread "Cache worker for cache directory md-rule (C:\Users\dell\.gradle\caches\9.0.0\md-rule)" [_thread_blocked, id=17876, stack(0x000000e164400000,0x000000e164500000)]
  0x000002c17db7cc30 JavaThread "Cache worker for Build Output Cleanup Cache (C:\Users\dell\Desktop\SWIPS\samwega-pos-bare\node_modules\@react-native\gradle-plugin\.gradle\buildOutputCleanup)" [_thread_blocked, id=14308, stack(0x000000e164500000,0x000000e164600000)]
  0x000002c17f6e1e80 JavaThread "Unconstrained build operations" [_thread_blocked, id=10780, stack(0x000000e164800000,0x000000e164900000)]
  0x000002c17f6e2db0 JavaThread "Unconstrained build operations Thread 2" [_thread_blocked, id=15056, stack(0x000000e164a00000,0x000000e164b00000)]
  0x000002c17f6e2390 JavaThread "Unconstrained build operations Thread 3" [_thread_blocked, id=15860, stack(0x000000e164d00000,0x000000e164e00000)]
  0x000002c106b71360 JavaThread "Unconstrained build operations Thread 4" [_thread_blocked, id=23244, stack(0x000000e164e00000,0x000000e164f00000)]
  0x000002c10524d1e0 JavaThread "Unconstrained build operations Thread 5" [_thread_blocked, id=23772, stack(0x000000e164f00000,0x000000e165000000)]
  0x000002c17d3b8730 JavaThread "Unconstrained build operations Thread 6" [_thread_blocked, id=19920, stack(0x000000e165000000,0x000000e165100000)]
  0x000002c17d3baaa0 JavaThread "Unconstrained build operations Thread 7" [_thread_blocked, id=24364, stack(0x000000e165100000,0x000000e165200000)]
  0x000002c17d3b8c40 JavaThread "Unconstrained build operations Thread 8" [_thread_blocked, id=19996, stack(0x000000e165200000,0x000000e165300000)]
  0x000002c17d3ba080 JavaThread "Unconstrained build operations Thread 9" [_thread_blocked, id=4796, stack(0x000000e165300000,0x000000e165400000)]
  0x000002c17d3b7800 JavaThread "Unconstrained build operations Thread 10" [_thread_blocked, id=12868, stack(0x000000e165400000,0x000000e165500000)]
  0x000002c17d3ba590 JavaThread "Unconstrained build operations Thread 11" [_thread_blocked, id=14484, stack(0x000000e165500000,0x000000e165600000)]
  0x000002c17db7d140 JavaThread "Unconstrained build operations Thread 12" [_thread_blocked, id=14820, stack(0x000000e165600000,0x000000e165700000)]
  0x000002c17db7d650 JavaThread "Unconstrained build operations Thread 13" [_thread_blocked, id=14956, stack(0x000000e165700000,0x000000e165800000)]
  0x000002c17db7b2e0 JavaThread "Unconstrained build operations Thread 14" [_thread_blocked, id=20928, stack(0x000000e165800000,0x000000e165900000)]
  0x000002c17db7b7f0 JavaThread "Unconstrained build operations Thread 15" [_thread_blocked, id=22256, stack(0x000000e165900000,0x000000e165a00000)]
  0x000002c17d664c00 JavaThread "Unconstrained build operations Thread 16" [_thread_blocked, id=17948, stack(0x000000e165a00000,0x000000e165b00000)]
  0x000002c17d6632b0 JavaThread "Unconstrained build operations Thread 17" [_thread_blocked, id=23824, stack(0x000000e165b00000,0x000000e165c00000)]
  0x000002c17d665620 JavaThread "Unconstrained build operations Thread 18" [_thread_blocked, id=19316, stack(0x000000e165c00000,0x000000e165d00000)]
  0x000002c17d6641e0 JavaThread "build event listener" [_thread_blocked, id=7452, stack(0x000000e165f00000,0x000000e166000000)]
  0x000002c17d6646f0 JavaThread "included builds" [_thread_blocked, id=7872, stack(0x000000e166500000,0x000000e166600000)]
  0x000002c17e0097f0 JavaThread "Execution worker" [_thread_blocked, id=1096, stack(0x000000e166600000,0x000000e166700000)]
  0x000002c106ccc7f0 JavaThread "Execution worker Thread 2" [_thread_blocked, id=2616, stack(0x000000e166700000,0x000000e166800000)]
  0x000002c106ccaea0 JavaThread "Execution worker Thread 3" [_thread_blocked, id=23716, stack(0x000000e166800000,0x000000e166900000)]
  0x000002c106cca990 JavaThread "Execution worker Thread 4" [_thread_blocked, id=14220, stack(0x000000e166900000,0x000000e166a00000)]
  0x000002c106ccbdd0 JavaThread "Execution worker Thread 5" [_thread_blocked, id=23564, stack(0x000000e166a00000,0x000000e166b00000)]
  0x000002c106ccb8c0 JavaThread "Execution worker Thread 6" [_thread_blocked, id=19644, stack(0x000000e166b00000,0x000000e166c00000)]
  0x000002c106ccc2e0 JavaThread "Execution worker Thread 7" [_thread_blocked, id=15124, stack(0x000000e166c00000,0x000000e166d00000)]
  0x000002c17e00a720 JavaThread "Cache worker for execution history cache (C:\Users\dell\Desktop\SWIPS\samwega-pos-bare\node_modules\@react-native\gradle-plugin\.gradle\9.0.0\executionHistory)" [_thread_blocked, id=23812, stack(0x000000e166d00000,0x000000e166e00000)]
  0x000002c106cc9a60 JavaThread "Unconstrained build operations Thread 19" [_thread_blocked, id=18536, stack(0x000000e166e00000,0x000000e166f00000)]
  0x000002c106cc9f70 JavaThread "Unconstrained build operations Thread 20" [_thread_blocked, id=18644, stack(0x000000e166f00000,0x000000e167000000)]
  0x000002c106ccd210 JavaThread "Unconstrained build operations Thread 21" [_thread_blocked, id=16400, stack(0x000000e167000000,0x000000e167100000)]
  0x000002c104f44380 JavaThread "Unconstrained build operations Thread 22" [_thread_blocked, id=15464, stack(0x000000e167100000,0x000000e167200000)]
  0x000002c104f461e0 JavaThread "Unconstrained build operations Thread 23" [_thread_blocked, id=5748, stack(0x000000e167200000,0x000000e167300000)]
  0x000002c104f48040 JavaThread "Unconstrained build operations Thread 24" [_thread_blocked, id=13248, stack(0x000000e167300000,0x000000e167400000)]
  0x000002c104f48550 JavaThread "Unconstrained build operations Thread 25" [_thread_blocked, id=22708, stack(0x000000e167400000,0x000000e167500000)]
  0x000002c17e009d00 JavaThread "Unconstrained build operations Thread 26" [_thread_blocked, id=10224, stack(0x000000e167500000,0x000000e167600000)]
  0x000002c17d3b7d10 JavaThread "Unconstrained build operations Thread 27" [_thread_blocked, id=5216, stack(0x000000e167600000,0x000000e167700000)]
  0x000002c17d3b8220 JavaThread "Unconstrained build operations Thread 28" [_thread_blocked, id=4604, stack(0x000000e167700000,0x000000e167800000)]
  0x000002c17d3b9660 JavaThread "Unconstrained build operations Thread 29" [_thread_blocked, id=13608, stack(0x000000e167800000,0x000000e167900000)]
  0x000002c17d3bafb0 JavaThread "Unconstrained build operations Thread 30" [_thread_blocked, id=22176, stack(0x000000e167900000,0x000000e167a00000)]
  0x000002c1792adee0 JavaThread "Unconstrained build operations Thread 31" [_thread_blocked, id=3124, stack(0x000000e167a00000,0x000000e167b00000)]
  0x000002c1792af320 JavaThread "Unconstrained build operations Thread 32" [_thread_blocked, id=11120, stack(0x000000e167b00000,0x000000e167c00000)]
  0x000002c17e43c4a0 JavaThread "Unconstrained build operations Thread 33" [_thread_blocked, id=19148, stack(0x000000e167c00000,0x000000e167d00000)]
  0x000002c17d665b30 JavaThread "Unconstrained build operations Thread 34" [_thread_blocked, id=20868, stack(0x000000e167d00000,0x000000e167e00000)]
  0x000002c17d666040 JavaThread "Unconstrained build operations Thread 35" [_thread_blocked, id=19932, stack(0x000000e167e00000,0x000000e167f00000)]
  0x000002c17d662890 JavaThread "Unconstrained build operations Thread 36" [_thread_blocked, id=21236, stack(0x000000e167f00000,0x000000e168000000)]
  0x000002c17d662da0 JavaThread "Unconstrained build operations Thread 37" [_thread_blocked, id=12496, stack(0x000000e168000000,0x000000e168100000)]
  0x000002c17d6637c0 JavaThread "Unconstrained build operations Thread 38" [_thread_blocked, id=19268, stack(0x000000e168100000,0x000000e168200000)]
  0x000002c17d663cd0 JavaThread "Unconstrained build operations Thread 39" [_thread_blocked, id=18072, stack(0x000000e168200000,0x000000e168300000)]
  0x000002c106b4f120 JavaThread "Unconstrained build operations Thread 40" [_thread_blocked, id=16516, stack(0x000000e168300000,0x000000e168400000)]
  0x000002c106b4e1f0 JavaThread "Unconstrained build operations Thread 41" [_thread_blocked, id=344, stack(0x000000e168400000,0x000000e168500000)]
  0x000002c106b4e700 JavaThread "Unconstrained build operations Thread 42" [_thread_blocked, id=1384, stack(0x000000e168500000,0x000000e168600000)]
  0x000002c106b4fb40 JavaThread "Unconstrained build operations Thread 43" [_thread_blocked, id=6152, stack(0x000000e168600000,0x000000e168700000)]
  0x000002c106b50a70 JavaThread "Unconstrained build operations Thread 44" [_thread_blocked, id=6004, stack(0x000000e168700000,0x000000e168800000)]
  0x000002c106b50560 JavaThread "Unconstrained build operations Thread 45" [_thread_blocked, id=22844, stack(0x000000e168800000,0x000000e168900000)]
  0x000002c106b50050 JavaThread "Unconstrained build operations Thread 46" [_thread_blocked, id=1784, stack(0x000000e168900000,0x000000e168a00000)]
  0x000002c106b4f630 JavaThread "Unconstrained build operations Thread 47" [_thread_blocked, id=12376, stack(0x000000e168a00000,0x000000e168b00000)]
  0x000002c106b6ff20 JavaThread "Unconstrained build operations Thread 48" [_thread_blocked, id=21884, stack(0x000000e168b00000,0x000000e168c00000)]
  0x000002c106b71d80 JavaThread "Unconstrained build operations Thread 49" [_thread_blocked, id=18268, stack(0x000000e168c00000,0x000000e168d00000)]
  0x000002c106b70940 JavaThread "Unconstrained build operations Thread 50" [_thread_blocked, id=11008, stack(0x000000e168d00000,0x000000e168e00000)]
  0x000002c106b72290 JavaThread "Unconstrained build operations Thread 51" [_thread_blocked, id=15260, stack(0x000000e168e00000,0x000000e168f00000)]
  0x000002c106b70430 JavaThread "Unconstrained build operations Thread 52" [_thread_blocked, id=18608, stack(0x000000e168f00000,0x000000e169000000)]
  0x000002c106b727a0 JavaThread "Unconstrained build operations Thread 53" [_thread_blocked, id=14996, stack(0x000000e169000000,0x000000e169100000)]
  0x000002c106b6f500 JavaThread "Unconstrained build operations Thread 54" [_thread_blocked, id=11612, stack(0x000000e169100000,0x000000e169200000)]
  0x000002c1792ae3f0 JavaThread "Unconstrained build operations Thread 55" [_thread_blocked, id=18612, stack(0x000000e169200000,0x000000e169300000)]
  0x000002c1792afd40 JavaThread "Unconstrained build operations Thread 56" [_thread_blocked, id=21848, stack(0x000000e169300000,0x000000e169400000)]
  0x000002c1792b0250 JavaThread "Unconstrained build operations Thread 57" [_thread_blocked, id=2788, stack(0x000000e169400000,0x000000e169500000)]
  0x000002c1792ae900 JavaThread "Unconstrained build operations Thread 58" [_thread_blocked, id=23184, stack(0x000000e169500000,0x000000e169600000)]
  0x000002c1792aee10 JavaThread "Unconstrained build operations Thread 59" [_thread_blocked, id=8248, stack(0x000000e169600000,0x000000e169700000)]
  0x000002c1792acaa0 JavaThread "Unconstrained build operations Thread 60" [_thread_blocked, id=17808, stack(0x000000e169700000,0x000000e169800000)]
  0x000002c1792acfb0 JavaThread "Unconstrained build operations Thread 61" [_thread_blocked, id=21916, stack(0x000000e169800000,0x000000e169900000)]
  0x000002c1792ad4c0 JavaThread "Unconstrained build operations Thread 62" [_thread_blocked, id=21556, stack(0x000000e169900000,0x000000e169a00000)]
  0x000002c17ec54960 JavaThread "Unconstrained build operations Thread 63" [_thread_blocked, id=19144, stack(0x000000e169a00000,0x000000e169b00000)]
  0x000002c17ec54e70 JavaThread "Unconstrained build operations Thread 64" [_thread_blocked, id=12912, stack(0x000000e169b00000,0x000000e169c00000)]
  0x000002c17fb041d0 JavaThread "Unconstrained build operations Thread 65" [_thread_blocked, id=8732, stack(0x000000e169c00000,0x000000e169d00000)]
  0x000002c17fb046e0 JavaThread "Unconstrained build operations Thread 66" [_thread_blocked, id=976, stack(0x000000e169d00000,0x000000e169e00000)]
  0x000002c17fb04bf0 JavaThread "Unconstrained build operations Thread 67" [_thread_blocked, id=9244, stack(0x000000e169e00000,0x000000e169f00000)]
  0x000002c17fb05100 JavaThread "Unconstrained build operations Thread 68" [_thread_blocked, id=17460, stack(0x000000e169f00000,0x000000e16a000000)]
  0x000002c17fb03cc0 JavaThread "build event listener" [_thread_blocked, id=16308, stack(0x000000e16a000000,0x000000e16a100000)]
  0x000002c17e43ddf0 JavaThread "Problems report writer" [_thread_blocked, id=8092, stack(0x000000e16a100000,0x000000e16a200000)]
  0x000002c17e43cec0 JavaThread "Unconstrained build operations Thread 69" [_thread_blocked, id=11424, stack(0x000000e16a200000,0x000000e16a300000)]
  0x000002c17e43b570 JavaThread "Unconstrained build operations Thread 70" [_thread_blocked, id=20056, stack(0x000000e16a300000,0x000000e16a400000)]
  0x000002c17e43ba80 JavaThread "Unconstrained build operations Thread 71" [_thread_blocked, id=16092, stack(0x000000e16a400000,0x000000e16a500000)]
  0x000002c17e43bf90 JavaThread "Unconstrained build operations Thread 72" [_thread_blocked, id=2832, stack(0x000000e16a500000,0x000000e16a600000)]
  0x000002c17e43e300 JavaThread "Unconstrained build operations Thread 73" [_thread_blocked, id=7968, stack(0x000000e16a600000,0x000000e16a700000)]
  0x000002c17e43b060 JavaThread "Unconstrained build operations Thread 74" [_thread_blocked, id=13176, stack(0x000000e16a700000,0x000000e16a800000)]
  0x000002c17e43e810 JavaThread "Unconstrained build operations Thread 75" [_thread_blocked, id=15208, stack(0x000000e16a800000,0x000000e16a900000)]
  0x000002c17e43d3d0 JavaThread "Unconstrained build operations Thread 76" [_thread_blocked, id=16132, stack(0x000000e16a900000,0x000000e16aa00000)]
  0x000002c17e43d8e0 JavaThread "Unconstrained build operations Thread 77" [_thread_blocked, id=17780, stack(0x000000e16aa00000,0x000000e16ab00000)]
  0x000002c17b9be6e0 JavaThread "Unconstrained build operations Thread 78" [_thread_blocked, id=19216, stack(0x000000e16ab00000,0x000000e16ac00000)]
  0x000002c17b9bc370 JavaThread "Unconstrained build operations Thread 79" [_thread_blocked, id=10032, stack(0x000000e16ae00000,0x000000e16af00000)]
  0x000002c17b9bd2a0 JavaThread "Unconstrained build operations Thread 80" [_thread_blocked, id=19436, stack(0x000000e16af00000,0x000000e16b000000)]
  0x000002c106a29540 JavaThread "Cache worker for execution history cache (C:\Users\dell\Desktop\SWIPS\samwega-pos-bare\android\.gradle\9.0.0\executionHistory)" [_thread_blocked, id=12916, stack(0x000000e16b500000,0x000000e16b600000)]
  0x000002c106a28100 JavaThread "WorkerExecutor Queue Thread 3" [_thread_blocked, id=22308, stack(0x000000e166000000,0x000000e166100000)]
  0x000002c106a28b20 JavaThread "WorkerExecutor Queue Thread 9" [_thread_blocked, id=14440, stack(0x000000e16be00000,0x000000e16bf00000)]
  0x000002c17effa8e0 JavaThread "WorkerExecutor Queue Thread 10" [_thread_blocked, id=17604, stack(0x000000e164b00000,0x000000e164c00000)]
=>0x000002c106cca480 JavaThread "WorkerExecutor Queue Thread 12" [_thread_in_vm, id=14032, stack(0x000000e166100000,0x000000e166200000)]
  0x000002c17e029c20 JavaThread "RMI Scheduler(0)" daemon [_thread_blocked, id=17584, stack(0x000000e166200000,0x000000e166300000)]
  0x000002c17e029710 JavaThread "RMI GC Daemon" daemon [_thread_blocked, id=10076, stack(0x000000e16bf00000,0x000000e16c000000)]
  0x000002c17fb05610 JavaThread "RMI TCP Accept-0" daemon [_thread_in_native, id=14156, stack(0x000000e16c000000,0x000000e16c100000)]
  0x000002c17c721f50 JavaThread "RMI Reaper" [_thread_blocked, id=15180, stack(0x000000e16c200000,0x000000e16c300000)]
  0x000002c106cccd00 JavaThread "Cache worker for Java compile cache (C:\Users\dell\.gradle\caches\9.0.0\javaCompile)" [_thread_blocked, id=2900, stack(0x000000e16c600000,0x000000e16c700000)]
  0x000002c17b2dcfc0 JavaThread "Build operations" [_thread_blocked, id=9768, stack(0x000000e16c800000,0x000000e16c900000)]
  0x000002c17b2dbb80 JavaThread "Build operations Thread 2" [_thread_blocked, id=11140, stack(0x000000e16c900000,0x000000e16ca00000)]
  0x000002c17b2de910 JavaThread "Build operations Thread 3" [_thread_blocked, id=23440, stack(0x000000e16ca00000,0x000000e16cb00000)]
  0x000002c17b2dd4d0 JavaThread "Build operations Thread 4" [_thread_blocked, id=21072, stack(0x000000e16cb00000,0x000000e16cc00000)]
  0x000002c17b2db160 JavaThread "Build operations Thread 5" [_thread_blocked, id=22692, stack(0x000000e16cc00000,0x000000e16cd00000)]
  0x000002c17b2db670 JavaThread "Build operations Thread 6" [_thread_blocked, id=16836, stack(0x000000e16cd00000,0x000000e16ce00000)]
  0x000002c17b2dd9e0 JavaThread "Build operations Thread 7" [_thread_blocked, id=21748, stack(0x000000e16ce00000,0x000000e16cf00000)]
  0x000002c17d910df0 JavaThread "Build operations Thread 8" [_thread_blocked, id=12260, stack(0x000000e16c700000,0x000000e16c800000)]
  0x000002c106a29030 JavaThread "WorkerExecutor Queue Thread 14" [_thread_blocked, id=24452, stack(0x000000e16df00000,0x000000e16e000000)]
  0x000002c17b3458b0 JavaThread "pool-19-thread-1" [_thread_blocked, id=8292, stack(0x000000e16b600000,0x000000e16b700000)]
  0x000002c107e57aa0 JavaThread "stderr" [_thread_in_native, id=10640, stack(0x000000e16bb00000,0x000000e16bc00000)]
  0x000002c107e56150 JavaThread "stdout" [_thread_in_native, id=2712, stack(0x000000e16bc00000,0x000000e16bd00000)]
  0x000002c106a276e0 JavaThread "stderr" [_thread_in_native, id=13596, stack(0x000000e16bd00000,0x000000e16be00000)]
  0x000002c106a27bf0 JavaThread "stdout" [_thread_in_native, id=12608, stack(0x000000e16c100000,0x000000e16c200000)]
  0x000002c17e02b060 JavaThread "stderr" [_thread_in_native, id=19120, stack(0x000000e16c300000,0x000000e16c400000)]
  0x000002c17e027dc0 JavaThread "stdout" [_thread_in_native, id=2464, stack(0x000000e16c500000,0x000000e16c600000)]
  0x000002c17b346cf0 JavaThread "stderr" [_thread_in_native, id=9324, stack(0x000000e16d000000,0x000000e16d100000)]
  0x000002c106a29a50 JavaThread "stdout" [_thread_in_native, id=23384, stack(0x000000e16d100000,0x000000e16d200000)]
  0x000002c104f49480 JavaThread "stderr" [_thread_in_native, id=5996, stack(0x000000e16d200000,0x000000e16d300000)]
  0x000002c104f49990 JavaThread "stdout" [_thread_in_native, id=20832, stack(0x000000e16d300000,0x000000e16d400000)]
  0x000002c107e589d0 JavaThread "stderr" [_thread_in_native, id=16728, stack(0x000000e16d400000,0x000000e16d500000)]
  0x000002c107e593f0 JavaThread "stdout" [_thread_in_native, id=14284, stack(0x000000e16d700000,0x000000e16d800000)]
  0x000002c17c7238a0 JavaThread "stderr" [_thread_in_native, id=11888, stack(0x000000e16d800000,0x000000e16d900000)]
  0x000002c107e58ee0 JavaThread "stdout" [_thread_in_native, id=23056, stack(0x000000e16d900000,0x000000e16da00000)]
  0x000002c17c723390 JavaThread "WorkerExecutor Queue Thread 15" [_thread_blocked, id=8516, stack(0x000000e16da00000,0x000000e16db00000)]
  0x000002c107c53630 JavaThread "ForkJoinPool-1-worker-2" daemon [_thread_blocked, id=22260, stack(0x000000e16dc00000,0x000000e16dd00000)]
  0x000002c106a29f60 JavaThread "ForkJoinPool-1-worker-3" daemon [_thread_blocked, id=10108, stack(0x000000e16dd00000,0x000000e16de00000)]
  0x000002c106a267b0 JavaThread "ForkJoinPool-1-worker-4" daemon [_thread_blocked, id=24108, stack(0x000000e16e000000,0x000000e16e100000)]
  0x000002c17c721020 JavaThread "ForkJoinPool-1-worker-5" daemon [_thread_blocked, id=10528, stack(0x000000e16e100000,0x000000e16e200000)]
  0x000002c107c54050 JavaThread "ForkJoinPool-1-worker-6" daemon [_thread_blocked, id=5864, stack(0x000000e16e200000,0x000000e16e300000)]
  0x000002c17b9be1d0 JavaThread "ForkJoinPool-1-worker-7" daemon [_thread_blocked, id=20792, stack(0x000000e16e300000,0x000000e16e400000)]
  0x000002c104f48a60 JavaThread "ForkJoinPool-1-worker-8" daemon [_thread_blocked, id=11596, stack(0x000000e16e400000,0x000000e16e500000)]
  0x000002c104f48f70 JavaThread "WorkerExecutor Queue Thread 16" [_thread_blocked, id=20704, stack(0x000000e16e600000,0x000000e16e700000)]
  0x000002c17c7242c0 JavaThread "Java2D Disposer" daemon [_thread_blocked, id=20760, stack(0x000000e166300000,0x000000e166400000)]
  0x000002c10ed440a0 JavaThread "AWT-Windows" daemon [_thread_in_native, id=18944, stack(0x000000e16ee00000,0x000000e16ef00000)]
  0x000002c104f4a3b0 JavaThread "DefaultDispatcher-worker-1" daemon [_thread_blocked, id=5280, stack(0x000000e165e00000,0x000000e165f00000)]
  0x000002c17d90ef90 JavaThread "DefaultDispatcher-worker-2" daemon [_thread_blocked, id=20004, stack(0x000000e16f100000,0x000000e16f200000)]
  0x000002c104f46c00 JavaThread "DefaultDispatcher-worker-2" daemon [_thread_blocked, id=3500, stack(0x000000e16f200000,0x000000e16f300000)]
  0x000002c17b9bb950 JavaThread "DefaultDispatcher-worker-1" daemon [_thread_blocked, id=7048, stack(0x000000e16f300000,0x000000e16f400000)]
  0x000002c17b9bbe60 JavaThread "DefaultDispatcher-worker-3" daemon [_thread_blocked, id=18508, stack(0x000000e16f400000,0x000000e16f500000)]
  0x000002c17b344e90 JavaThread "DefaultDispatcher-worker-4" daemon [_thread_blocked, id=14796, stack(0x000000e16f500000,0x000000e16f600000)]
  0x000002c107c53120 JavaThread "DefaultDispatcher-worker-5" daemon [_thread_blocked, id=23756, stack(0x000000e16f600000,0x000000e16f700000)]
  0x000002c10f0a7230 JavaThread "DefaultDispatcher-worker-3" daemon [_thread_blocked, id=9060, stack(0x000000e16f700000,0x000000e16f800000)]
  0x000002c17e00a210 JavaThread "DefaultDispatcher-worker-6" daemon [_thread_blocked, id=18760, stack(0x000000e16f800000,0x000000e16f900000)]
  0x000002c107c568d0 JavaThread "DefaultDispatcher-worker-7" daemon [_thread_blocked, id=21960, stack(0x000000e16f900000,0x000000e16fa00000)]
  0x000002c17b345dc0 JavaThread "DefaultDispatcher-worker-8" daemon [_thread_blocked, id=18492, stack(0x000000e16fa00000,0x000000e16fb00000)]
  0x000002c104f4bd00 JavaThread "DefaultDispatcher-worker-4" daemon [_thread_blocked, id=22244, stack(0x000000e16fb00000,0x000000e16fc00000)]
  0x000002c104f4b2e0 JavaThread "Periodic tasks thread" daemon [_thread_blocked, id=14356, stack(0x000000e16f000000,0x000000e16f100000)]
  0x000002c17b344980 JavaThread "ApplicationImpl pooled thread 1" [_thread_blocked, id=16216, stack(0x000000e16fc00000,0x000000e16fd00000)]
  0x000002c104f4b7f0 JavaThread "ForkJoinPool.commonPool-worker-41" daemon [_thread_blocked, id=22184, stack(0x000000e16ed00000,0x000000e16ee00000)]
  0x000002c1074f9980 JavaThread "ForkJoinPool.commonPool-worker-42" daemon [_thread_blocked, id=24412, stack(0x000000e16fe00000,0x000000e16ff00000)]
  0x000002c1065f2b70 JavaThread "ForkJoinPool.commonPool-worker-43" daemon [_thread_blocked, id=24176, stack(0x000000e16ff00000,0x000000e170000000)]
  0x000002c1065f2660 JavaThread "ForkJoinPool.commonPool-worker-44" daemon [_thread_blocked, id=23216, stack(0x000000e170000000,0x000000e170100000)]
  0x000002c106d2c7c0 JavaThread "WorkerExecutor Queue Thread 20" [_thread_in_vm, id=9400, stack(0x000000e16c400000,0x000000e16c500000)]

Other Threads:
  0x000002c1584b2850 VMThread "VM Thread" [stack: 0x000000e161f00000,0x000000e162000000] [id=8456] _threads_hazard_ptr=0x000002c111d2ad00
  0x000002c1388cdfc0 WatcherThread [stack: 0x000000e162c00000,0x000000e162d00000] [id=19664]
  0x000002c13892c9d0 GCTaskThread "GC Thread#0" [stack: 0x000000e161a00000,0x000000e161b00000] [id=22028]
  0x000002c1780bb0b0 GCTaskThread "GC Thread#1" [stack: 0x000000e162e00000,0x000000e162f00000] [id=20252]
  0x000002c178642ab0 GCTaskThread "GC Thread#2" [stack: 0x000000e162f00000,0x000000e163000000] [id=18324]
  0x000002c158f36530 GCTaskThread "GC Thread#3" [stack: 0x000000e163000000,0x000000e163100000] [id=22548]
  0x000002c178beb890 GCTaskThread "GC Thread#4" [stack: 0x000000e163100000,0x000000e163200000] [id=8008]
  0x000002c178beb4a0 GCTaskThread "GC Thread#5" [stack: 0x000000e163f00000,0x000000e164000000] [id=20080]
  0x000002c179deb2c0 GCTaskThread "GC Thread#6" [stack: 0x000000e164000000,0x000000e164100000] [id=22252]
  0x000002c179deb580 GCTaskThread "GC Thread#7" [stack: 0x000000e164100000,0x000000e164200000] [id=4224]
  0x000002c13893d830 ConcurrentGCThread "G1 Main Marker" [stack: 0x000000e161b00000,0x000000e161c00000] [id=14252]
  0x000002c13893ee30 ConcurrentGCThread "G1 Conc#0" [stack: 0x000000e161c00000,0x000000e161d00000] [id=21436]
  0x000002c17b0f05a0 ConcurrentGCThread "G1 Conc#1" [stack: 0x000000e164300000,0x000000e164400000] [id=12140]
  0x000002c13897db60 ConcurrentGCThread "G1 Refine#0" [stack: 0x000000e161d00000,0x000000e161e00000] [id=7244]
  0x000002c17917a440 ConcurrentGCThread "G1 Refine#1" [stack: 0x000000e163200000,0x000000e163300000] [id=17100]
  0x000002c1065f48d0 ConcurrentGCThread "G1 Refine#2" [stack: 0x000000e16b900000,0x000000e16ba00000] [id=16800]
  0x000002c17b5d55e0 ConcurrentGCThread "G1 Refine#3" [stack: 0x000000e16ba00000,0x000000e16bb00000] [id=2412]
  0x000002c17c22a200 ConcurrentGCThread "G1 Refine#4" [stack: 0x000000e16b000000,0x000000e16b100000] [id=21040]
  0x000002c105337480 ConcurrentGCThread "G1 Refine#5" [stack: 0x000000e16b100000,0x000000e16b200000] [id=19256]
  0x000002c105336ea0 ConcurrentGCThread "G1 Refine#6" [stack: 0x000000e16cf00000,0x000000e16d000000] [id=20048]
  0x000002c105c40fa0 ConcurrentGCThread "G1 Refine#7" [stack: 0x000000e16e500000,0x000000e16e600000] [id=17284]
  0x000002c13897e340 ConcurrentGCThread "G1 Service" [stack: 0x000000e161e00000,0x000000e161f00000] [id=11520]

Threads with active compile tasks:

VM state: synchronizing (normal execution)

VM Mutex/Monitor currently owned by a thread:  ([mutex/lock_event])
[0x000002c1388c8450] Metaspace_lock - owner thread: 0x000002c106cca480
[0x000002c1388c77f0] Threads_lock - owner thread: 0x000002c1584b2850

Heap address: 0x0000000080000000, size: 2048 MB, Compressed Oops mode: 32-bit

CDS archive(s) mapped at: [0x000002c159000000-0x000002c159bb0000-0x000002c159bb0000), size 12255232, SharedBaseAddress: 0x000002c159000000, ArchiveRelocationMode: 1.
Compressed class space mapped at: 0x000002c15a000000-0x000002c174000000, reserved size: 436207616
Narrow klass base: 0x000002c159000000, Narrow klass shift: 0, Narrow klass range: 0x100000000

GC Precious Log:
 CPUs: 8 total, 8 available
 Memory: 8012M
 Large Page Support: Disabled
 NUMA Support: Disabled
 Compressed Oops: Enabled (32-bit)
 Heap Region Size: 1M
 Heap Min Capacity: 8M
 Heap Initial Capacity: 126M
 Heap Max Capacity: 2G
 Pre-touch: Disabled
 Parallel Workers: 8
 Concurrent Workers: 2
 Concurrent Refinement Workers: 8
 Periodic GC: Disabled

Heap:
 garbage-first heap   total 1472512K, used 640653K [0x0000000080000000, 0x0000000100000000)
  region size 1024K, 153 young (156672K), 41 survivors (41984K)
 Metaspace       used 366249K, committed 369088K, reserved 753664K
  class space    used 45752K, committed 47104K, reserved 425984K

Heap Regions: E=young(eden), S=young(survivor), O=old, HS=humongous(starts), HC=humongous(continues), CS=collection set, F=free, OA=open archive, CA=closed archive, TAMS=top-at-mark-start (previous, next)
|   0|0x0000000080000000, 0x0000000080100000, 0x0000000080100000|100%|HS|  |TAMS 0x0000000080100000, 0x0000000080000000| Complete 
|   1|0x0000000080100000, 0x0000000080200000, 0x0000000080200000|100%|HC|  |TAMS 0x0000000080200000, 0x0000000080100000| Complete 
|   2|0x0000000080200000, 0x0000000080300000, 0x0000000080300000|100%|HC|  |TAMS 0x0000000080300000, 0x0000000080200000| Complete 
|   3|0x0000000080300000, 0x0000000080400000, 0x0000000080400000|100%| O|  |TAMS 0x0000000080400000, 0x0000000080300000| Untracked 
|   4|0x0000000080400000, 0x0000000080500000, 0x0000000080500000|100%| O|  |TAMS 0x0000000080500000, 0x0000000080400000| Untracked 
|   5|0x0000000080500000, 0x0000000080600000, 0x0000000080600000|100%| O|  |TAMS 0x0000000080600000, 0x0000000080500000| Untracked 
|   6|0x0000000080600000, 0x0000000080700000, 0x0000000080700000|100%|HS|  |TAMS 0x0000000080700000, 0x0000000080600000| Complete 
|   7|0x0000000080700000, 0x0000000080800000, 0x0000000080800000|100%| O|  |TAMS 0x0000000080800000, 0x0000000080700000| Untracked 
|   8|0x0000000080800000, 0x0000000080900000, 0x0000000080900000|100%| O|  |TAMS 0x0000000080900000, 0x0000000080800000| Untracked 
|   9|0x0000000080900000, 0x0000000080a00000, 0x0000000080a00000|100%| O|  |TAMS 0x0000000080a00000, 0x0000000080900000| Untracked 
|  10|0x0000000080a00000, 0x0000000080b00000, 0x0000000080b00000|100%| O|  |TAMS 0x0000000080b00000, 0x0000000080a00000| Untracked 
|  11|0x0000000080b00000, 0x0000000080c00000, 0x0000000080c00000|100%| O|  |TAMS 0x0000000080c00000, 0x0000000080b00000| Untracked 
|  12|0x0000000080c00000, 0x0000000080d00000, 0x0000000080d00000|100%| O|  |TAMS 0x0000000080d00000, 0x0000000080c00000| Untracked 
|  13|0x0000000080d00000, 0x0000000080e00000, 0x0000000080e00000|100%| O|  |TAMS 0x0000000080e00000, 0x0000000080d00000| Untracked 
|  14|0x0000000080e00000, 0x0000000080f00000, 0x0000000080f00000|100%| O|  |TAMS 0x0000000080f00000, 0x0000000080e00000| Untracked 
|  15|0x0000000080f00000, 0x0000000081000000, 0x0000000081000000|100%| O|  |TAMS 0x0000000081000000, 0x0000000080f00000| Untracked 
|  16|0x0000000081000000, 0x0000000081100000, 0x0000000081100000|100%| O|  |TAMS 0x0000000081100000, 0x0000000081000000| Untracked 
|  17|0x0000000081100000, 0x0000000081200000, 0x0000000081200000|100%| O|  |TAMS 0x0000000081200000, 0x0000000081100000| Untracked 
|  18|0x0000000081200000, 0x0000000081300000, 0x0000000081300000|100%| O|  |TAMS 0x0000000081300000, 0x0000000081200000| Untracked 
|  19|0x0000000081300000, 0x0000000081400000, 0x0000000081400000|100%| O|  |TAMS 0x0000000081400000, 0x0000000081300000| Untracked 
|  20|0x0000000081400000, 0x0000000081500000, 0x0000000081500000|100%| O|  |TAMS 0x0000000081500000, 0x0000000081400000| Untracked 
|  21|0x0000000081500000, 0x0000000081600000, 0x0000000081600000|100%| O|  |TAMS 0x0000000081600000, 0x0000000081500000| Untracked 
|  22|0x0000000081600000, 0x0000000081700000, 0x0000000081700000|100%| O|  |TAMS 0x0000000081700000, 0x0000000081600000| Untracked 
|  23|0x0000000081700000, 0x0000000081800000, 0x0000000081800000|100%| O|  |TAMS 0x0000000081800000, 0x0000000081700000| Untracked 
|  24|0x0000000081800000, 0x0000000081900000, 0x0000000081900000|100%| O|  |TAMS 0x0000000081900000, 0x0000000081800000| Untracked 
|  25|0x0000000081900000, 0x0000000081a00000, 0x0000000081a00000|100%| O|  |TAMS 0x0000000081a00000, 0x0000000081900000| Untracked 
|  26|0x0000000081a00000, 0x0000000081b00000, 0x0000000081b00000|100%| O|  |TAMS 0x0000000081b00000, 0x0000000081a00000| Untracked 
|  27|0x0000000081b00000, 0x0000000081c00000, 0x0000000081c00000|100%| O|  |TAMS 0x0000000081c00000, 0x0000000081b00000| Untracked 
|  28|0x0000000081c00000, 0x0000000081d00000, 0x0000000081d00000|100%| O|  |TAMS 0x0000000081d00000, 0x0000000081c00000| Untracked 
|  29|0x0000000081d00000, 0x0000000081e00000, 0x0000000081e00000|100%| O|  |TAMS 0x0000000081e00000, 0x0000000081d00000| Untracked 
|  30|0x0000000081e00000, 0x0000000081f00000, 0x0000000081f00000|100%| O|  |TAMS 0x0000000081f00000, 0x0000000081e00000| Untracked 
|  31|0x0000000081f00000, 0x0000000082000000, 0x0000000082000000|100%| O|  |TAMS 0x0000000082000000, 0x0000000081f00000| Untracked 
|  32|0x0000000082000000, 0x0000000082100000, 0x0000000082100000|100%| O|  |TAMS 0x0000000082100000, 0x0000000082000000| Untracked 
|  33|0x0000000082100000, 0x0000000082200000, 0x0000000082200000|100%| O|  |TAMS 0x0000000082200000, 0x0000000082100000| Untracked 
|  34|0x0000000082200000, 0x0000000082300000, 0x0000000082300000|100%|HS|  |TAMS 0x0000000082300000, 0x0000000082200000| Complete 
|  35|0x0000000082300000, 0x0000000082400000, 0x0000000082400000|100%|HC|  |TAMS 0x0000000082400000, 0x0000000082300000| Complete 
|  36|0x0000000082400000, 0x0000000082500000, 0x0000000082500000|100%|HC|  |TAMS 0x0000000082500000, 0x0000000082400000| Complete 
|  37|0x0000000082500000, 0x0000000082600000, 0x0000000082600000|100%| O|  |TAMS 0x0000000082600000, 0x0000000082500000| Untracked 
|  38|0x0000000082600000, 0x0000000082700000, 0x0000000082700000|100%|HS|  |TAMS 0x0000000082700000, 0x0000000082600000| Complete 
|  39|0x0000000082700000, 0x0000000082800000, 0x0000000082800000|100%|HC|  |TAMS 0x0000000082800000, 0x0000000082700000| Complete 
|  40|0x0000000082800000, 0x0000000082900000, 0x0000000082900000|100%|HC|  |TAMS 0x0000000082900000, 0x0000000082800000| Complete 
|  41|0x0000000082900000, 0x0000000082a00000, 0x0000000082a00000|100%| O|  |TAMS 0x0000000082a00000, 0x0000000082900000| Untracked 
|  42|0x0000000082a00000, 0x0000000082b00000, 0x0000000082b00000|100%| O|  |TAMS 0x0000000082b00000, 0x0000000082a00000| Untracked 
|  43|0x0000000082b00000, 0x0000000082c00000, 0x0000000082c00000|100%| O|  |TAMS 0x0000000082c00000, 0x0000000082b00000| Untracked 
|  44|0x0000000082c00000, 0x0000000082d00000, 0x0000000082d00000|100%| O|  |TAMS 0x0000000082d00000, 0x0000000082c00000| Untracked 
|  45|0x0000000082d00000, 0x0000000082e00000, 0x0000000082e00000|100%| O|  |TAMS 0x0000000082e00000, 0x0000000082d00000| Untracked 
|  46|0x0000000082e00000, 0x0000000082f00000, 0x0000000082f00000|100%| O|  |TAMS 0x0000000082f00000, 0x0000000082e00000| Untracked 
|  47|0x0000000082f00000, 0x0000000083000000, 0x0000000083000000|100%| O|  |TAMS 0x0000000083000000, 0x0000000082f00000| Untracked 
|  48|0x0000000083000000, 0x0000000083100000, 0x0000000083100000|100%| O|  |TAMS 0x0000000083100000, 0x0000000083000000| Untracked 
|  49|0x0000000083100000, 0x0000000083200000, 0x0000000083200000|100%| O|  |TAMS 0x0000000083200000, 0x0000000083100000| Untracked 
|  50|0x0000000083200000, 0x0000000083300000, 0x0000000083300000|100%| O|  |TAMS 0x0000000083300000, 0x0000000083200000| Untracked 
|  51|0x0000000083300000, 0x0000000083400000, 0x0000000083400000|100%| O|  |TAMS 0x0000000083400000, 0x0000000083300000| Untracked 
|  52|0x0000000083400000, 0x0000000083500000, 0x0000000083500000|100%| O|  |TAMS 0x0000000083500000, 0x0000000083400000| Untracked 
|  53|0x0000000083500000, 0x0000000083600000, 0x0000000083600000|100%| O|  |TAMS 0x0000000083600000, 0x0000000083500000| Untracked 
|  54|0x0000000083600000, 0x0000000083700000, 0x0000000083700000|100%| O|  |TAMS 0x0000000083700000, 0x0000000083600000| Untracked 
|  55|0x0000000083700000, 0x0000000083800000, 0x0000000083800000|100%| O|  |TAMS 0x0000000083800000, 0x0000000083700000| Untracked 
|  56|0x0000000083800000, 0x0000000083900000, 0x0000000083900000|100%| O|  |TAMS 0x0000000083900000, 0x0000000083800000| Untracked 
|  57|0x0000000083900000, 0x0000000083a00000, 0x0000000083a00000|100%| O|  |TAMS 0x0000000083a00000, 0x0000000083900000| Untracked 
|  58|0x0000000083a00000, 0x0000000083b00000, 0x0000000083b00000|100%| O|  |TAMS 0x0000000083b00000, 0x0000000083a00000| Untracked 
|  59|0x0000000083b00000, 0x0000000083c00000, 0x0000000083c00000|100%| O|  |TAMS 0x0000000083c00000, 0x0000000083b00000| Untracked 
|  60|0x0000000083c00000, 0x0000000083d00000, 0x0000000083d00000|100%| O|  |TAMS 0x0000000083d00000, 0x0000000083c00000| Untracked 
|  61|0x0000000083d00000, 0x0000000083e00000, 0x0000000083e00000|100%|HS|  |TAMS 0x0000000083e00000, 0x0000000083d00000| Complete 
|  62|0x0000000083e00000, 0x0000000083f00000, 0x0000000083f00000|100%|HS|  |TAMS 0x0000000083f00000, 0x0000000083e00000| Complete 
|  63|0x0000000083f00000, 0x0000000084000000, 0x0000000084000000|100%| O|  |TAMS 0x0000000084000000, 0x0000000083f00000| Untracked 
|  64|0x0000000084000000, 0x0000000084100000, 0x0000000084100000|100%| O|  |TAMS 0x0000000084100000, 0x0000000084000000| Untracked 
|  65|0x0000000084100000, 0x0000000084200000, 0x0000000084200000|100%| O|  |TAMS 0x0000000084200000, 0x0000000084100000| Untracked 
|  66|0x0000000084200000, 0x0000000084300000, 0x0000000084300000|100%| O|  |TAMS 0x0000000084300000, 0x0000000084200000| Untracked 
|  67|0x0000000084300000, 0x0000000084400000, 0x0000000084400000|100%| O|  |TAMS 0x0000000084400000, 0x0000000084300000| Untracked 
|  68|0x0000000084400000, 0x0000000084500000, 0x0000000084500000|100%| O|  |TAMS 0x0000000084500000, 0x0000000084400000| Untracked 
|  69|0x0000000084500000, 0x0000000084600000, 0x0000000084600000|100%| O|  |TAMS 0x0000000084600000, 0x0000000084500000| Untracked 
|  70|0x0000000084600000, 0x0000000084700000, 0x0000000084700000|100%| O|  |TAMS 0x0000000084700000, 0x0000000084600000| Untracked 
|  71|0x0000000084700000, 0x0000000084800000, 0x0000000084800000|100%| O|  |TAMS 0x0000000084800000, 0x0000000084700000| Untracked 
|  72|0x0000000084800000, 0x0000000084900000, 0x0000000084900000|100%| O|  |TAMS 0x0000000084900000, 0x0000000084800000| Untracked 
|  73|0x0000000084900000, 0x0000000084a00000, 0x0000000084a00000|100%| O|  |TAMS 0x0000000084a00000, 0x0000000084900000| Untracked 
|  74|0x0000000084a00000, 0x0000000084b00000, 0x0000000084b00000|100%| O|  |TAMS 0x0000000084b00000, 0x0000000084a00000| Untracked 
|  75|0x0000000084b00000, 0x0000000084c00000, 0x0000000084c00000|100%| O|  |TAMS 0x0000000084c00000, 0x0000000084b00000| Untracked 
|  76|0x0000000084c00000, 0x0000000084d00000, 0x0000000084d00000|100%| O|  |TAMS 0x0000000084d00000, 0x0000000084c00000| Untracked 
|  77|0x0000000084d00000, 0x0000000084e00000, 0x0000000084e00000|100%| O|  |TAMS 0x0000000084e00000, 0x0000000084d00000| Untracked 
|  78|0x0000000084e00000, 0x0000000084f00000, 0x0000000084f00000|100%| O|  |TAMS 0x0000000084f00000, 0x0000000084e00000| Untracked 
|  79|0x0000000084f00000, 0x0000000085000000, 0x0000000085000000|100%|HS|  |TAMS 0x0000000085000000, 0x0000000084f00000| Complete 
|  80|0x0000000085000000, 0x0000000085100000, 0x0000000085100000|100%|HS|  |TAMS 0x0000000085100000, 0x0000000085000000| Complete 
|  81|0x0000000085100000, 0x0000000085200000, 0x0000000085200000|100%| O|  |TAMS 0x0000000085200000, 0x0000000085100000| Untracked 
|  82|0x0000000085200000, 0x0000000085300000, 0x0000000085300000|100%|HS|  |TAMS 0x0000000085300000, 0x0000000085200000| Complete 
|  83|0x0000000085300000, 0x0000000085400000, 0x0000000085400000|100%|HS|  |TAMS 0x0000000085400000, 0x0000000085300000| Complete 
|  84|0x0000000085400000, 0x0000000085500000, 0x0000000085500000|100%| O|  |TAMS 0x0000000085500000, 0x0000000085400000| Untracked 
|  85|0x0000000085500000, 0x0000000085600000, 0x0000000085600000|100%| O|  |TAMS 0x0000000085600000, 0x0000000085500000| Untracked 
|  86|0x0000000085600000, 0x0000000085700000, 0x0000000085700000|100%| O|  |TAMS 0x0000000085700000, 0x0000000085600000| Untracked 
|  87|0x0000000085700000, 0x0000000085800000, 0x0000000085800000|100%|HS|  |TAMS 0x0000000085800000, 0x0000000085700000| Complete 
|  88|0x0000000085800000, 0x0000000085900000, 0x0000000085900000|100%|HS|  |TAMS 0x0000000085900000, 0x0000000085800000| Complete 
|  89|0x0000000085900000, 0x0000000085a00000, 0x0000000085a00000|100%|HC|  |TAMS 0x0000000085a00000, 0x0000000085900000| Complete 
|  90|0x0000000085a00000, 0x0000000085b00000, 0x0000000085b00000|100%|HC|  |TAMS 0x0000000085b00000, 0x0000000085a00000| Complete 
|  91|0x0000000085b00000, 0x0000000085c00000, 0x0000000085c00000|100%| O|  |TAMS 0x0000000085c00000, 0x0000000085b00000| Untracked 
|  92|0x0000000085c00000, 0x0000000085d00000, 0x0000000085d00000|100%| O|  |TAMS 0x0000000085d00000, 0x0000000085c00000| Untracked 
|  93|0x0000000085d00000, 0x0000000085e00000, 0x0000000085e00000|100%| O|  |TAMS 0x0000000085e00000, 0x0000000085d00000| Untracked 
|  94|0x0000000085e00000, 0x0000000085f00000, 0x0000000085f00000|100%| O|  |TAMS 0x0000000085f00000, 0x0000000085e00000| Untracked 
|  95|0x0000000085f00000, 0x0000000086000000, 0x0000000086000000|100%| O|  |TAMS 0x0000000086000000, 0x0000000085f00000| Untracked 
|  96|0x0000000086000000, 0x0000000086100000, 0x0000000086100000|100%| O|  |TAMS 0x0000000086100000, 0x0000000086000000| Untracked 
|  97|0x0000000086100000, 0x0000000086200000, 0x0000000086200000|100%| O|  |TAMS 0x0000000086200000, 0x0000000086100000| Untracked 
|  98|0x0000000086200000, 0x0000000086300000, 0x0000000086300000|100%| O|  |TAMS 0x0000000086300000, 0x0000000086200000| Untracked 
|  99|0x0000000086300000, 0x0000000086400000, 0x0000000086400000|100%| O|  |TAMS 0x0000000086400000, 0x0000000086300000| Untracked 
| 100|0x0000000086400000, 0x0000000086500000, 0x0000000086500000|100%| O|  |TAMS 0x0000000086500000, 0x0000000086400000| Untracked 
| 101|0x0000000086500000, 0x0000000086600000, 0x0000000086600000|100%| O|  |TAMS 0x0000000086600000, 0x0000000086500000| Untracked 
| 102|0x0000000086600000, 0x0000000086700000, 0x0000000086700000|100%| O|  |TAMS 0x0000000086700000, 0x0000000086600000| Untracked 
| 103|0x0000000086700000, 0x0000000086800000, 0x0000000086800000|100%| O|  |TAMS 0x0000000086800000, 0x0000000086700000| Untracked 
| 104|0x0000000086800000, 0x0000000086900000, 0x0000000086900000|100%| O|  |TAMS 0x0000000086900000, 0x0000000086800000| Untracked 
| 105|0x0000000086900000, 0x0000000086a00000, 0x0000000086a00000|100%| O|  |TAMS 0x0000000086a00000, 0x0000000086900000| Untracked 
| 106|0x0000000086a00000, 0x0000000086b00000, 0x0000000086b00000|100%| O|  |TAMS 0x0000000086b00000, 0x0000000086a00000| Untracked 
| 107|0x0000000086b00000, 0x0000000086c00000, 0x0000000086c00000|100%| O|  |TAMS 0x0000000086c00000, 0x0000000086b00000| Untracked 
| 108|0x0000000086c00000, 0x0000000086d00000, 0x0000000086d00000|100%| O|  |TAMS 0x0000000086d00000, 0x0000000086c00000| Untracked 
| 109|0x0000000086d00000, 0x0000000086e00000, 0x0000000086e00000|100%| O|  |TAMS 0x0000000086e00000, 0x0000000086d00000| Untracked 
| 110|0x0000000086e00000, 0x0000000086f00000, 0x0000000086f00000|100%| O|  |TAMS 0x0000000086f00000, 0x0000000086e00000| Untracked 
| 111|0x0000000086f00000, 0x0000000087000000, 0x0000000087000000|100%| O|  |TAMS 0x0000000087000000, 0x0000000086f00000| Untracked 
| 112|0x0000000087000000, 0x0000000087100000, 0x0000000087100000|100%| O|  |TAMS 0x0000000087100000, 0x0000000087000000| Untracked 
| 113|0x0000000087100000, 0x0000000087200000, 0x0000000087200000|100%| O|  |TAMS 0x0000000087200000, 0x0000000087100000| Untracked 
| 114|0x0000000087200000, 0x0000000087300000, 0x0000000087300000|100%| O|  |TAMS 0x0000000087300000, 0x0000000087200000| Untracked 
| 115|0x0000000087300000, 0x0000000087400000, 0x0000000087400000|100%| O|  |TAMS 0x0000000087400000, 0x0000000087300000| Untracked 
| 116|0x0000000087400000, 0x0000000087500000, 0x0000000087500000|100%| O|  |TAMS 0x0000000087500000, 0x0000000087400000| Untracked 
| 117|0x0000000087500000, 0x0000000087600000, 0x0000000087600000|100%| O|  |TAMS 0x0000000087600000, 0x0000000087500000| Untracked 
| 118|0x0000000087600000, 0x0000000087700000, 0x0000000087700000|100%| O|  |TAMS 0x0000000087700000, 0x0000000087600000| Untracked 
| 119|0x0000000087700000, 0x0000000087800000, 0x0000000087800000|100%| O|  |TAMS 0x0000000087800000, 0x0000000087700000| Untracked 
| 120|0x0000000087800000, 0x0000000087900000, 0x0000000087900000|100%| O|  |TAMS 0x0000000087900000, 0x0000000087800000| Untracked 
| 121|0x0000000087900000, 0x0000000087a00000, 0x0000000087a00000|100%| O|  |TAMS 0x0000000087a00000, 0x0000000087900000| Untracked 
| 122|0x0000000087a00000, 0x0000000087b00000, 0x0000000087b00000|100%| O|  |TAMS 0x0000000087b00000, 0x0000000087a00000| Untracked 
| 123|0x0000000087b00000, 0x0000000087c00000, 0x0000000087c00000|100%| O|  |TAMS 0x0000000087c00000, 0x0000000087b00000| Untracked 
| 124|0x0000000087c00000, 0x0000000087d00000, 0x0000000087d00000|100%| O|  |TAMS 0x0000000087d00000, 0x0000000087c00000| Untracked 
| 125|0x0000000087d00000, 0x0000000087e00000, 0x0000000087e00000|100%| O|  |TAMS 0x0000000087e00000, 0x0000000087d00000| Untracked 
| 126|0x0000000087e00000, 0x0000000087f00000, 0x0000000087f00000|100%| O|  |TAMS 0x0000000087f00000, 0x0000000087e00000| Untracked 
| 127|0x0000000087f00000, 0x0000000088000000, 0x0000000088000000|100%| O|  |TAMS 0x0000000088000000, 0x0000000087f00000| Untracked 
| 128|0x0000000088000000, 0x0000000088100000, 0x0000000088100000|100%| O|  |TAMS 0x0000000088100000, 0x0000000088000000| Untracked 
| 129|0x0000000088100000, 0x0000000088200000, 0x0000000088200000|100%| O|  |TAMS 0x0000000088200000, 0x0000000088100000| Untracked 
| 130|0x0000000088200000, 0x0000000088300000, 0x0000000088300000|100%| O|  |TAMS 0x0000000088300000, 0x0000000088200000| Untracked 
| 131|0x0000000088300000, 0x0000000088400000, 0x0000000088400000|100%|HS|  |TAMS 0x0000000088400000, 0x0000000088300000| Complete 
| 132|0x0000000088400000, 0x0000000088500000, 0x0000000088500000|100%|HS|  |TAMS 0x0000000088500000, 0x0000000088400000| Complete 
| 133|0x0000000088500000, 0x0000000088600000, 0x0000000088600000|100%| O|  |TAMS 0x0000000088600000, 0x0000000088500000| Untracked 
| 134|0x0000000088600000, 0x0000000088700000, 0x0000000088700000|100%|HS|  |TAMS 0x0000000088700000, 0x0000000088600000| Complete 
| 135|0x0000000088700000, 0x0000000088800000, 0x0000000088800000|100%|HC|  |TAMS 0x0000000088800000, 0x0000000088700000| Complete 
| 136|0x0000000088800000, 0x0000000088900000, 0x0000000088900000|100%| O|  |TAMS 0x0000000088900000, 0x0000000088800000| Untracked 
| 137|0x0000000088900000, 0x0000000088a00000, 0x0000000088a00000|100%| O|  |TAMS 0x0000000088a00000, 0x0000000088900000| Untracked 
| 138|0x0000000088a00000, 0x0000000088b00000, 0x0000000088b00000|100%| O|  |TAMS 0x0000000088b00000, 0x0000000088a00000| Untracked 
| 139|0x0000000088b00000, 0x0000000088c00000, 0x0000000088c00000|100%| O|  |TAMS 0x0000000088c00000, 0x0000000088b00000| Untracked 
| 140|0x0000000088c00000, 0x0000000088d00000, 0x0000000088d00000|100%| O|  |TAMS 0x0000000088d00000, 0x0000000088c00000| Untracked 
| 141|0x0000000088d00000, 0x0000000088e00000, 0x0000000088e00000|100%| O|  |TAMS 0x0000000088e00000, 0x0000000088d00000| Untracked 
| 142|0x0000000088e00000, 0x0000000088f00000, 0x0000000088f00000|100%| O|  |TAMS 0x0000000088f00000, 0x0000000088e00000| Untracked 
| 143|0x0000000088f00000, 0x0000000089000000, 0x0000000089000000|100%| O|  |TAMS 0x0000000089000000, 0x0000000088f00000| Untracked 
| 144|0x0000000089000000, 0x0000000089100000, 0x0000000089100000|100%| O|  |TAMS 0x0000000089100000, 0x0000000089000000| Untracked 
| 145|0x0000000089100000, 0x0000000089200000, 0x0000000089200000|100%| O|  |TAMS 0x0000000089200000, 0x0000000089100000| Untracked 
| 146|0x0000000089200000, 0x0000000089300000, 0x0000000089300000|100%| O|  |TAMS 0x0000000089300000, 0x0000000089200000| Untracked 
| 147|0x0000000089300000, 0x0000000089400000, 0x0000000089400000|100%| O|  |TAMS 0x0000000089400000, 0x0000000089300000| Untracked 
| 148|0x0000000089400000, 0x0000000089500000, 0x0000000089500000|100%| O|  |TAMS 0x0000000089500000, 0x0000000089400000| Untracked 
| 149|0x0000000089500000, 0x0000000089600000, 0x0000000089600000|100%| O|  |TAMS 0x0000000089600000, 0x0000000089500000| Untracked 
| 150|0x0000000089600000, 0x0000000089700000, 0x0000000089700000|100%| O|  |TAMS 0x0000000089700000, 0x0000000089600000| Untracked 
| 151|0x0000000089700000, 0x0000000089800000, 0x0000000089800000|100%| O|  |TAMS 0x0000000089800000, 0x0000000089700000| Untracked 
| 152|0x0000000089800000, 0x0000000089900000, 0x0000000089900000|100%|HS|  |TAMS 0x0000000089900000, 0x0000000089800000| Complete 
| 153|0x0000000089900000, 0x0000000089a00000, 0x0000000089a00000|100%|HS|  |TAMS 0x0000000089a00000, 0x0000000089900000| Complete 
| 154|0x0000000089a00000, 0x0000000089b00000, 0x0000000089b00000|100%|HS|  |TAMS 0x0000000089b00000, 0x0000000089a00000| Complete 
| 155|0x0000000089b00000, 0x0000000089c00000, 0x0000000089c00000|100%| O|  |TAMS 0x0000000089c00000, 0x0000000089b00000| Untracked 
| 156|0x0000000089c00000, 0x0000000089d00000, 0x0000000089d00000|100%| O|  |TAMS 0x0000000089d00000, 0x0000000089c00000| Untracked 
| 157|0x0000000089d00000, 0x0000000089e00000, 0x0000000089e00000|100%| O|  |TAMS 0x0000000089e00000, 0x0000000089d00000| Untracked 
| 158|0x0000000089e00000, 0x0000000089f00000, 0x0000000089f00000|100%|HS|  |TAMS 0x0000000089e00000, 0x0000000089e00000| Complete 
| 159|0x0000000089f00000, 0x000000008a000000, 0x000000008a000000|100%| O|  |TAMS 0x000000008a000000, 0x0000000089f00000| Untracked 
| 160|0x000000008a000000, 0x000000008a100000, 0x000000008a100000|100%| O|  |TAMS 0x000000008a100000, 0x000000008a000000| Untracked 
| 161|0x000000008a100000, 0x000000008a200000, 0x000000008a200000|100%| O|  |TAMS 0x000000008a200000, 0x000000008a100000| Untracked 
| 162|0x000000008a200000, 0x000000008a300000, 0x000000008a300000|100%| O|  |TAMS 0x000000008a300000, 0x000000008a200000| Untracked 
| 163|0x000000008a300000, 0x000000008a400000, 0x000000008a400000|100%| O|  |TAMS 0x000000008a400000, 0x000000008a300000| Untracked 
| 164|0x000000008a400000, 0x000000008a500000, 0x000000008a500000|100%| O|  |TAMS 0x000000008a500000, 0x000000008a400000| Untracked 
| 165|0x000000008a500000, 0x000000008a600000, 0x000000008a600000|100%| O|  |TAMS 0x000000008a600000, 0x000000008a500000| Untracked 
| 166|0x000000008a600000, 0x000000008a700000, 0x000000008a700000|100%| O|  |TAMS 0x000000008a700000, 0x000000008a600000| Untracked 
| 167|0x000000008a700000, 0x000000008a800000, 0x000000008a800000|100%| O|  |TAMS 0x000000008a800000, 0x000000008a700000| Untracked 
| 168|0x000000008a800000, 0x000000008a900000, 0x000000008a900000|100%| O|  |TAMS 0x000000008a900000, 0x000000008a800000| Untracked 
| 169|0x000000008a900000, 0x000000008aa00000, 0x000000008aa00000|100%| O|  |TAMS 0x000000008aa00000, 0x000000008a900000| Untracked 
| 170|0x000000008aa00000, 0x000000008ab00000, 0x000000008ab00000|100%| O|  |TAMS 0x000000008ab00000, 0x000000008aa00000| Untracked 
| 171|0x000000008ab00000, 0x000000008ac00000, 0x000000008ac00000|100%| O|  |TAMS 0x000000008ac00000, 0x000000008ab00000| Untracked 
| 172|0x000000008ac00000, 0x000000008ad00000, 0x000000008ad00000|100%| O|  |TAMS 0x000000008ad00000, 0x000000008ac00000| Untracked 
| 173|0x000000008ad00000, 0x000000008ae00000, 0x000000008ae00000|100%| O|  |TAMS 0x000000008ae00000, 0x000000008ad00000| Untracked 
| 174|0x000000008ae00000, 0x000000008af00000, 0x000000008af00000|100%| O|  |TAMS 0x000000008af00000, 0x000000008ae00000| Untracked 
| 175|0x000000008af00000, 0x000000008b000000, 0x000000008b000000|100%| O|  |TAMS 0x000000008b000000, 0x000000008af00000| Untracked 
| 176|0x000000008b000000, 0x000000008b100000, 0x000000008b100000|100%| O|  |TAMS 0x000000008b100000, 0x000000008b000000| Untracked 
| 177|0x000000008b100000, 0x000000008b200000, 0x000000008b200000|100%| O|  |TAMS 0x000000008b200000, 0x000000008b100000| Untracked 
| 178|0x000000008b200000, 0x000000008b300000, 0x000000008b300000|100%| O|  |TAMS 0x000000008b300000, 0x000000008b200000| Untracked 
| 179|0x000000008b300000, 0x000000008b400000, 0x000000008b400000|100%| O|  |TAMS 0x000000008b400000, 0x000000008b300000| Untracked 
| 180|0x000000008b400000, 0x000000008b500000, 0x000000008b500000|100%| O|  |TAMS 0x000000008b500000, 0x000000008b400000| Untracked 
| 181|0x000000008b500000, 0x000000008b600000, 0x000000008b600000|100%| O|  |TAMS 0x000000008b600000, 0x000000008b500000| Untracked 
| 182|0x000000008b600000, 0x000000008b700000, 0x000000008b700000|100%| O|  |TAMS 0x000000008b700000, 0x000000008b600000| Untracked 
| 183|0x000000008b700000, 0x000000008b800000, 0x000000008b800000|100%| O|  |TAMS 0x000000008b800000, 0x000000008b700000| Untracked 
| 184|0x000000008b800000, 0x000000008b900000, 0x000000008b900000|100%| O|  |TAMS 0x000000008b900000, 0x000000008b800000| Untracked 
| 185|0x000000008b900000, 0x000000008ba00000, 0x000000008ba00000|100%| O|  |TAMS 0x000000008ba00000, 0x000000008b900000| Untracked 
| 186|0x000000008ba00000, 0x000000008bb00000, 0x000000008bb00000|100%| O|  |TAMS 0x000000008bb00000, 0x000000008ba00000| Untracked 
| 187|0x000000008bb00000, 0x000000008bc00000, 0x000000008bc00000|100%| O|  |TAMS 0x000000008bc00000, 0x000000008bb00000| Untracked 
| 188|0x000000008bc00000, 0x000000008bd00000, 0x000000008bd00000|100%| O|  |TAMS 0x000000008bd00000, 0x000000008bc00000| Untracked 
| 189|0x000000008bd00000, 0x000000008be00000, 0x000000008be00000|100%| O|  |TAMS 0x000000008be00000, 0x000000008bd00000| Untracked 
| 190|0x000000008be00000, 0x000000008bf00000, 0x000000008bf00000|100%| O|  |TAMS 0x000000008bf00000, 0x000000008be00000| Untracked 
| 191|0x000000008bf00000, 0x000000008c000000, 0x000000008c000000|100%| O|  |TAMS 0x000000008c000000, 0x000000008bf00000| Untracked 
| 192|0x000000008c000000, 0x000000008c100000, 0x000000008c100000|100%| O|  |TAMS 0x000000008c100000, 0x000000008c000000| Untracked 
| 193|0x000000008c100000, 0x000000008c200000, 0x000000008c200000|100%| O|  |TAMS 0x000000008c200000, 0x000000008c100000| Untracked 
| 194|0x000000008c200000, 0x000000008c300000, 0x000000008c300000|100%| O|  |TAMS 0x000000008c300000, 0x000000008c200000| Untracked 
| 195|0x000000008c300000, 0x000000008c400000, 0x000000008c400000|100%| O|  |TAMS 0x000000008c400000, 0x000000008c300000| Untracked 
| 196|0x000000008c400000, 0x000000008c500000, 0x000000008c500000|100%| O|  |TAMS 0x000000008c500000, 0x000000008c400000| Untracked 
| 197|0x000000008c500000, 0x000000008c600000, 0x000000008c600000|100%| O|  |TAMS 0x000000008c600000, 0x000000008c500000| Untracked 
| 198|0x000000008c600000, 0x000000008c700000, 0x000000008c700000|100%| O|  |TAMS 0x000000008c700000, 0x000000008c600000| Untracked 
| 199|0x000000008c700000, 0x000000008c800000, 0x000000008c800000|100%| O|  |TAMS 0x000000008c800000, 0x000000008c700000| Untracked 
| 200|0x000000008c800000, 0x000000008c900000, 0x000000008c900000|100%| O|  |TAMS 0x000000008c900000, 0x000000008c800000| Untracked 
| 201|0x000000008c900000, 0x000000008ca00000, 0x000000008ca00000|100%| O|  |TAMS 0x000000008ca00000, 0x000000008c900000| Untracked 
| 202|0x000000008ca00000, 0x000000008cb00000, 0x000000008cb00000|100%| O|  |TAMS 0x000000008cb00000, 0x000000008ca00000| Untracked 
| 203|0x000000008cb00000, 0x000000008cc00000, 0x000000008cc00000|100%| O|  |TAMS 0x000000008cc00000, 0x000000008cb00000| Untracked 
| 204|0x000000008cc00000, 0x000000008cd00000, 0x000000008cd00000|100%| O|  |TAMS 0x000000008cd00000, 0x000000008cc00000| Untracked 
| 205|0x000000008cd00000, 0x000000008ce00000, 0x000000008ce00000|100%| O|  |TAMS 0x000000008ce00000, 0x000000008cd00000| Untracked 
| 206|0x000000008ce00000, 0x000000008cf00000, 0x000000008cf00000|100%|HS|  |TAMS 0x000000008cf00000, 0x000000008ce00000| Complete 
| 207|0x000000008cf00000, 0x000000008d000000, 0x000000008d000000|100%| O|  |TAMS 0x000000008d000000, 0x000000008cf00000| Untracked 
| 208|0x000000008d000000, 0x000000008d100000, 0x000000008d100000|100%| O|  |TAMS 0x000000008d100000, 0x000000008d000000| Untracked 
| 209|0x000000008d100000, 0x000000008d200000, 0x000000008d200000|100%|HS|  |TAMS 0x000000008d100000, 0x000000008d100000| Complete 
| 210|0x000000008d200000, 0x000000008d300000, 0x000000008d300000|100%|HS|  |TAMS 0x000000008d200000, 0x000000008d200000| Complete 
| 211|0x000000008d300000, 0x000000008d400000, 0x000000008d400000|100%| O|  |TAMS 0x000000008d400000, 0x000000008d300000| Untracked 
| 212|0x000000008d400000, 0x000000008d500000, 0x000000008d500000|100%| O|  |TAMS 0x000000008d500000, 0x000000008d400000| Untracked 
| 213|0x000000008d500000, 0x000000008d600000, 0x000000008d600000|100%| O|  |TAMS 0x000000008d600000, 0x000000008d500000| Untracked 
| 214|0x000000008d600000, 0x000000008d700000, 0x000000008d700000|100%| O|  |TAMS 0x000000008d700000, 0x000000008d600000| Untracked 
| 215|0x000000008d700000, 0x000000008d800000, 0x000000008d800000|100%| O|  |TAMS 0x000000008d800000, 0x000000008d700000| Untracked 
| 216|0x000000008d800000, 0x000000008d900000, 0x000000008d900000|100%| O|  |TAMS 0x000000008d900000, 0x000000008d800000| Untracked 
| 217|0x000000008d900000, 0x000000008da00000, 0x000000008da00000|100%| O|  |TAMS 0x000000008da00000, 0x000000008d900000| Untracked 
| 218|0x000000008da00000, 0x000000008db00000, 0x000000008db00000|100%| O|  |TAMS 0x000000008db00000, 0x000000008da00000| Untracked 
| 219|0x000000008db00000, 0x000000008dc00000, 0x000000008dc00000|100%| O|  |TAMS 0x000000008dc00000, 0x000000008db00000| Untracked 
| 220|0x000000008dc00000, 0x000000008dd00000, 0x000000008dd00000|100%| O|  |TAMS 0x000000008dd00000, 0x000000008dc00000| Untracked 
| 221|0x000000008dd00000, 0x000000008de00000, 0x000000008de00000|100%| O|  |TAMS 0x000000008de00000, 0x000000008dd00000| Untracked 
| 222|0x000000008de00000, 0x000000008df00000, 0x000000008df00000|100%| O|  |TAMS 0x000000008df00000, 0x000000008de00000| Untracked 
| 223|0x000000008df00000, 0x000000008e000000, 0x000000008e000000|100%| O|  |TAMS 0x000000008e000000, 0x000000008df00000| Untracked 
| 224|0x000000008e000000, 0x000000008e100000, 0x000000008e100000|100%| O|  |TAMS 0x000000008e100000, 0x000000008e000000| Untracked 
| 225|0x000000008e100000, 0x000000008e200000, 0x000000008e200000|100%| O|  |TAMS 0x000000008e200000, 0x000000008e100000| Untracked 
| 226|0x000000008e200000, 0x000000008e300000, 0x000000008e300000|100%| O|  |TAMS 0x000000008e300000, 0x000000008e200000| Untracked 
| 227|0x000000008e300000, 0x000000008e400000, 0x000000008e400000|100%| O|  |TAMS 0x000000008e400000, 0x000000008e300000| Untracked 
| 228|0x000000008e400000, 0x000000008e500000, 0x000000008e500000|100%| O|  |TAMS 0x000000008e500000, 0x000000008e400000| Untracked 
| 229|0x000000008e500000, 0x000000008e600000, 0x000000008e600000|100%| O|  |TAMS 0x000000008e600000, 0x000000008e500000| Untracked 
| 230|0x000000008e600000, 0x000000008e700000, 0x000000008e700000|100%| O|  |TAMS 0x000000008e700000, 0x000000008e600000| Untracked 
| 231|0x000000008e700000, 0x000000008e800000, 0x000000008e800000|100%| O|  |TAMS 0x000000008e800000, 0x000000008e700000| Untracked 
| 232|0x000000008e800000, 0x000000008e900000, 0x000000008e900000|100%| O|  |TAMS 0x000000008e900000, 0x000000008e800000| Untracked 
| 233|0x000000008e900000, 0x000000008ea00000, 0x000000008ea00000|100%| O|  |TAMS 0x000000008ea00000, 0x000000008e900000| Untracked 
| 234|0x000000008ea00000, 0x000000008eb00000, 0x000000008eb00000|100%| O|  |TAMS 0x000000008eb00000, 0x000000008ea00000| Untracked 
| 235|0x000000008eb00000, 0x000000008ec00000, 0x000000008ec00000|100%| O|  |TAMS 0x000000008ec00000, 0x000000008eb00000| Untracked 
| 236|0x000000008ec00000, 0x000000008ed00000, 0x000000008ed00000|100%| O|  |TAMS 0x000000008ed00000, 0x000000008ec00000| Untracked 
| 237|0x000000008ed00000, 0x000000008ee00000, 0x000000008ee00000|100%| O|  |TAMS 0x000000008ee00000, 0x000000008ed00000| Untracked 
| 238|0x000000008ee00000, 0x000000008ef00000, 0x000000008ef00000|100%| O|  |TAMS 0x000000008ef00000, 0x000000008ee00000| Untracked 
| 239|0x000000008ef00000, 0x000000008f000000, 0x000000008f000000|100%| O|  |TAMS 0x000000008f000000, 0x000000008ef00000| Untracked 
| 240|0x000000008f000000, 0x000000008f100000, 0x000000008f100000|100%| O|  |TAMS 0x000000008f100000, 0x000000008f000000| Untracked 
| 241|0x000000008f100000, 0x000000008f200000, 0x000000008f200000|100%| O|  |TAMS 0x000000008f200000, 0x000000008f100000| Untracked 
| 242|0x000000008f200000, 0x000000008f300000, 0x000000008f300000|100%| O|  |TAMS 0x000000008f300000, 0x000000008f200000| Untracked 
| 243|0x000000008f300000, 0x000000008f400000, 0x000000008f400000|100%| O|  |TAMS 0x000000008f400000, 0x000000008f300000| Complete 
| 244|0x000000008f400000, 0x000000008f500000, 0x000000008f500000|100%| O|  |TAMS 0x000000008f500000, 0x000000008f400000| Untracked 
| 245|0x000000008f500000, 0x000000008f600000, 0x000000008f600000|100%| O|  |TAMS 0x000000008f600000, 0x000000008f500000| Untracked 
| 246|0x000000008f600000, 0x000000008f700000, 0x000000008f700000|100%| O|  |TAMS 0x000000008f700000, 0x000000008f600000| Untracked 
| 247|0x000000008f700000, 0x000000008f800000, 0x000000008f800000|100%| O|  |TAMS 0x000000008f800000, 0x000000008f700000| Untracked 
| 248|0x000000008f800000, 0x000000008f900000, 0x000000008f900000|100%| O|  |TAMS 0x000000008f900000, 0x000000008f800000| Untracked 
| 249|0x000000008f900000, 0x000000008fa00000, 0x000000008fa00000|100%| O|  |TAMS 0x000000008fa00000, 0x000000008f900000| Untracked 
| 250|0x000000008fa00000, 0x000000008fb00000, 0x000000008fb00000|100%| O|  |TAMS 0x000000008fb00000, 0x000000008fa00000| Untracked 
| 251|0x000000008fb00000, 0x000000008fc00000, 0x000000008fc00000|100%| O|  |TAMS 0x000000008fc00000, 0x000000008fb00000| Untracked 
| 252|0x000000008fc00000, 0x000000008fd00000, 0x000000008fd00000|100%| O|  |TAMS 0x000000008fd00000, 0x000000008fc00000| Untracked 
| 253|0x000000008fd00000, 0x000000008fe00000, 0x000000008fe00000|100%| O|  |TAMS 0x000000008fe00000, 0x000000008fd00000| Untracked 
| 254|0x000000008fe00000, 0x000000008ff00000, 0x000000008ff00000|100%| O|  |TAMS 0x000000008ff00000, 0x000000008fe00000| Untracked 
| 255|0x000000008ff00000, 0x0000000090000000, 0x0000000090000000|100%| O|  |TAMS 0x0000000090000000, 0x000000008ff00000| Untracked 
| 256|0x0000000090000000, 0x0000000090100000, 0x0000000090100000|100%| O|  |TAMS 0x0000000090100000, 0x0000000090000000| Untracked 
| 257|0x0000000090100000, 0x0000000090200000, 0x0000000090200000|100%| O|  |TAMS 0x0000000090200000, 0x0000000090100000| Complete 
| 258|0x0000000090200000, 0x0000000090300000, 0x0000000090300000|100%| O|  |TAMS 0x0000000090300000, 0x0000000090200000| Untracked 
| 259|0x0000000090300000, 0x0000000090400000, 0x0000000090400000|100%| O|  |TAMS 0x0000000090400000, 0x0000000090300000| Untracked 
| 260|0x0000000090400000, 0x0000000090500000, 0x0000000090500000|100%| O|  |TAMS 0x0000000090500000, 0x0000000090400000| Complete 
| 261|0x0000000090500000, 0x0000000090600000, 0x0000000090600000|100%| O|  |TAMS 0x0000000090600000, 0x0000000090500000| Untracked 
| 262|0x0000000090600000, 0x0000000090700000, 0x0000000090700000|100%| O|  |TAMS 0x0000000090700000, 0x0000000090600000| Untracked 
| 263|0x0000000090700000, 0x0000000090800000, 0x0000000090800000|100%| O|  |TAMS 0x0000000090800000, 0x0000000090700000| Untracked 
| 264|0x0000000090800000, 0x0000000090900000, 0x0000000090900000|100%| O|  |TAMS 0x0000000090900000, 0x0000000090800000| Untracked 
| 265|0x0000000090900000, 0x0000000090a00000, 0x0000000090a00000|100%| O|  |TAMS 0x0000000090a00000, 0x0000000090900000| Untracked 
| 266|0x0000000090a00000, 0x0000000090b00000, 0x0000000090b00000|100%| O|  |TAMS 0x0000000090b00000, 0x0000000090a00000| Untracked 
| 267|0x0000000090b00000, 0x0000000090c00000, 0x0000000090c00000|100%| O|  |TAMS 0x0000000090c00000, 0x0000000090b00000| Untracked 
| 268|0x0000000090c00000, 0x0000000090d00000, 0x0000000090d00000|100%| O|  |TAMS 0x0000000090d00000, 0x0000000090c00000| Untracked 
| 269|0x0000000090d00000, 0x0000000090e00000, 0x0000000090e00000|100%| O|  |TAMS 0x0000000090e00000, 0x0000000090d00000| Untracked 
| 270|0x0000000090e00000, 0x0000000090f00000, 0x0000000090f00000|100%| O|  |TAMS 0x0000000090f00000, 0x0000000090e00000| Untracked 
| 271|0x0000000090f00000, 0x0000000091000000, 0x0000000091000000|100%| O|  |TAMS 0x0000000091000000, 0x0000000090f00000| Untracked 
| 272|0x0000000091000000, 0x0000000091100000, 0x0000000091100000|100%| O|  |TAMS 0x0000000091100000, 0x0000000091000000| Untracked 
| 273|0x0000000091100000, 0x0000000091200000, 0x0000000091200000|100%|HS|  |TAMS 0x0000000091200000, 0x0000000091100000| Complete 
| 274|0x0000000091200000, 0x0000000091300000, 0x0000000091300000|100%| O|  |TAMS 0x0000000091300000, 0x0000000091200000| Complete 
| 275|0x0000000091300000, 0x0000000091400000, 0x0000000091400000|100%|HS|  |TAMS 0x0000000091300000, 0x0000000091300000| Complete 
| 276|0x0000000091400000, 0x0000000091500000, 0x0000000091500000|100%| O|  |TAMS 0x0000000091500000, 0x0000000091400000| Untracked 
| 277|0x0000000091500000, 0x0000000091600000, 0x0000000091600000|100%| O|  |TAMS 0x0000000091600000, 0x0000000091500000| Complete 
| 278|0x0000000091600000, 0x0000000091700000, 0x0000000091700000|100%| O|  |TAMS 0x0000000091700000, 0x0000000091600000| Complete 
| 279|0x0000000091700000, 0x0000000091800000, 0x0000000091800000|100%| O|  |TAMS 0x0000000091800000, 0x0000000091700000| Complete 
| 280|0x0000000091800000, 0x0000000091900000, 0x0000000091900000|100%| O|  |TAMS 0x0000000091900000, 0x0000000091800000| Complete 
| 281|0x0000000091900000, 0x0000000091a00000, 0x0000000091a00000|100%| O|  |TAMS 0x0000000091a00000, 0x0000000091900000| Untracked 
| 282|0x0000000091a00000, 0x0000000091b00000, 0x0000000091b00000|100%| O|  |TAMS 0x0000000091b00000, 0x0000000091a00000| Untracked 
| 283|0x0000000091b00000, 0x0000000091c00000, 0x0000000091c00000|100%| O|  |TAMS 0x0000000091c00000, 0x0000000091b00000| Complete 
| 284|0x0000000091c00000, 0x0000000091d00000, 0x0000000091d00000|100%| O|  |TAMS 0x0000000091d00000, 0x0000000091c00000| Complete 
| 285|0x0000000091d00000, 0x0000000091e00000, 0x0000000091e00000|100%| O|  |TAMS 0x0000000091e00000, 0x0000000091d00000| Untracked 
| 286|0x0000000091e00000, 0x0000000091f00000, 0x0000000091f00000|100%| O|  |TAMS 0x0000000091f00000, 0x0000000091e00000| Untracked 
| 287|0x0000000091f00000, 0x0000000092000000, 0x0000000092000000|100%|HS|  |TAMS 0x0000000091f00000, 0x0000000091f00000| Complete 
| 288|0x0000000092000000, 0x0000000092100000, 0x0000000092100000|100%|HC|  |TAMS 0x0000000092000000, 0x0000000092000000| Complete 
| 289|0x0000000092100000, 0x0000000092200000, 0x0000000092200000|100%| O|  |TAMS 0x0000000092200000, 0x0000000092100000| Untracked 
| 290|0x0000000092200000, 0x0000000092300000, 0x0000000092300000|100%| O|  |TAMS 0x0000000092300000, 0x0000000092200000| Untracked 
| 291|0x0000000092300000, 0x0000000092400000, 0x0000000092400000|100%|HS|  |TAMS 0x0000000092300000, 0x0000000092300000| Complete 
| 292|0x0000000092400000, 0x0000000092500000, 0x0000000092500000|100%|HS|  |TAMS 0x0000000092400000, 0x0000000092400000| Complete 
| 293|0x0000000092500000, 0x0000000092600000, 0x0000000092600000|100%| O|  |TAMS 0x0000000092600000, 0x0000000092500000| Untracked 
| 294|0x0000000092600000, 0x0000000092700000, 0x0000000092700000|100%| O|  |TAMS 0x0000000092700000, 0x0000000092600000| Untracked 
| 295|0x0000000092700000, 0x0000000092700000, 0x0000000092800000|  0%| F|  |TAMS 0x0000000092700000, 0x0000000092700000| Untracked 
| 296|0x0000000092800000, 0x0000000092900000, 0x0000000092900000|100%| O|  |TAMS 0x0000000092900000, 0x0000000092800000| Complete 
| 297|0x0000000092900000, 0x0000000092900000, 0x0000000092a00000|  0%| F|  |TAMS 0x0000000092900000, 0x0000000092900000| Untracked 
| 298|0x0000000092a00000, 0x0000000092b00000, 0x0000000092b00000|100%| O|  |TAMS 0x0000000092b00000, 0x0000000092a00000| Untracked 
| 299|0x0000000092b00000, 0x0000000092c00000, 0x0000000092c00000|100%| O|  |TAMS 0x0000000092c00000, 0x0000000092b00000| Complete 
| 300|0x0000000092c00000, 0x0000000092d00000, 0x0000000092d00000|100%| O|  |TAMS 0x0000000092d00000, 0x0000000092c00000| Complete 
| 301|0x0000000092d00000, 0x0000000092e00000, 0x0000000092e00000|100%| O|  |TAMS 0x0000000092e00000, 0x0000000092d00000| Complete 
| 302|0x0000000092e00000, 0x0000000092f00000, 0x0000000092f00000|100%| O|  |TAMS 0x0000000092f00000, 0x0000000092e00000| Complete 
| 303|0x0000000092f00000, 0x0000000093000000, 0x0000000093000000|100%| O|  |TAMS 0x0000000093000000, 0x0000000092f00000| Complete 
| 304|0x0000000093000000, 0x0000000093000000, 0x0000000093100000|  0%| F|  |TAMS 0x0000000093000000, 0x0000000093000000| Untracked 
| 305|0x0000000093100000, 0x0000000093200000, 0x0000000093200000|100%| O|  |TAMS 0x0000000093200000, 0x0000000093100000| Complete 
| 306|0x0000000093200000, 0x0000000093300000, 0x0000000093300000|100%| O|  |TAMS 0x0000000093300000, 0x0000000093200000| Untracked 
| 307|0x0000000093300000, 0x0000000093400000, 0x0000000093400000|100%| O|  |TAMS 0x0000000093400000, 0x0000000093300000| Complete 
| 308|0x0000000093400000, 0x0000000093500000, 0x0000000093500000|100%| O|  |TAMS 0x0000000093500000, 0x0000000093400000| Untracked 
| 309|0x0000000093500000, 0x0000000093600000, 0x0000000093600000|100%| O|  |TAMS 0x0000000093600000, 0x0000000093500000| Untracked 
| 310|0x0000000093600000, 0x0000000093600000, 0x0000000093700000|  0%| F|  |TAMS 0x0000000093600000, 0x0000000093600000| Untracked 
| 311|0x0000000093700000, 0x0000000093800000, 0x0000000093800000|100%| O|  |TAMS 0x0000000093800000, 0x0000000093700000| Untracked 
| 312|0x0000000093800000, 0x0000000093900000, 0x0000000093900000|100%| O|  |TAMS 0x0000000093900000, 0x0000000093800000| Untracked 
| 313|0x0000000093900000, 0x0000000093a00000, 0x0000000093a00000|100%| O|  |TAMS 0x0000000093a00000, 0x0000000093900000| Untracked 
| 314|0x0000000093a00000, 0x0000000093b00000, 0x0000000093b00000|100%| O|  |TAMS 0x0000000093b00000, 0x0000000093a00000| Untracked 
| 315|0x0000000093b00000, 0x0000000093c00000, 0x0000000093c00000|100%| O|  |TAMS 0x0000000093c00000, 0x0000000093b00000| Untracked 
| 316|0x0000000093c00000, 0x0000000093d00000, 0x0000000093d00000|100%| O|  |TAMS 0x0000000093d00000, 0x0000000093c00000| Untracked 
| 317|0x0000000093d00000, 0x0000000093e00000, 0x0000000093e00000|100%|HS|  |TAMS 0x0000000093e00000, 0x0000000093d00000| Complete 
| 318|0x0000000093e00000, 0x0000000093f00000, 0x0000000093f00000|100%|HC|  |TAMS 0x0000000093f00000, 0x0000000093e00000| Complete 
| 319|0x0000000093f00000, 0x0000000094000000, 0x0000000094000000|100%| O|  |TAMS 0x0000000094000000, 0x0000000093f00000| Untracked 
| 320|0x0000000094000000, 0x0000000094000000, 0x0000000094100000|  0%| F|  |TAMS 0x0000000094000000, 0x0000000094000000| Untracked 
| 321|0x0000000094100000, 0x0000000094200000, 0x0000000094200000|100%| O|  |TAMS 0x0000000094200000, 0x0000000094100000| Untracked 
| 322|0x0000000094200000, 0x0000000094300000, 0x0000000094300000|100%| O|  |TAMS 0x0000000094300000, 0x0000000094200000| Untracked 
| 323|0x0000000094300000, 0x0000000094400000, 0x0000000094400000|100%| O|  |TAMS 0x0000000094400000, 0x0000000094300000| Untracked 
| 324|0x0000000094400000, 0x0000000094500000, 0x0000000094500000|100%| O|  |TAMS 0x0000000094500000, 0x0000000094400000| Untracked 
| 325|0x0000000094500000, 0x0000000094600000, 0x0000000094600000|100%| O|  |TAMS 0x0000000094600000, 0x0000000094500000| Untracked 
| 326|0x0000000094600000, 0x0000000094600000, 0x0000000094700000|  0%| F|  |TAMS 0x0000000094600000, 0x0000000094600000| Untracked 
| 327|0x0000000094700000, 0x0000000094800000, 0x0000000094800000|100%| O|  |TAMS 0x0000000094800000, 0x0000000094700000| Untracked 
| 328|0x0000000094800000, 0x0000000094900000, 0x0000000094900000|100%| O|  |TAMS 0x0000000094900000, 0x0000000094800000| Untracked 
| 329|0x0000000094900000, 0x0000000094a00000, 0x0000000094a00000|100%| O|  |TAMS 0x0000000094a00000, 0x0000000094900000| Untracked 
| 330|0x0000000094a00000, 0x0000000094b00000, 0x0000000094b00000|100%| O|  |TAMS 0x0000000094b00000, 0x0000000094a00000| Untracked 
| 331|0x0000000094b00000, 0x0000000094c00000, 0x0000000094c00000|100%| O|  |TAMS 0x0000000094c00000, 0x0000000094b00000| Untracked 
| 332|0x0000000094c00000, 0x0000000094d00000, 0x0000000094d00000|100%| O|  |TAMS 0x0000000094d00000, 0x0000000094c00000| Untracked 
| 333|0x0000000094d00000, 0x0000000094dffff8, 0x0000000094e00000| 99%| O|  |TAMS 0x0000000094dffff8, 0x0000000094d00000| Untracked 
| 334|0x0000000094e00000, 0x0000000094f00000, 0x0000000094f00000|100%| O|  |TAMS 0x0000000094f00000, 0x0000000094e00000| Complete 
| 335|0x0000000094f00000, 0x0000000095000000, 0x0000000095000000|100%| O|  |TAMS 0x0000000095000000, 0x0000000094f00000| Untracked 
| 336|0x0000000095000000, 0x0000000095100000, 0x0000000095100000|100%| O|  |TAMS 0x0000000095100000, 0x0000000095000000| Untracked 
| 337|0x0000000095100000, 0x0000000095200000, 0x0000000095200000|100%| O|  |TAMS 0x0000000095200000, 0x0000000095100000| Untracked 
| 338|0x0000000095200000, 0x0000000095300000, 0x0000000095300000|100%|HS|  |TAMS 0x0000000095300000, 0x0000000095200000| Complete 
| 339|0x0000000095300000, 0x0000000095400000, 0x0000000095400000|100%|HC|  |TAMS 0x0000000095400000, 0x0000000095300000| Complete 
| 340|0x0000000095400000, 0x0000000095500000, 0x0000000095500000|100%| O|  |TAMS 0x0000000095500000, 0x0000000095400000| Untracked 
| 341|0x0000000095500000, 0x0000000095600000, 0x0000000095600000|100%| O|  |TAMS 0x0000000095600000, 0x0000000095500000| Untracked 
| 342|0x0000000095600000, 0x0000000095700000, 0x0000000095700000|100%|HS|  |TAMS 0x0000000095600000, 0x0000000095600000| Complete 
| 343|0x0000000095700000, 0x0000000095800000, 0x0000000095800000|100%|HC|  |TAMS 0x0000000095700000, 0x0000000095700000| Complete 
| 344|0x0000000095800000, 0x0000000095900000, 0x0000000095900000|100%| O|  |TAMS 0x0000000095900000, 0x0000000095800000| Complete 
| 345|0x0000000095900000, 0x0000000095a00000, 0x0000000095a00000|100%| O|  |TAMS 0x0000000095a00000, 0x0000000095900000| Complete 
| 346|0x0000000095a00000, 0x0000000095b00000, 0x0000000095b00000|100%| O|  |TAMS 0x0000000095b00000, 0x0000000095a00000| Complete 
| 347|0x0000000095b00000, 0x0000000095c00000, 0x0000000095c00000|100%|HS|  |TAMS 0x0000000095b00000, 0x0000000095b00000| Complete 
| 348|0x0000000095c00000, 0x0000000095d00000, 0x0000000095d00000|100%|HC|  |TAMS 0x0000000095c00000, 0x0000000095c00000| Complete 
| 349|0x0000000095d00000, 0x0000000095e00000, 0x0000000095e00000|100%| O|  |TAMS 0x0000000095e00000, 0x0000000095d00000| Untracked 
| 350|0x0000000095e00000, 0x0000000095f00000, 0x0000000095f00000|100%| O|  |TAMS 0x0000000095f00000, 0x0000000095e00000| Untracked 
| 351|0x0000000095f00000, 0x0000000096000000, 0x0000000096000000|100%| O|  |TAMS 0x0000000096000000, 0x0000000095f00000| Complete 
| 352|0x0000000096000000, 0x0000000096100000, 0x0000000096100000|100%| O|  |TAMS 0x0000000096100000, 0x0000000096000000| Complete 
| 353|0x0000000096100000, 0x0000000096200000, 0x0000000096200000|100%| O|  |TAMS 0x0000000096200000, 0x0000000096100000| Untracked 
| 354|0x0000000096200000, 0x0000000096300000, 0x0000000096300000|100%| O|  |TAMS 0x0000000096300000, 0x0000000096200000| Complete 
| 355|0x0000000096300000, 0x0000000096400000, 0x0000000096400000|100%| O|  |TAMS 0x0000000096400000, 0x0000000096300000| Complete 
| 356|0x0000000096400000, 0x0000000096500000, 0x0000000096500000|100%| O|  |TAMS 0x0000000096500000, 0x0000000096400000| Complete 
| 357|0x0000000096500000, 0x0000000096600000, 0x0000000096600000|100%| O|  |TAMS 0x0000000096600000, 0x0000000096500000| Untracked 
| 358|0x0000000096600000, 0x0000000096600000, 0x0000000096700000|  0%| F|  |TAMS 0x0000000096600000, 0x0000000096600000| Untracked 
| 359|0x0000000096700000, 0x0000000096800000, 0x0000000096800000|100%| O|  |TAMS 0x0000000096800000, 0x0000000096700000| Complete 
| 360|0x0000000096800000, 0x0000000096900000, 0x0000000096900000|100%| O|  |TAMS 0x0000000096900000, 0x0000000096800000| Untracked 
| 361|0x0000000096900000, 0x0000000096a00000, 0x0000000096a00000|100%| O|  |TAMS 0x0000000096a00000, 0x0000000096900000| Complete 
| 362|0x0000000096a00000, 0x0000000096b00000, 0x0000000096b00000|100%| O|  |TAMS 0x0000000096b00000, 0x0000000096a00000| Untracked 
| 363|0x0000000096b00000, 0x0000000096c00000, 0x0000000096c00000|100%| O|  |TAMS 0x0000000096c00000, 0x0000000096b00000| Complete 
| 364|0x0000000096c00000, 0x0000000096c00000, 0x0000000096d00000|  0%| F|  |TAMS 0x0000000096c00000, 0x0000000096c00000| Untracked 
| 365|0x0000000096d00000, 0x0000000096e00000, 0x0000000096e00000|100%| O|  |TAMS 0x0000000096e00000, 0x0000000096d00000| Untracked 
| 366|0x0000000096e00000, 0x0000000096f00000, 0x0000000096f00000|100%| O|  |TAMS 0x0000000096f00000, 0x0000000096e00000| Complete 
| 367|0x0000000096f00000, 0x0000000097000000, 0x0000000097000000|100%| O|  |TAMS 0x0000000097000000, 0x0000000096f00000| Complete 
| 368|0x0000000097000000, 0x0000000097000000, 0x0000000097100000|  0%| F|  |TAMS 0x0000000097000000, 0x0000000097000000| Untracked 
| 369|0x0000000097100000, 0x0000000097200000, 0x0000000097200000|100%| O|  |TAMS 0x0000000097200000, 0x0000000097100000| Untracked 
| 370|0x0000000097200000, 0x0000000097200000, 0x0000000097300000|  0%| F|  |TAMS 0x0000000097200000, 0x0000000097200000| Untracked 
| 371|0x0000000097300000, 0x0000000097300000, 0x0000000097400000|  0%| F|  |TAMS 0x0000000097300000, 0x0000000097300000| Untracked 
| 372|0x0000000097400000, 0x0000000097500000, 0x0000000097500000|100%| O|  |TAMS 0x0000000097500000, 0x0000000097400000| Complete 
| 373|0x0000000097500000, 0x0000000097600000, 0x0000000097600000|100%| O|  |TAMS 0x0000000097600000, 0x0000000097500000| Untracked 
| 374|0x0000000097600000, 0x0000000097700000, 0x0000000097700000|100%| O|  |TAMS 0x0000000097700000, 0x0000000097600000| Untracked 
| 375|0x0000000097700000, 0x0000000097800000, 0x0000000097800000|100%| O|  |TAMS 0x0000000097800000, 0x0000000097700000| Untracked 
| 376|0x0000000097800000, 0x0000000097900000, 0x0000000097900000|100%| O|  |TAMS 0x0000000097900000, 0x0000000097800000| Untracked 
| 377|0x0000000097900000, 0x0000000097a00000, 0x0000000097a00000|100%| O|  |TAMS 0x0000000097a00000, 0x0000000097900000| Untracked 
| 378|0x0000000097a00000, 0x0000000097b00000, 0x0000000097b00000|100%| O|  |TAMS 0x0000000097b00000, 0x0000000097a00000| Untracked 
| 379|0x0000000097b00000, 0x0000000097c00000, 0x0000000097c00000|100%| O|  |TAMS 0x0000000097c00000, 0x0000000097b00000| Untracked 
| 380|0x0000000097c00000, 0x0000000097d00000, 0x0000000097d00000|100%| O|  |TAMS 0x0000000097d00000, 0x0000000097c00000| Untracked 
| 381|0x0000000097d00000, 0x0000000097d00000, 0x0000000097e00000|  0%| F|  |TAMS 0x0000000097d00000, 0x0000000097d00000| Untracked 
| 382|0x0000000097e00000, 0x0000000097f00000, 0x0000000097f00000|100%| O|  |TAMS 0x0000000097f00000, 0x0000000097e00000| Untracked 
| 383|0x0000000097f00000, 0x0000000098000000, 0x0000000098000000|100%| O|  |TAMS 0x0000000098000000, 0x0000000097f00000| Untracked 
| 384|0x0000000098000000, 0x0000000098100000, 0x0000000098100000|100%|HS|  |TAMS 0x0000000098100000, 0x0000000098000000| Complete 
| 385|0x0000000098100000, 0x0000000098200000, 0x0000000098200000|100%|HC|  |TAMS 0x0000000098200000, 0x0000000098100000| Complete 
| 386|0x0000000098200000, 0x0000000098300000, 0x0000000098300000|100%|HC|  |TAMS 0x0000000098300000, 0x0000000098200000| Complete 
| 387|0x0000000098300000, 0x0000000098400000, 0x0000000098400000|100%|HS|  |TAMS 0x0000000098400000, 0x0000000098300000| Complete 
| 388|0x0000000098400000, 0x0000000098500000, 0x0000000098500000|100%|HC|  |TAMS 0x0000000098500000, 0x0000000098400000| Complete 
| 389|0x0000000098500000, 0x0000000098600000, 0x0000000098600000|100%|HC|  |TAMS 0x0000000098600000, 0x0000000098500000| Complete 
| 390|0x0000000098600000, 0x0000000098700000, 0x0000000098700000|100%| O|  |TAMS 0x0000000098700000, 0x0000000098600000| Untracked 
| 391|0x0000000098700000, 0x0000000098800000, 0x0000000098800000|100%| O|  |TAMS 0x0000000098800000, 0x0000000098700000| Untracked 
| 392|0x0000000098800000, 0x0000000098900000, 0x0000000098900000|100%| O|  |TAMS 0x0000000098900000, 0x0000000098800000| Complete 
| 393|0x0000000098900000, 0x0000000098900000, 0x0000000098a00000|  0%| F|  |TAMS 0x0000000098900000, 0x0000000098900000| Untracked 
| 394|0x0000000098a00000, 0x0000000098b00000, 0x0000000098b00000|100%| O|  |TAMS 0x0000000098b00000, 0x0000000098a00000| Untracked 
| 395|0x0000000098b00000, 0x0000000098b00000, 0x0000000098c00000|  0%| F|  |TAMS 0x0000000098b00000, 0x0000000098b00000| Untracked 
| 396|0x0000000098c00000, 0x0000000098c00000, 0x0000000098d00000|  0%| F|  |TAMS 0x0000000098c00000, 0x0000000098c00000| Untracked 
| 397|0x0000000098d00000, 0x0000000098d00000, 0x0000000098e00000|  0%| F|  |TAMS 0x0000000098d00000, 0x0000000098d00000| Untracked 
| 398|0x0000000098e00000, 0x0000000098f00000, 0x0000000098f00000|100%| O|  |TAMS 0x0000000098f00000, 0x0000000098e00000| Complete 
| 399|0x0000000098f00000, 0x0000000099000000, 0x0000000099000000|100%| O|  |TAMS 0x0000000099000000, 0x0000000098f00000| Complete 
| 400|0x0000000099000000, 0x0000000099000000, 0x0000000099100000|  0%| F|  |TAMS 0x0000000099000000, 0x0000000099000000| Untracked 
| 401|0x0000000099100000, 0x0000000099200000, 0x0000000099200000|100%| O|  |TAMS 0x0000000099200000, 0x0000000099100000| Untracked 
| 402|0x0000000099200000, 0x0000000099200000, 0x0000000099300000|  0%| F|  |TAMS 0x0000000099200000, 0x0000000099200000| Untracked 
| 403|0x0000000099300000, 0x0000000099300000, 0x0000000099400000|  0%| F|  |TAMS 0x0000000099300000, 0x0000000099300000| Untracked 
| 404|0x0000000099400000, 0x0000000099400000, 0x0000000099500000|  0%| F|  |TAMS 0x0000000099400000, 0x0000000099400000| Untracked 
| 405|0x0000000099500000, 0x0000000099500000, 0x0000000099600000|  0%| F|  |TAMS 0x0000000099500000, 0x0000000099500000| Untracked 
| 406|0x0000000099600000, 0x0000000099700000, 0x0000000099700000|100%| O|  |TAMS 0x0000000099700000, 0x0000000099600000| Untracked 
| 407|0x0000000099700000, 0x0000000099700000, 0x0000000099800000|  0%| F|  |TAMS 0x0000000099700000, 0x0000000099700000| Untracked 
| 408|0x0000000099800000, 0x0000000099900000, 0x0000000099900000|100%| O|  |TAMS 0x0000000099900000, 0x0000000099800000| Complete 
| 409|0x0000000099900000, 0x0000000099a00000, 0x0000000099a00000|100%| O|  |TAMS 0x0000000099a00000, 0x0000000099900000| Untracked 
| 410|0x0000000099a00000, 0x0000000099b00000, 0x0000000099b00000|100%| O|  |TAMS 0x0000000099b00000, 0x0000000099a00000| Untracked 
| 411|0x0000000099b00000, 0x0000000099b00000, 0x0000000099c00000|  0%| F|  |TAMS 0x0000000099b00000, 0x0000000099b00000| Untracked 
| 412|0x0000000099c00000, 0x0000000099d00000, 0x0000000099d00000|100%| O|  |TAMS 0x0000000099d00000, 0x0000000099c00000| Untracked 
| 413|0x0000000099d00000, 0x0000000099d00000, 0x0000000099e00000|  0%| F|  |TAMS 0x0000000099d00000, 0x0000000099d00000| Untracked 
| 414|0x0000000099e00000, 0x0000000099e00000, 0x0000000099f00000|  0%| F|  |TAMS 0x0000000099e00000, 0x0000000099e00000| Untracked 
| 415|0x0000000099f00000, 0x0000000099f00000, 0x000000009a000000|  0%| F|  |TAMS 0x0000000099f00000, 0x0000000099f00000| Untracked 
| 416|0x000000009a000000, 0x000000009a100000, 0x000000009a100000|100%| O|  |TAMS 0x000000009a100000, 0x000000009a000000| Untracked 
| 417|0x000000009a100000, 0x000000009a100000, 0x000000009a200000|  0%| F|  |TAMS 0x000000009a100000, 0x000000009a100000| Untracked 
| 418|0x000000009a200000, 0x000000009a200000, 0x000000009a300000|  0%| F|  |TAMS 0x000000009a200000, 0x000000009a200000| Untracked 
| 419|0x000000009a300000, 0x000000009a300000, 0x000000009a400000|  0%| F|  |TAMS 0x000000009a300000, 0x000000009a300000| Untracked 
| 420|0x000000009a400000, 0x000000009a500000, 0x000000009a500000|100%| O|  |TAMS 0x000000009a500000, 0x000000009a400000| Untracked 
| 421|0x000000009a500000, 0x000000009a600000, 0x000000009a600000|100%| O|  |TAMS 0x000000009a600000, 0x000000009a500000| Complete 
| 422|0x000000009a600000, 0x000000009a700000, 0x000000009a700000|100%| O|  |TAMS 0x000000009a700000, 0x000000009a600000| Complete 
| 423|0x000000009a700000, 0x000000009a800000, 0x000000009a800000|100%| O|  |TAMS 0x000000009a800000, 0x000000009a700000| Untracked 
| 424|0x000000009a800000, 0x000000009a900000, 0x000000009a900000|100%| O|  |TAMS 0x000000009a900000, 0x000000009a800000| Untracked 
| 425|0x000000009a900000, 0x000000009aa00000, 0x000000009aa00000|100%| O|  |TAMS 0x000000009aa00000, 0x000000009a900000| Untracked 
| 426|0x000000009aa00000, 0x000000009ab00000, 0x000000009ab00000|100%| O|  |TAMS 0x000000009ab00000, 0x000000009aa00000| Untracked 
| 427|0x000000009ab00000, 0x000000009ac00000, 0x000000009ac00000|100%| O|  |TAMS 0x000000009ac00000, 0x000000009ab00000| Complete 
| 428|0x000000009ac00000, 0x000000009ad00000, 0x000000009ad00000|100%| O|  |TAMS 0x000000009ad00000, 0x000000009ac00000| Untracked 
| 429|0x000000009ad00000, 0x000000009ad00000, 0x000000009ae00000|  0%| F|  |TAMS 0x000000009ad00000, 0x000000009ad00000| Untracked 
| 430|0x000000009ae00000, 0x000000009af00000, 0x000000009af00000|100%| O|  |TAMS 0x000000009af00000, 0x000000009ae00000| Untracked 
| 431|0x000000009af00000, 0x000000009b000000, 0x000000009b000000|100%| O|  |TAMS 0x000000009b000000, 0x000000009af00000| Untracked 
| 432|0x000000009b000000, 0x000000009b100000, 0x000000009b100000|100%| O|  |TAMS 0x000000009b100000, 0x000000009b000000| Untracked 
| 433|0x000000009b100000, 0x000000009b200000, 0x000000009b200000|100%| O|  |TAMS 0x000000009b200000, 0x000000009b100000| Untracked 
| 434|0x000000009b200000, 0x000000009b200000, 0x000000009b300000|  0%| F|  |TAMS 0x000000009b200000, 0x000000009b200000| Untracked 
| 435|0x000000009b300000, 0x000000009b400000, 0x000000009b400000|100%| O|  |TAMS 0x000000009b400000, 0x000000009b300000| Untracked 
| 436|0x000000009b400000, 0x000000009b400000, 0x000000009b500000|  0%| F|  |TAMS 0x000000009b400000, 0x000000009b400000| Untracked 
| 437|0x000000009b500000, 0x000000009b500000, 0x000000009b600000|  0%| F|  |TAMS 0x000000009b500000, 0x000000009b500000| Untracked 
| 438|0x000000009b600000, 0x000000009b700000, 0x000000009b700000|100%| O|  |TAMS 0x000000009b700000, 0x000000009b600000| Untracked 
| 439|0x000000009b700000, 0x000000009b800000, 0x000000009b800000|100%| O|  |TAMS 0x000000009b800000, 0x000000009b700000| Untracked 
| 440|0x000000009b800000, 0x000000009b900000, 0x000000009b900000|100%| O|  |TAMS 0x000000009b900000, 0x000000009b800000| Untracked 
| 441|0x000000009b900000, 0x000000009ba00000, 0x000000009ba00000|100%| O|  |TAMS 0x000000009ba00000, 0x000000009b900000| Untracked 
| 442|0x000000009ba00000, 0x000000009bb00000, 0x000000009bb00000|100%| O|  |TAMS 0x000000009bb00000, 0x000000009ba00000| Complete 
| 443|0x000000009bb00000, 0x000000009bc00000, 0x000000009bc00000|100%| O|  |TAMS 0x000000009bc00000, 0x000000009bb00000| Complete 
| 444|0x000000009bc00000, 0x000000009bd00000, 0x000000009bd00000|100%| O|  |TAMS 0x000000009bd00000, 0x000000009bc00000| Untracked 
| 445|0x000000009bd00000, 0x000000009be00000, 0x000000009be00000|100%| O|  |TAMS 0x000000009be00000, 0x000000009bd00000| Untracked 
| 446|0x000000009be00000, 0x000000009bf00000, 0x000000009bf00000|100%| O|  |TAMS 0x000000009bf00000, 0x000000009be00000| Untracked 
| 447|0x000000009bf00000, 0x000000009c000000, 0x000000009c000000|100%| O|  |TAMS 0x000000009c000000, 0x000000009bf00000| Untracked 
| 448|0x000000009c000000, 0x000000009c100000, 0x000000009c100000|100%| O|  |TAMS 0x000000009c100000, 0x000000009c000000| Untracked 
| 449|0x000000009c100000, 0x000000009c200000, 0x000000009c200000|100%| O|  |TAMS 0x000000009c200000, 0x000000009c100000| Untracked 
| 450|0x000000009c200000, 0x000000009c300000, 0x000000009c300000|100%| O|  |TAMS 0x000000009c300000, 0x000000009c200000| Untracked 
| 451|0x000000009c300000, 0x000000009c400000, 0x000000009c400000|100%| O|  |TAMS 0x000000009c400000, 0x000000009c300000| Untracked 
| 452|0x000000009c400000, 0x000000009c500000, 0x000000009c500000|100%| O|  |TAMS 0x000000009c500000, 0x000000009c400000| Untracked 
| 453|0x000000009c500000, 0x000000009c600000, 0x000000009c600000|100%| O|  |TAMS 0x000000009c600000, 0x000000009c500000| Untracked 
| 454|0x000000009c600000, 0x000000009c700000, 0x000000009c700000|100%| O|  |TAMS 0x000000009c700000, 0x000000009c600000| Untracked 
| 455|0x000000009c700000, 0x000000009c800000, 0x000000009c800000|100%| O|  |TAMS 0x000000009c800000, 0x000000009c700000| Untracked 
| 456|0x000000009c800000, 0x000000009c900000, 0x000000009c900000|100%| O|  |TAMS 0x000000009c900000, 0x000000009c800000| Untracked 
| 457|0x000000009c900000, 0x000000009ca00000, 0x000000009ca00000|100%| O|  |TAMS 0x000000009ca00000, 0x000000009c900000| Untracked 
| 458|0x000000009ca00000, 0x000000009cb00000, 0x000000009cb00000|100%| O|  |TAMS 0x000000009cb00000, 0x000000009ca00000| Untracked 
| 459|0x000000009cb00000, 0x000000009cc00000, 0x000000009cc00000|100%| O|  |TAMS 0x000000009cc00000, 0x000000009cb00000| Complete 
| 460|0x000000009cc00000, 0x000000009cd00000, 0x000000009cd00000|100%| O|  |TAMS 0x000000009cd00000, 0x000000009cc00000| Complete 
| 461|0x000000009cd00000, 0x000000009ce00000, 0x000000009ce00000|100%| O|  |TAMS 0x000000009ce00000, 0x000000009cd00000| Untracked 
| 462|0x000000009ce00000, 0x000000009cf00000, 0x000000009cf00000|100%| O|  |TAMS 0x000000009cf00000, 0x000000009ce00000| Untracked 
| 463|0x000000009cf00000, 0x000000009d000000, 0x000000009d000000|100%| O|  |TAMS 0x000000009d000000, 0x000000009cf00000| Untracked 
| 464|0x000000009d000000, 0x000000009d100000, 0x000000009d100000|100%| O|  |TAMS 0x000000009d100000, 0x000000009d000000| Complete 
| 465|0x000000009d100000, 0x000000009d200000, 0x000000009d200000|100%| O|  |TAMS 0x000000009d200000, 0x000000009d100000| Untracked 
| 466|0x000000009d200000, 0x000000009d300000, 0x000000009d300000|100%| O|  |TAMS 0x000000009d300000, 0x000000009d200000| Untracked 
| 467|0x000000009d300000, 0x000000009d400000, 0x000000009d400000|100%| O|  |TAMS 0x000000009d400000, 0x000000009d300000| Untracked 
| 468|0x000000009d400000, 0x000000009d500000, 0x000000009d500000|100%| O|  |TAMS 0x000000009d500000, 0x000000009d400000| Untracked 
| 469|0x000000009d500000, 0x000000009d600000, 0x000000009d600000|100%| O|  |TAMS 0x000000009d600000, 0x000000009d500000| Untracked 
| 470|0x000000009d600000, 0x000000009d700000, 0x000000009d700000|100%| O|  |TAMS 0x000000009d700000, 0x000000009d600000| Complete 
| 471|0x000000009d700000, 0x000000009d800000, 0x000000009d800000|100%| O|  |TAMS 0x000000009d800000, 0x000000009d700000| Untracked 
| 472|0x000000009d800000, 0x000000009d900000, 0x000000009d900000|100%| O|  |TAMS 0x000000009d900000, 0x000000009d800000| Complete 
| 473|0x000000009d900000, 0x000000009da00000, 0x000000009da00000|100%| O|  |TAMS 0x000000009da00000, 0x000000009d900000| Untracked 
| 474|0x000000009da00000, 0x000000009db00000, 0x000000009db00000|100%| O|  |TAMS 0x000000009db00000, 0x000000009da00000| Untracked 
| 475|0x000000009db00000, 0x000000009dc00000, 0x000000009dc00000|100%| O|  |TAMS 0x000000009dc00000, 0x000000009db00000| Untracked 
| 476|0x000000009dc00000, 0x000000009dd00000, 0x000000009dd00000|100%| O|  |TAMS 0x000000009dd00000, 0x000000009dc00000| Complete 
| 477|0x000000009dd00000, 0x000000009de00000, 0x000000009de00000|100%| O|  |TAMS 0x000000009de00000, 0x000000009dd00000| Untracked 
| 478|0x000000009de00000, 0x000000009df00000, 0x000000009df00000|100%| O|  |TAMS 0x000000009df00000, 0x000000009de00000| Untracked 
| 479|0x000000009df00000, 0x000000009e000000, 0x000000009e000000|100%| O|  |TAMS 0x000000009e000000, 0x000000009df00000| Untracked 
| 480|0x000000009e000000, 0x000000009e100000, 0x000000009e100000|100%| O|  |TAMS 0x000000009e100000, 0x000000009e000000| Complete 
| 481|0x000000009e100000, 0x000000009e200000, 0x000000009e200000|100%| O|  |TAMS 0x000000009e200000, 0x000000009e100000| Complete 
| 482|0x000000009e200000, 0x000000009e300000, 0x000000009e300000|100%| O|  |TAMS 0x000000009e300000, 0x000000009e200000| Untracked 
| 483|0x000000009e300000, 0x000000009e300000, 0x000000009e400000|  0%| F|  |TAMS 0x000000009e300000, 0x000000009e300000| Untracked 
| 484|0x000000009e400000, 0x000000009e500000, 0x000000009e500000|100%| O|  |TAMS 0x000000009e500000, 0x000000009e400000| Complete 
| 485|0x000000009e500000, 0x000000009e600000, 0x000000009e600000|100%| O|  |TAMS 0x000000009e600000, 0x000000009e500000| Untracked 
| 486|0x000000009e600000, 0x000000009e700000, 0x000000009e700000|100%| O|  |TAMS 0x000000009e700000, 0x000000009e600000| Complete 
| 487|0x000000009e700000, 0x000000009e800000, 0x000000009e800000|100%| O|  |TAMS 0x000000009e800000, 0x000000009e700000| Complete 
| 488|0x000000009e800000, 0x000000009e900000, 0x000000009e900000|100%| O|  |TAMS 0x000000009e900000, 0x000000009e800000| Complete 
| 489|0x000000009e900000, 0x000000009ea00000, 0x000000009ea00000|100%| O|  |TAMS 0x000000009ea00000, 0x000000009e900000| Untracked 
| 490|0x000000009ea00000, 0x000000009eb00000, 0x000000009eb00000|100%| O|  |TAMS 0x000000009eb00000, 0x000000009ea00000| Complete 
| 491|0x000000009eb00000, 0x000000009ec00000, 0x000000009ec00000|100%| O|  |TAMS 0x000000009ec00000, 0x000000009eb00000| Complete 
| 492|0x000000009ec00000, 0x000000009ec00000, 0x000000009ed00000|  0%| F|  |TAMS 0x000000009ec00000, 0x000000009ec00000| Untracked 
| 493|0x000000009ed00000, 0x000000009ee00000, 0x000000009ee00000|100%| O|  |TAMS 0x000000009ee00000, 0x000000009ed00000| Complete 
| 494|0x000000009ee00000, 0x000000009ef00000, 0x000000009ef00000|100%| O|  |TAMS 0x000000009ef00000, 0x000000009ee00000| Complete 
| 495|0x000000009ef00000, 0x000000009ef00000, 0x000000009f000000|  0%| F|  |TAMS 0x000000009ef00000, 0x000000009ef00000| Untracked 
| 496|0x000000009f000000, 0x000000009f000000, 0x000000009f100000|  0%| F|  |TAMS 0x000000009f000000, 0x000000009f000000| Untracked 
| 497|0x000000009f100000, 0x000000009f200000, 0x000000009f200000|100%| O|  |TAMS 0x000000009f200000, 0x000000009f100000| Untracked 
| 498|0x000000009f200000, 0x000000009f300000, 0x000000009f300000|100%| O|  |TAMS 0x000000009f300000, 0x000000009f200000| Complete 
| 499|0x000000009f300000, 0x000000009f400000, 0x000000009f400000|100%| O|  |TAMS 0x000000009f400000, 0x000000009f300000| Complete 
| 500|0x000000009f400000, 0x000000009f500000, 0x000000009f500000|100%| O|  |TAMS 0x000000009f500000, 0x000000009f400000| Untracked 
| 501|0x000000009f500000, 0x000000009f600000, 0x000000009f600000|100%| O|  |TAMS 0x000000009f600000, 0x000000009f500000| Complete 
| 502|0x000000009f600000, 0x000000009f600000, 0x000000009f700000|  0%| F|  |TAMS 0x000000009f600000, 0x000000009f600000| Untracked 
| 503|0x000000009f700000, 0x000000009f800000, 0x000000009f800000|100%| O|  |TAMS 0x000000009f800000, 0x000000009f700000| Untracked 
| 504|0x000000009f800000, 0x000000009f800000, 0x000000009f900000|  0%| F|  |TAMS 0x000000009f800000, 0x000000009f800000| Untracked 
| 505|0x000000009f900000, 0x000000009f900000, 0x000000009fa00000|  0%| F|  |TAMS 0x000000009f900000, 0x000000009f900000| Untracked 
| 506|0x000000009fa00000, 0x000000009fa00000, 0x000000009fb00000|  0%| F|  |TAMS 0x000000009fa00000, 0x000000009fa00000| Untracked 
| 507|0x000000009fb00000, 0x000000009fc00000, 0x000000009fc00000|100%| O|  |TAMS 0x000000009fc00000, 0x000000009fb00000| Untracked 
| 508|0x000000009fc00000, 0x000000009fd00000, 0x000000009fd00000|100%| O|  |TAMS 0x000000009fd00000, 0x000000009fc00000| Complete 
| 509|0x000000009fd00000, 0x000000009fd00000, 0x000000009fe00000|  0%| F|  |TAMS 0x000000009fd00000, 0x000000009fd00000| Untracked 
| 510|0x000000009fe00000, 0x000000009ff00000, 0x000000009ff00000|100%| O|  |TAMS 0x000000009ff00000, 0x000000009fe00000| Complete 
| 511|0x000000009ff00000, 0x00000000a0000000, 0x00000000a0000000|100%| O|  |TAMS 0x00000000a0000000, 0x000000009ff00000| Complete 
| 512|0x00000000a0000000, 0x00000000a0100000, 0x00000000a0100000|100%| O|  |TAMS 0x00000000a0100000, 0x00000000a0000000| Untracked 
| 513|0x00000000a0100000, 0x00000000a0100000, 0x00000000a0200000|  0%| F|  |TAMS 0x00000000a0100000, 0x00000000a0100000| Untracked 
| 514|0x00000000a0200000, 0x00000000a0200000, 0x00000000a0300000|  0%| F|  |TAMS 0x00000000a0200000, 0x00000000a0200000| Untracked 
| 515|0x00000000a0300000, 0x00000000a0300000, 0x00000000a0400000|  0%| F|  |TAMS 0x00000000a0300000, 0x00000000a0300000| Untracked 
| 516|0x00000000a0400000, 0x00000000a0400000, 0x00000000a0500000|  0%| F|  |TAMS 0x00000000a0400000, 0x00000000a0400000| Untracked 
| 517|0x00000000a0500000, 0x00000000a0600000, 0x00000000a0600000|100%| O|  |TAMS 0x00000000a0600000, 0x00000000a0500000| Complete 
| 518|0x00000000a0600000, 0x00000000a0600000, 0x00000000a0700000|  0%| F|  |TAMS 0x00000000a0600000, 0x00000000a0600000| Untracked 
| 519|0x00000000a0700000, 0x00000000a0700000, 0x00000000a0800000|  0%| F|  |TAMS 0x00000000a0700000, 0x00000000a0700000| Untracked 
| 520|0x00000000a0800000, 0x00000000a0800000, 0x00000000a0900000|  0%| F|  |TAMS 0x00000000a0800000, 0x00000000a0800000| Untracked 
| 521|0x00000000a0900000, 0x00000000a0900000, 0x00000000a0a00000|  0%| F|  |TAMS 0x00000000a0900000, 0x00000000a0900000| Untracked 
| 522|0x00000000a0a00000, 0x00000000a0a00000, 0x00000000a0b00000|  0%| F|  |TAMS 0x00000000a0a00000, 0x00000000a0a00000| Untracked 
| 523|0x00000000a0b00000, 0x00000000a0b00000, 0x00000000a0c00000|  0%| F|  |TAMS 0x00000000a0b00000, 0x00000000a0b00000| Untracked 
| 524|0x00000000a0c00000, 0x00000000a0c00000, 0x00000000a0d00000|  0%| F|  |TAMS 0x00000000a0c00000, 0x00000000a0c00000| Untracked 
| 525|0x00000000a0d00000, 0x00000000a0d00000, 0x00000000a0e00000|  0%| F|  |TAMS 0x00000000a0d00000, 0x00000000a0d00000| Untracked 
| 526|0x00000000a0e00000, 0x00000000a0e00000, 0x00000000a0f00000|  0%| F|  |TAMS 0x00000000a0e00000, 0x00000000a0e00000| Untracked 
| 527|0x00000000a0f00000, 0x00000000a0f00000, 0x00000000a1000000|  0%| F|  |TAMS 0x00000000a0f00000, 0x00000000a0f00000| Untracked 
| 528|0x00000000a1000000, 0x00000000a1000000, 0x00000000a1100000|  0%| F|  |TAMS 0x00000000a1000000, 0x00000000a1000000| Untracked 
| 529|0x00000000a1100000, 0x00000000a1100000, 0x00000000a1200000|  0%| F|  |TAMS 0x00000000a1100000, 0x00000000a1100000| Untracked 
| 530|0x00000000a1200000, 0x00000000a1200000, 0x00000000a1300000|  0%| F|  |TAMS 0x00000000a1200000, 0x00000000a1200000| Untracked 
| 531|0x00000000a1300000, 0x00000000a1300000, 0x00000000a1400000|  0%| F|  |TAMS 0x00000000a1300000, 0x00000000a1300000| Untracked 
| 532|0x00000000a1400000, 0x00000000a1400000, 0x00000000a1500000|  0%| F|  |TAMS 0x00000000a1400000, 0x00000000a1400000| Untracked 
| 533|0x00000000a1500000, 0x00000000a1500000, 0x00000000a1600000|  0%| F|  |TAMS 0x00000000a1500000, 0x00000000a1500000| Untracked 
| 534|0x00000000a1600000, 0x00000000a1600000, 0x00000000a1700000|  0%| F|  |TAMS 0x00000000a1600000, 0x00000000a1600000| Untracked 
| 535|0x00000000a1700000, 0x00000000a1700000, 0x00000000a1800000|  0%| F|  |TAMS 0x00000000a1700000, 0x00000000a1700000| Untracked 
| 536|0x00000000a1800000, 0x00000000a1800000, 0x00000000a1900000|  0%| F|  |TAMS 0x00000000a1800000, 0x00000000a1800000| Untracked 
| 537|0x00000000a1900000, 0x00000000a1a00000, 0x00000000a1a00000|100%| O|  |TAMS 0x00000000a1a00000, 0x00000000a1900000| Untracked 
| 538|0x00000000a1a00000, 0x00000000a1a00000, 0x00000000a1b00000|  0%| F|  |TAMS 0x00000000a1a00000, 0x00000000a1a00000| Untracked 
| 539|0x00000000a1b00000, 0x00000000a1b00000, 0x00000000a1c00000|  0%| F|  |TAMS 0x00000000a1b00000, 0x00000000a1b00000| Untracked 
| 540|0x00000000a1c00000, 0x00000000a1d00000, 0x00000000a1d00000|100%| O|  |TAMS 0x00000000a1d00000, 0x00000000a1c00000| Complete 
| 541|0x00000000a1d00000, 0x00000000a1d00000, 0x00000000a1e00000|  0%| F|  |TAMS 0x00000000a1d00000, 0x00000000a1d00000| Untracked 
| 542|0x00000000a1e00000, 0x00000000a1e00000, 0x00000000a1f00000|  0%| F|  |TAMS 0x00000000a1e00000, 0x00000000a1e00000| Untracked 
| 543|0x00000000a1f00000, 0x00000000a1f00000, 0x00000000a2000000|  0%| F|  |TAMS 0x00000000a1f00000, 0x00000000a1f00000| Untracked 
| 544|0x00000000a2000000, 0x00000000a2000000, 0x00000000a2100000|  0%| F|  |TAMS 0x00000000a2000000, 0x00000000a2000000| Untracked 
| 545|0x00000000a2100000, 0x00000000a2200000, 0x00000000a2200000|100%| O|  |TAMS 0x00000000a2200000, 0x00000000a2100000| Untracked 
| 546|0x00000000a2200000, 0x00000000a2200000, 0x00000000a2300000|  0%| F|  |TAMS 0x00000000a2200000, 0x00000000a2200000| Untracked 
| 547|0x00000000a2300000, 0x00000000a2300000, 0x00000000a2400000|  0%| F|  |TAMS 0x00000000a2300000, 0x00000000a2300000| Untracked 
| 548|0x00000000a2400000, 0x00000000a2400000, 0x00000000a2500000|  0%| F|  |TAMS 0x00000000a2400000, 0x00000000a2400000| Untracked 
| 549|0x00000000a2500000, 0x00000000a2500000, 0x00000000a2600000|  0%| F|  |TAMS 0x00000000a2500000, 0x00000000a2500000| Untracked 
| 550|0x00000000a2600000, 0x00000000a2600000, 0x00000000a2700000|  0%| F|  |TAMS 0x00000000a2600000, 0x00000000a2600000| Untracked 
| 551|0x00000000a2700000, 0x00000000a2700000, 0x00000000a2800000|  0%| F|  |TAMS 0x00000000a2700000, 0x00000000a2700000| Untracked 
| 552|0x00000000a2800000, 0x00000000a2800000, 0x00000000a2900000|  0%| F|  |TAMS 0x00000000a2800000, 0x00000000a2800000| Untracked 
| 553|0x00000000a2900000, 0x00000000a2900000, 0x00000000a2a00000|  0%| F|  |TAMS 0x00000000a2900000, 0x00000000a2900000| Untracked 
| 554|0x00000000a2a00000, 0x00000000a2a00000, 0x00000000a2b00000|  0%| F|  |TAMS 0x00000000a2a00000, 0x00000000a2a00000| Untracked 
| 555|0x00000000a2b00000, 0x00000000a2b00000, 0x00000000a2c00000|  0%| F|  |TAMS 0x00000000a2b00000, 0x00000000a2b00000| Untracked 
| 556|0x00000000a2c00000, 0x00000000a2c00000, 0x00000000a2d00000|  0%| F|  |TAMS 0x00000000a2c00000, 0x00000000a2c00000| Untracked 
| 557|0x00000000a2d00000, 0x00000000a2d00000, 0x00000000a2e00000|  0%| F|  |TAMS 0x00000000a2d00000, 0x00000000a2d00000| Untracked 
| 558|0x00000000a2e00000, 0x00000000a2e00000, 0x00000000a2f00000|  0%| F|  |TAMS 0x00000000a2e00000, 0x00000000a2e00000| Untracked 
| 559|0x00000000a2f00000, 0x00000000a2f00000, 0x00000000a3000000|  0%| F|  |TAMS 0x00000000a2f00000, 0x00000000a2f00000| Untracked 
| 560|0x00000000a3000000, 0x00000000a3000000, 0x00000000a3100000|  0%| F|  |TAMS 0x00000000a3000000, 0x00000000a3000000| Untracked 
| 561|0x00000000a3100000, 0x00000000a3100000, 0x00000000a3200000|  0%| F|  |TAMS 0x00000000a3100000, 0x00000000a3100000| Untracked 
| 562|0x00000000a3200000, 0x00000000a3200000, 0x00000000a3300000|  0%| F|  |TAMS 0x00000000a3200000, 0x00000000a3200000| Untracked 
| 563|0x00000000a3300000, 0x00000000a3300000, 0x00000000a3400000|  0%| F|  |TAMS 0x00000000a3300000, 0x00000000a3300000| Untracked 
| 564|0x00000000a3400000, 0x00000000a3400000, 0x00000000a3500000|  0%| F|  |TAMS 0x00000000a3400000, 0x00000000a3400000| Untracked 
| 565|0x00000000a3500000, 0x00000000a3500000, 0x00000000a3600000|  0%| F|  |TAMS 0x00000000a3500000, 0x00000000a3500000| Untracked 
| 566|0x00000000a3600000, 0x00000000a3600000, 0x00000000a3700000|  0%| F|  |TAMS 0x00000000a3600000, 0x00000000a3600000| Untracked 
| 567|0x00000000a3700000, 0x00000000a3700000, 0x00000000a3800000|  0%| F|  |TAMS 0x00000000a3700000, 0x00000000a3700000| Untracked 
| 568|0x00000000a3800000, 0x00000000a3800000, 0x00000000a3900000|  0%| F|  |TAMS 0x00000000a3800000, 0x00000000a3800000| Untracked 
| 569|0x00000000a3900000, 0x00000000a3900000, 0x00000000a3a00000|  0%| F|  |TAMS 0x00000000a3900000, 0x00000000a3900000| Untracked 
| 570|0x00000000a3a00000, 0x00000000a3a00000, 0x00000000a3b00000|  0%| F|  |TAMS 0x00000000a3a00000, 0x00000000a3a00000| Untracked 
| 571|0x00000000a3b00000, 0x00000000a3b00000, 0x00000000a3c00000|  0%| F|  |TAMS 0x00000000a3b00000, 0x00000000a3b00000| Untracked 
| 572|0x00000000a3c00000, 0x00000000a3c00000, 0x00000000a3d00000|  0%| F|  |TAMS 0x00000000a3c00000, 0x00000000a3c00000| Untracked 
| 573|0x00000000a3d00000, 0x00000000a3d00000, 0x00000000a3e00000|  0%| F|  |TAMS 0x00000000a3d00000, 0x00000000a3d00000| Untracked 
| 574|0x00000000a3e00000, 0x00000000a3e00000, 0x00000000a3f00000|  0%| F|  |TAMS 0x00000000a3e00000, 0x00000000a3e00000| Untracked 
| 575|0x00000000a3f00000, 0x00000000a3f00000, 0x00000000a4000000|  0%| F|  |TAMS 0x00000000a3f00000, 0x00000000a3f00000| Untracked 
| 576|0x00000000a4000000, 0x00000000a4000000, 0x00000000a4100000|  0%| F|  |TAMS 0x00000000a4000000, 0x00000000a4000000| Untracked 
| 577|0x00000000a4100000, 0x00000000a4100000, 0x00000000a4200000|  0%| F|  |TAMS 0x00000000a4100000, 0x00000000a4100000| Untracked 
| 578|0x00000000a4200000, 0x00000000a4200000, 0x00000000a4300000|  0%| F|  |TAMS 0x00000000a4200000, 0x00000000a4200000| Untracked 
| 579|0x00000000a4300000, 0x00000000a4300000, 0x00000000a4400000|  0%| F|  |TAMS 0x00000000a4300000, 0x00000000a4300000| Untracked 
| 580|0x00000000a4400000, 0x00000000a4400000, 0x00000000a4500000|  0%| F|  |TAMS 0x00000000a4400000, 0x00000000a4400000| Untracked 
| 581|0x00000000a4500000, 0x00000000a4500000, 0x00000000a4600000|  0%| F|  |TAMS 0x00000000a4500000, 0x00000000a4500000| Untracked 
| 582|0x00000000a4600000, 0x00000000a4600000, 0x00000000a4700000|  0%| F|  |TAMS 0x00000000a4600000, 0x00000000a4600000| Untracked 
| 583|0x00000000a4700000, 0x00000000a4700000, 0x00000000a4800000|  0%| F|  |TAMS 0x00000000a4700000, 0x00000000a4700000| Untracked 
| 584|0x00000000a4800000, 0x00000000a4800000, 0x00000000a4900000|  0%| F|  |TAMS 0x00000000a4800000, 0x00000000a4800000| Untracked 
| 585|0x00000000a4900000, 0x00000000a4900000, 0x00000000a4a00000|  0%| F|  |TAMS 0x00000000a4900000, 0x00000000a4900000| Untracked 
| 586|0x00000000a4a00000, 0x00000000a4a00000, 0x00000000a4b00000|  0%| F|  |TAMS 0x00000000a4a00000, 0x00000000a4a00000| Untracked 
| 587|0x00000000a4b00000, 0x00000000a4b00000, 0x00000000a4c00000|  0%| F|  |TAMS 0x00000000a4b00000, 0x00000000a4b00000| Untracked 
| 588|0x00000000a4c00000, 0x00000000a4c00000, 0x00000000a4d00000|  0%| F|  |TAMS 0x00000000a4c00000, 0x00000000a4c00000| Untracked 
| 589|0x00000000a4d00000, 0x00000000a4d00000, 0x00000000a4e00000|  0%| F|  |TAMS 0x00000000a4d00000, 0x00000000a4d00000| Untracked 
| 590|0x00000000a4e00000, 0x00000000a4e00000, 0x00000000a4f00000|  0%| F|  |TAMS 0x00000000a4e00000, 0x00000000a4e00000| Untracked 
| 591|0x00000000a4f00000, 0x00000000a4f00000, 0x00000000a5000000|  0%| F|  |TAMS 0x00000000a4f00000, 0x00000000a4f00000| Untracked 
| 592|0x00000000a5000000, 0x00000000a5000000, 0x00000000a5100000|  0%| F|  |TAMS 0x00000000a5000000, 0x00000000a5000000| Untracked 
| 593|0x00000000a5100000, 0x00000000a5100000, 0x00000000a5200000|  0%| F|  |TAMS 0x00000000a5100000, 0x00000000a5100000| Untracked 
| 594|0x00000000a5200000, 0x00000000a5200000, 0x00000000a5300000|  0%| F|  |TAMS 0x00000000a5200000, 0x00000000a5200000| Untracked 
| 595|0x00000000a5300000, 0x00000000a5300000, 0x00000000a5400000|  0%| F|  |TAMS 0x00000000a5300000, 0x00000000a5300000| Untracked 
| 596|0x00000000a5400000, 0x00000000a5400000, 0x00000000a5500000|  0%| F|  |TAMS 0x00000000a5400000, 0x00000000a5400000| Untracked 
| 597|0x00000000a5500000, 0x00000000a5500000, 0x00000000a5600000|  0%| F|  |TAMS 0x00000000a5500000, 0x00000000a5500000| Untracked 
| 598|0x00000000a5600000, 0x00000000a5600000, 0x00000000a5700000|  0%| F|  |TAMS 0x00000000a5600000, 0x00000000a5600000| Untracked 
| 599|0x00000000a5700000, 0x00000000a5700000, 0x00000000a5800000|  0%| F|  |TAMS 0x00000000a5700000, 0x00000000a5700000| Untracked 
| 600|0x00000000a5800000, 0x00000000a5800000, 0x00000000a5900000|  0%| F|  |TAMS 0x00000000a5800000, 0x00000000a5800000| Untracked 
| 601|0x00000000a5900000, 0x00000000a5900000, 0x00000000a5a00000|  0%| F|  |TAMS 0x00000000a5900000, 0x00000000a5900000| Untracked 
| 602|0x00000000a5a00000, 0x00000000a5a00000, 0x00000000a5b00000|  0%| F|  |TAMS 0x00000000a5a00000, 0x00000000a5a00000| Untracked 
| 603|0x00000000a5b00000, 0x00000000a5b00000, 0x00000000a5c00000|  0%| F|  |TAMS 0x00000000a5b00000, 0x00000000a5b00000| Untracked 
| 604|0x00000000a5c00000, 0x00000000a5c00000, 0x00000000a5d00000|  0%| F|  |TAMS 0x00000000a5c00000, 0x00000000a5c00000| Untracked 
| 605|0x00000000a5d00000, 0x00000000a5d00000, 0x00000000a5e00000|  0%| F|  |TAMS 0x00000000a5d00000, 0x00000000a5d00000| Untracked 
| 606|0x00000000a5e00000, 0x00000000a5e00000, 0x00000000a5f00000|  0%| F|  |TAMS 0x00000000a5e00000, 0x00000000a5e00000| Untracked 
| 607|0x00000000a5f00000, 0x00000000a5f00000, 0x00000000a6000000|  0%| F|  |TAMS 0x00000000a5f00000, 0x00000000a5f00000| Untracked 
| 608|0x00000000a6000000, 0x00000000a6000000, 0x00000000a6100000|  0%| F|  |TAMS 0x00000000a6000000, 0x00000000a6000000| Untracked 
| 609|0x00000000a6100000, 0x00000000a6100000, 0x00000000a6200000|  0%| F|  |TAMS 0x00000000a6100000, 0x00000000a6100000| Untracked 
| 610|0x00000000a6200000, 0x00000000a6200000, 0x00000000a6300000|  0%| F|  |TAMS 0x00000000a6200000, 0x00000000a6200000| Untracked 
| 611|0x00000000a6300000, 0x00000000a6300000, 0x00000000a6400000|  0%| F|  |TAMS 0x00000000a6300000, 0x00000000a6300000| Untracked 
| 612|0x00000000a6400000, 0x00000000a6400000, 0x00000000a6500000|  0%| F|  |TAMS 0x00000000a6400000, 0x00000000a6400000| Untracked 
| 613|0x00000000a6500000, 0x00000000a6500000, 0x00000000a6600000|  0%| F|  |TAMS 0x00000000a6500000, 0x00000000a6500000| Untracked 
| 614|0x00000000a6600000, 0x00000000a6600000, 0x00000000a6700000|  0%| F|  |TAMS 0x00000000a6600000, 0x00000000a6600000| Untracked 
| 615|0x00000000a6700000, 0x00000000a6700000, 0x00000000a6800000|  0%| F|  |TAMS 0x00000000a6700000, 0x00000000a6700000| Untracked 
| 616|0x00000000a6800000, 0x00000000a6800000, 0x00000000a6900000|  0%| F|  |TAMS 0x00000000a6800000, 0x00000000a6800000| Untracked 
| 617|0x00000000a6900000, 0x00000000a6900000, 0x00000000a6a00000|  0%| F|  |TAMS 0x00000000a6900000, 0x00000000a6900000| Untracked 
| 618|0x00000000a6a00000, 0x00000000a6a00000, 0x00000000a6b00000|  0%| F|  |TAMS 0x00000000a6a00000, 0x00000000a6a00000| Untracked 
| 619|0x00000000a6b00000, 0x00000000a6b00000, 0x00000000a6c00000|  0%| F|  |TAMS 0x00000000a6b00000, 0x00000000a6b00000| Untracked 
| 620|0x00000000a6c00000, 0x00000000a6c00000, 0x00000000a6d00000|  0%| F|  |TAMS 0x00000000a6c00000, 0x00000000a6c00000| Untracked 
| 621|0x00000000a6d00000, 0x00000000a6d00000, 0x00000000a6e00000|  0%| F|  |TAMS 0x00000000a6d00000, 0x00000000a6d00000| Untracked 
| 622|0x00000000a6e00000, 0x00000000a6e00000, 0x00000000a6f00000|  0%| F|  |TAMS 0x00000000a6e00000, 0x00000000a6e00000| Untracked 
| 623|0x00000000a6f00000, 0x00000000a6f00000, 0x00000000a7000000|  0%| F|  |TAMS 0x00000000a6f00000, 0x00000000a6f00000| Untracked 
| 624|0x00000000a7000000, 0x00000000a7000000, 0x00000000a7100000|  0%| F|  |TAMS 0x00000000a7000000, 0x00000000a7000000| Untracked 
| 625|0x00000000a7100000, 0x00000000a7100000, 0x00000000a7200000|  0%| F|  |TAMS 0x00000000a7100000, 0x00000000a7100000| Untracked 
| 626|0x00000000a7200000, 0x00000000a7200000, 0x00000000a7300000|  0%| F|  |TAMS 0x00000000a7200000, 0x00000000a7200000| Untracked 
| 627|0x00000000a7300000, 0x00000000a7300000, 0x00000000a7400000|  0%| F|  |TAMS 0x00000000a7300000, 0x00000000a7300000| Untracked 
| 628|0x00000000a7400000, 0x00000000a7400000, 0x00000000a7500000|  0%| F|  |TAMS 0x00000000a7400000, 0x00000000a7400000| Untracked 
| 629|0x00000000a7500000, 0x00000000a7500000, 0x00000000a7600000|  0%| F|  |TAMS 0x00000000a7500000, 0x00000000a7500000| Untracked 
| 630|0x00000000a7600000, 0x00000000a7600000, 0x00000000a7700000|  0%| F|  |TAMS 0x00000000a7600000, 0x00000000a7600000| Untracked 
| 631|0x00000000a7700000, 0x00000000a7700000, 0x00000000a7800000|  0%| F|  |TAMS 0x00000000a7700000, 0x00000000a7700000| Untracked 
| 632|0x00000000a7800000, 0x00000000a7800000, 0x00000000a7900000|  0%| F|  |TAMS 0x00000000a7800000, 0x00000000a7800000| Untracked 
| 633|0x00000000a7900000, 0x00000000a7900000, 0x00000000a7a00000|  0%| F|  |TAMS 0x00000000a7900000, 0x00000000a7900000| Untracked 
| 634|0x00000000a7a00000, 0x00000000a7a00000, 0x00000000a7b00000|  0%| F|  |TAMS 0x00000000a7a00000, 0x00000000a7a00000| Untracked 
| 635|0x00000000a7b00000, 0x00000000a7b00000, 0x00000000a7c00000|  0%| F|  |TAMS 0x00000000a7b00000, 0x00000000a7b00000| Untracked 
| 636|0x00000000a7c00000, 0x00000000a7c00000, 0x00000000a7d00000|  0%| F|  |TAMS 0x00000000a7c00000, 0x00000000a7c00000| Untracked 
| 637|0x00000000a7d00000, 0x00000000a7d00000, 0x00000000a7e00000|  0%| F|  |TAMS 0x00000000a7d00000, 0x00000000a7d00000| Untracked 
| 638|0x00000000a7e00000, 0x00000000a7e00000, 0x00000000a7f00000|  0%| F|  |TAMS 0x00000000a7e00000, 0x00000000a7e00000| Untracked 
| 639|0x00000000a7f00000, 0x00000000a7f00000, 0x00000000a8000000|  0%| F|  |TAMS 0x00000000a7f00000, 0x00000000a7f00000| Untracked 
| 640|0x00000000a8000000, 0x00000000a8000000, 0x00000000a8100000|  0%| F|  |TAMS 0x00000000a8000000, 0x00000000a8000000| Untracked 
| 641|0x00000000a8100000, 0x00000000a8100000, 0x00000000a8200000|  0%| F|  |TAMS 0x00000000a8100000, 0x00000000a8100000| Untracked 
| 642|0x00000000a8200000, 0x00000000a8200000, 0x00000000a8300000|  0%| F|  |TAMS 0x00000000a8200000, 0x00000000a8200000| Untracked 
| 643|0x00000000a8300000, 0x00000000a8300000, 0x00000000a8400000|  0%| F|  |TAMS 0x00000000a8300000, 0x00000000a8300000| Untracked 
| 644|0x00000000a8400000, 0x00000000a8400000, 0x00000000a8500000|  0%| F|  |TAMS 0x00000000a8400000, 0x00000000a8400000| Untracked 
| 645|0x00000000a8500000, 0x00000000a8500000, 0x00000000a8600000|  0%| F|  |TAMS 0x00000000a8500000, 0x00000000a8500000| Untracked 
| 646|0x00000000a8600000, 0x00000000a8600000, 0x00000000a8700000|  0%| F|  |TAMS 0x00000000a8600000, 0x00000000a8600000| Untracked 
| 647|0x00000000a8700000, 0x00000000a8700000, 0x00000000a8800000|  0%| F|  |TAMS 0x00000000a8700000, 0x00000000a8700000| Untracked 
| 648|0x00000000a8800000, 0x00000000a8800000, 0x00000000a8900000|  0%| F|  |TAMS 0x00000000a8800000, 0x00000000a8800000| Untracked 
| 649|0x00000000a8900000, 0x00000000a8900000, 0x00000000a8a00000|  0%| F|  |TAMS 0x00000000a8900000, 0x00000000a8900000| Untracked 
| 650|0x00000000a8a00000, 0x00000000a8a00000, 0x00000000a8b00000|  0%| F|  |TAMS 0x00000000a8a00000, 0x00000000a8a00000| Untracked 
| 651|0x00000000a8b00000, 0x00000000a8b00000, 0x00000000a8c00000|  0%| F|  |TAMS 0x00000000a8b00000, 0x00000000a8b00000| Untracked 
| 652|0x00000000a8c00000, 0x00000000a8c00000, 0x00000000a8d00000|  0%| F|  |TAMS 0x00000000a8c00000, 0x00000000a8c00000| Untracked 
| 653|0x00000000a8d00000, 0x00000000a8d00000, 0x00000000a8e00000|  0%| F|  |TAMS 0x00000000a8d00000, 0x00000000a8d00000| Untracked 
| 654|0x00000000a8e00000, 0x00000000a8e00000, 0x00000000a8f00000|  0%| F|  |TAMS 0x00000000a8e00000, 0x00000000a8e00000| Untracked 
| 655|0x00000000a8f00000, 0x00000000a8f00000, 0x00000000a9000000|  0%| F|  |TAMS 0x00000000a8f00000, 0x00000000a8f00000| Untracked 
| 656|0x00000000a9000000, 0x00000000a9000000, 0x00000000a9100000|  0%| F|  |TAMS 0x00000000a9000000, 0x00000000a9000000| Untracked 
| 657|0x00000000a9100000, 0x00000000a9100000, 0x00000000a9200000|  0%| F|  |TAMS 0x00000000a9100000, 0x00000000a9100000| Untracked 
| 658|0x00000000a9200000, 0x00000000a9200000, 0x00000000a9300000|  0%| F|  |TAMS 0x00000000a9200000, 0x00000000a9200000| Untracked 
| 659|0x00000000a9300000, 0x00000000a9300000, 0x00000000a9400000|  0%| F|  |TAMS 0x00000000a9300000, 0x00000000a9300000| Untracked 
| 660|0x00000000a9400000, 0x00000000a9400000, 0x00000000a9500000|  0%| F|  |TAMS 0x00000000a9400000, 0x00000000a9400000| Untracked 
| 661|0x00000000a9500000, 0x00000000a9500000, 0x00000000a9600000|  0%| F|  |TAMS 0x00000000a9500000, 0x00000000a9500000| Untracked 
| 662|0x00000000a9600000, 0x00000000a9600000, 0x00000000a9700000|  0%| F|  |TAMS 0x00000000a9600000, 0x00000000a9600000| Untracked 
| 663|0x00000000a9700000, 0x00000000a9700000, 0x00000000a9800000|  0%| F|  |TAMS 0x00000000a9700000, 0x00000000a9700000| Untracked 
| 664|0x00000000a9800000, 0x00000000a9800000, 0x00000000a9900000|  0%| F|  |TAMS 0x00000000a9800000, 0x00000000a9800000| Untracked 
| 665|0x00000000a9900000, 0x00000000a9900000, 0x00000000a9a00000|  0%| F|  |TAMS 0x00000000a9900000, 0x00000000a9900000| Untracked 
| 666|0x00000000a9a00000, 0x00000000a9a00000, 0x00000000a9b00000|  0%| F|  |TAMS 0x00000000a9a00000, 0x00000000a9a00000| Untracked 
| 667|0x00000000a9b00000, 0x00000000a9b00000, 0x00000000a9c00000|  0%| F|  |TAMS 0x00000000a9b00000, 0x00000000a9b00000| Untracked 
| 668|0x00000000a9c00000, 0x00000000a9c00000, 0x00000000a9d00000|  0%| F|  |TAMS 0x00000000a9c00000, 0x00000000a9c00000| Untracked 
| 669|0x00000000a9d00000, 0x00000000a9d00000, 0x00000000a9e00000|  0%| F|  |TAMS 0x00000000a9d00000, 0x00000000a9d00000| Untracked 
| 670|0x00000000a9e00000, 0x00000000a9e00000, 0x00000000a9f00000|  0%| F|  |TAMS 0x00000000a9e00000, 0x00000000a9e00000| Untracked 
| 671|0x00000000a9f00000, 0x00000000a9f00000, 0x00000000aa000000|  0%| F|  |TAMS 0x00000000a9f00000, 0x00000000a9f00000| Untracked 
| 672|0x00000000aa000000, 0x00000000aa000000, 0x00000000aa100000|  0%| F|  |TAMS 0x00000000aa000000, 0x00000000aa000000| Untracked 
| 673|0x00000000aa100000, 0x00000000aa100000, 0x00000000aa200000|  0%| F|  |TAMS 0x00000000aa100000, 0x00000000aa100000| Untracked 
| 674|0x00000000aa200000, 0x00000000aa200000, 0x00000000aa300000|  0%| F|  |TAMS 0x00000000aa200000, 0x00000000aa200000| Untracked 
| 675|0x00000000aa300000, 0x00000000aa300000, 0x00000000aa400000|  0%| F|  |TAMS 0x00000000aa300000, 0x00000000aa300000| Untracked 
| 676|0x00000000aa400000, 0x00000000aa400000, 0x00000000aa500000|  0%| F|  |TAMS 0x00000000aa400000, 0x00000000aa400000| Untracked 
| 677|0x00000000aa500000, 0x00000000aa500000, 0x00000000aa600000|  0%| F|  |TAMS 0x00000000aa500000, 0x00000000aa500000| Untracked 
| 678|0x00000000aa600000, 0x00000000aa600000, 0x00000000aa700000|  0%| F|  |TAMS 0x00000000aa600000, 0x00000000aa600000| Untracked 
| 679|0x00000000aa700000, 0x00000000aa700000, 0x00000000aa800000|  0%| F|  |TAMS 0x00000000aa700000, 0x00000000aa700000| Untracked 
| 680|0x00000000aa800000, 0x00000000aa800000, 0x00000000aa900000|  0%| F|  |TAMS 0x00000000aa800000, 0x00000000aa800000| Untracked 
| 681|0x00000000aa900000, 0x00000000aa900000, 0x00000000aaa00000|  0%| F|  |TAMS 0x00000000aa900000, 0x00000000aa900000| Untracked 
| 682|0x00000000aaa00000, 0x00000000aaa00000, 0x00000000aab00000|  0%| F|  |TAMS 0x00000000aaa00000, 0x00000000aaa00000| Untracked 
| 683|0x00000000aab00000, 0x00000000aab00000, 0x00000000aac00000|  0%| F|  |TAMS 0x00000000aab00000, 0x00000000aab00000| Untracked 
| 684|0x00000000aac00000, 0x00000000aac00000, 0x00000000aad00000|  0%| F|  |TAMS 0x00000000aac00000, 0x00000000aac00000| Untracked 
| 685|0x00000000aad00000, 0x00000000aad00000, 0x00000000aae00000|  0%| F|  |TAMS 0x00000000aad00000, 0x00000000aad00000| Untracked 
| 686|0x00000000aae00000, 0x00000000aae00000, 0x00000000aaf00000|  0%| F|  |TAMS 0x00000000aae00000, 0x00000000aae00000| Untracked 
| 687|0x00000000aaf00000, 0x00000000aaf00000, 0x00000000ab000000|  0%| F|  |TAMS 0x00000000aaf00000, 0x00000000aaf00000| Untracked 
| 688|0x00000000ab000000, 0x00000000ab000000, 0x00000000ab100000|  0%| F|  |TAMS 0x00000000ab000000, 0x00000000ab000000| Untracked 
| 689|0x00000000ab100000, 0x00000000ab100000, 0x00000000ab200000|  0%| F|  |TAMS 0x00000000ab100000, 0x00000000ab100000| Untracked 
| 690|0x00000000ab200000, 0x00000000ab200000, 0x00000000ab300000|  0%| F|  |TAMS 0x00000000ab200000, 0x00000000ab200000| Untracked 
| 691|0x00000000ab300000, 0x00000000ab300000, 0x00000000ab400000|  0%| F|  |TAMS 0x00000000ab300000, 0x00000000ab300000| Untracked 
| 692|0x00000000ab400000, 0x00000000ab400000, 0x00000000ab500000|  0%| F|  |TAMS 0x00000000ab400000, 0x00000000ab400000| Untracked 
| 693|0x00000000ab500000, 0x00000000ab500000, 0x00000000ab600000|  0%| F|  |TAMS 0x00000000ab500000, 0x00000000ab500000| Untracked 
| 694|0x00000000ab600000, 0x00000000ab600000, 0x00000000ab700000|  0%| F|  |TAMS 0x00000000ab600000, 0x00000000ab600000| Untracked 
| 695|0x00000000ab700000, 0x00000000ab700000, 0x00000000ab800000|  0%| F|  |TAMS 0x00000000ab700000, 0x00000000ab700000| Untracked 
| 696|0x00000000ab800000, 0x00000000ab800000, 0x00000000ab900000|  0%| F|  |TAMS 0x00000000ab800000, 0x00000000ab800000| Untracked 
| 697|0x00000000ab900000, 0x00000000ab900000, 0x00000000aba00000|  0%| F|  |TAMS 0x00000000ab900000, 0x00000000ab900000| Untracked 
| 698|0x00000000aba00000, 0x00000000aba00000, 0x00000000abb00000|  0%| F|  |TAMS 0x00000000aba00000, 0x00000000aba00000| Untracked 
| 699|0x00000000abb00000, 0x00000000abb00000, 0x00000000abc00000|  0%| F|  |TAMS 0x00000000abb00000, 0x00000000abb00000| Untracked 
| 700|0x00000000abc00000, 0x00000000abc00000, 0x00000000abd00000|  0%| F|  |TAMS 0x00000000abc00000, 0x00000000abc00000| Untracked 
| 701|0x00000000abd00000, 0x00000000abd00000, 0x00000000abe00000|  0%| F|  |TAMS 0x00000000abd00000, 0x00000000abd00000| Untracked 
| 702|0x00000000abe00000, 0x00000000abe00000, 0x00000000abf00000|  0%| F|  |TAMS 0x00000000abe00000, 0x00000000abe00000| Untracked 
| 703|0x00000000abf00000, 0x00000000abf00000, 0x00000000ac000000|  0%| F|  |TAMS 0x00000000abf00000, 0x00000000abf00000| Untracked 
| 704|0x00000000ac000000, 0x00000000ac000000, 0x00000000ac100000|  0%| F|  |TAMS 0x00000000ac000000, 0x00000000ac000000| Untracked 
| 705|0x00000000ac100000, 0x00000000ac100000, 0x00000000ac200000|  0%| F|  |TAMS 0x00000000ac100000, 0x00000000ac100000| Untracked 
| 706|0x00000000ac200000, 0x00000000ac200000, 0x00000000ac300000|  0%| F|  |TAMS 0x00000000ac200000, 0x00000000ac200000| Untracked 
| 707|0x00000000ac300000, 0x00000000ac300000, 0x00000000ac400000|  0%| F|  |TAMS 0x00000000ac300000, 0x00000000ac300000| Untracked 
| 708|0x00000000ac400000, 0x00000000ac400000, 0x00000000ac500000|  0%| F|  |TAMS 0x00000000ac400000, 0x00000000ac400000| Untracked 
| 709|0x00000000ac500000, 0x00000000ac500000, 0x00000000ac600000|  0%| F|  |TAMS 0x00000000ac500000, 0x00000000ac500000| Untracked 
| 710|0x00000000ac600000, 0x00000000ac600000, 0x00000000ac700000|  0%| F|  |TAMS 0x00000000ac600000, 0x00000000ac600000| Untracked 
| 711|0x00000000ac700000, 0x00000000ac700000, 0x00000000ac800000|  0%| F|  |TAMS 0x00000000ac700000, 0x00000000ac700000| Untracked 
| 712|0x00000000ac800000, 0x00000000ac800000, 0x00000000ac900000|  0%| F|  |TAMS 0x00000000ac800000, 0x00000000ac800000| Untracked 
| 713|0x00000000ac900000, 0x00000000ac900000, 0x00000000aca00000|  0%| F|  |TAMS 0x00000000ac900000, 0x00000000ac900000| Untracked 
| 714|0x00000000aca00000, 0x00000000aca00000, 0x00000000acb00000|  0%| F|  |TAMS 0x00000000aca00000, 0x00000000aca00000| Untracked 
| 715|0x00000000acb00000, 0x00000000acb00000, 0x00000000acc00000|  0%| F|  |TAMS 0x00000000acb00000, 0x00000000acb00000| Untracked 
| 716|0x00000000acc00000, 0x00000000acc00000, 0x00000000acd00000|  0%| F|  |TAMS 0x00000000acc00000, 0x00000000acc00000| Untracked 
| 717|0x00000000acd00000, 0x00000000acd00000, 0x00000000ace00000|  0%| F|  |TAMS 0x00000000acd00000, 0x00000000acd00000| Untracked 
| 718|0x00000000ace00000, 0x00000000ace00000, 0x00000000acf00000|  0%| F|  |TAMS 0x00000000ace00000, 0x00000000ace00000| Untracked 
| 719|0x00000000acf00000, 0x00000000acf00000, 0x00000000ad000000|  0%| F|  |TAMS 0x00000000acf00000, 0x00000000acf00000| Untracked 
| 720|0x00000000ad000000, 0x00000000ad000000, 0x00000000ad100000|  0%| F|  |TAMS 0x00000000ad000000, 0x00000000ad000000| Untracked 
| 721|0x00000000ad100000, 0x00000000ad100000, 0x00000000ad200000|  0%| F|  |TAMS 0x00000000ad100000, 0x00000000ad100000| Untracked 
| 722|0x00000000ad200000, 0x00000000ad200000, 0x00000000ad300000|  0%| F|  |TAMS 0x00000000ad200000, 0x00000000ad200000| Untracked 
| 723|0x00000000ad300000, 0x00000000ad300000, 0x00000000ad400000|  0%| F|  |TAMS 0x00000000ad300000, 0x00000000ad300000| Untracked 
| 724|0x00000000ad400000, 0x00000000ad400000, 0x00000000ad500000|  0%| F|  |TAMS 0x00000000ad400000, 0x00000000ad400000| Untracked 
| 725|0x00000000ad500000, 0x00000000ad500000, 0x00000000ad600000|  0%| F|  |TAMS 0x00000000ad500000, 0x00000000ad500000| Untracked 
| 726|0x00000000ad600000, 0x00000000ad600000, 0x00000000ad700000|  0%| F|  |TAMS 0x00000000ad600000, 0x00000000ad600000| Untracked 
| 727|0x00000000ad700000, 0x00000000ad700000, 0x00000000ad800000|  0%| F|  |TAMS 0x00000000ad700000, 0x00000000ad700000| Untracked 
| 728|0x00000000ad800000, 0x00000000ad800000, 0x00000000ad900000|  0%| F|  |TAMS 0x00000000ad800000, 0x00000000ad800000| Untracked 
| 729|0x00000000ad900000, 0x00000000ad900000, 0x00000000ada00000|  0%| F|  |TAMS 0x00000000ad900000, 0x00000000ad900000| Untracked 
| 730|0x00000000ada00000, 0x00000000ada00000, 0x00000000adb00000|  0%| F|  |TAMS 0x00000000ada00000, 0x00000000ada00000| Untracked 
| 731|0x00000000adb00000, 0x00000000adb00000, 0x00000000adc00000|  0%| F|  |TAMS 0x00000000adb00000, 0x00000000adb00000| Untracked 
| 732|0x00000000adc00000, 0x00000000adc00000, 0x00000000add00000|  0%| F|  |TAMS 0x00000000adc00000, 0x00000000adc00000| Untracked 
| 733|0x00000000add00000, 0x00000000add00000, 0x00000000ade00000|  0%| F|  |TAMS 0x00000000add00000, 0x00000000add00000| Untracked 
| 734|0x00000000ade00000, 0x00000000ade00000, 0x00000000adf00000|  0%| F|  |TAMS 0x00000000ade00000, 0x00000000ade00000| Untracked 
| 735|0x00000000adf00000, 0x00000000adf00000, 0x00000000ae000000|  0%| F|  |TAMS 0x00000000adf00000, 0x00000000adf00000| Untracked 
| 736|0x00000000ae000000, 0x00000000ae000000, 0x00000000ae100000|  0%| F|  |TAMS 0x00000000ae000000, 0x00000000ae000000| Untracked 
| 737|0x00000000ae100000, 0x00000000ae100000, 0x00000000ae200000|  0%| F|  |TAMS 0x00000000ae100000, 0x00000000ae100000| Untracked 
| 738|0x00000000ae200000, 0x00000000ae200000, 0x00000000ae300000|  0%| F|  |TAMS 0x00000000ae200000, 0x00000000ae200000| Untracked 
| 739|0x00000000ae300000, 0x00000000ae300000, 0x00000000ae400000|  0%| F|  |TAMS 0x00000000ae300000, 0x00000000ae300000| Untracked 
| 740|0x00000000ae400000, 0x00000000ae400000, 0x00000000ae500000|  0%| F|  |TAMS 0x00000000ae400000, 0x00000000ae400000| Untracked 
| 741|0x00000000ae500000, 0x00000000ae500000, 0x00000000ae600000|  0%| F|  |TAMS 0x00000000ae500000, 0x00000000ae500000| Untracked 
| 742|0x00000000ae600000, 0x00000000ae600000, 0x00000000ae700000|  0%| F|  |TAMS 0x00000000ae600000, 0x00000000ae600000| Untracked 
| 743|0x00000000ae700000, 0x00000000ae700000, 0x00000000ae800000|  0%| F|  |TAMS 0x00000000ae700000, 0x00000000ae700000| Untracked 
| 744|0x00000000ae800000, 0x00000000ae800000, 0x00000000ae900000|  0%| F|  |TAMS 0x00000000ae800000, 0x00000000ae800000| Untracked 
| 745|0x00000000ae900000, 0x00000000ae900000, 0x00000000aea00000|  0%| F|  |TAMS 0x00000000ae900000, 0x00000000ae900000| Untracked 
| 746|0x00000000aea00000, 0x00000000aea00000, 0x00000000aeb00000|  0%| F|  |TAMS 0x00000000aea00000, 0x00000000aea00000| Untracked 
| 747|0x00000000aeb00000, 0x00000000aeb00000, 0x00000000aec00000|  0%| F|  |TAMS 0x00000000aeb00000, 0x00000000aeb00000| Untracked 
| 748|0x00000000aec00000, 0x00000000aec00000, 0x00000000aed00000|  0%| F|  |TAMS 0x00000000aec00000, 0x00000000aec00000| Untracked 
| 749|0x00000000aed00000, 0x00000000aed00000, 0x00000000aee00000|  0%| F|  |TAMS 0x00000000aed00000, 0x00000000aed00000| Untracked 
| 750|0x00000000aee00000, 0x00000000aee00000, 0x00000000aef00000|  0%| F|  |TAMS 0x00000000aee00000, 0x00000000aee00000| Untracked 
| 751|0x00000000aef00000, 0x00000000aef00000, 0x00000000af000000|  0%| F|  |TAMS 0x00000000aef00000, 0x00000000aef00000| Untracked 
| 752|0x00000000af000000, 0x00000000af000000, 0x00000000af100000|  0%| F|  |TAMS 0x00000000af000000, 0x00000000af000000| Untracked 
| 753|0x00000000af100000, 0x00000000af100000, 0x00000000af200000|  0%| F|  |TAMS 0x00000000af100000, 0x00000000af100000| Untracked 
| 754|0x00000000af200000, 0x00000000af200000, 0x00000000af300000|  0%| F|  |TAMS 0x00000000af200000, 0x00000000af200000| Untracked 
| 755|0x00000000af300000, 0x00000000af300000, 0x00000000af400000|  0%| F|  |TAMS 0x00000000af300000, 0x00000000af300000| Untracked 
| 756|0x00000000af400000, 0x00000000af400000, 0x00000000af500000|  0%| F|  |TAMS 0x00000000af400000, 0x00000000af400000| Untracked 
| 757|0x00000000af500000, 0x00000000af500000, 0x00000000af600000|  0%| F|  |TAMS 0x00000000af500000, 0x00000000af500000| Untracked 
| 758|0x00000000af600000, 0x00000000af600000, 0x00000000af700000|  0%| F|  |TAMS 0x00000000af600000, 0x00000000af600000| Untracked 
| 759|0x00000000af700000, 0x00000000af700000, 0x00000000af800000|  0%| F|  |TAMS 0x00000000af700000, 0x00000000af700000| Untracked 
| 760|0x00000000af800000, 0x00000000af800000, 0x00000000af900000|  0%| F|  |TAMS 0x00000000af800000, 0x00000000af800000| Untracked 
| 761|0x00000000af900000, 0x00000000af900000, 0x00000000afa00000|  0%| F|  |TAMS 0x00000000af900000, 0x00000000af900000| Untracked 
| 762|0x00000000afa00000, 0x00000000afa00000, 0x00000000afb00000|  0%| F|  |TAMS 0x00000000afa00000, 0x00000000afa00000| Untracked 
| 763|0x00000000afb00000, 0x00000000afb00000, 0x00000000afc00000|  0%| F|  |TAMS 0x00000000afb00000, 0x00000000afb00000| Untracked 
| 764|0x00000000afc00000, 0x00000000afc00000, 0x00000000afd00000|  0%| F|  |TAMS 0x00000000afc00000, 0x00000000afc00000| Untracked 
| 765|0x00000000afd00000, 0x00000000afd00000, 0x00000000afe00000|  0%| F|  |TAMS 0x00000000afd00000, 0x00000000afd00000| Untracked 
| 766|0x00000000afe00000, 0x00000000afe00000, 0x00000000aff00000|  0%| F|  |TAMS 0x00000000afe00000, 0x00000000afe00000| Untracked 
| 767|0x00000000aff00000, 0x00000000aff00000, 0x00000000b0000000|  0%| F|  |TAMS 0x00000000aff00000, 0x00000000aff00000| Untracked 
| 768|0x00000000b0000000, 0x00000000b0000000, 0x00000000b0100000|  0%| F|  |TAMS 0x00000000b0000000, 0x00000000b0000000| Untracked 
| 769|0x00000000b0100000, 0x00000000b0100000, 0x00000000b0200000|  0%| F|  |TAMS 0x00000000b0100000, 0x00000000b0100000| Untracked 
| 770|0x00000000b0200000, 0x00000000b0200000, 0x00000000b0300000|  0%| F|  |TAMS 0x00000000b0200000, 0x00000000b0200000| Untracked 
| 771|0x00000000b0300000, 0x00000000b0300000, 0x00000000b0400000|  0%| F|  |TAMS 0x00000000b0300000, 0x00000000b0300000| Untracked 
| 772|0x00000000b0400000, 0x00000000b0400000, 0x00000000b0500000|  0%| F|  |TAMS 0x00000000b0400000, 0x00000000b0400000| Untracked 
| 773|0x00000000b0500000, 0x00000000b0500000, 0x00000000b0600000|  0%| F|  |TAMS 0x00000000b0500000, 0x00000000b0500000| Untracked 
| 774|0x00000000b0600000, 0x00000000b0600000, 0x00000000b0700000|  0%| F|  |TAMS 0x00000000b0600000, 0x00000000b0600000| Untracked 
| 775|0x00000000b0700000, 0x00000000b0700000, 0x00000000b0800000|  0%| F|  |TAMS 0x00000000b0700000, 0x00000000b0700000| Untracked 
| 776|0x00000000b0800000, 0x00000000b0800000, 0x00000000b0900000|  0%| F|  |TAMS 0x00000000b0800000, 0x00000000b0800000| Untracked 
| 777|0x00000000b0900000, 0x00000000b0900000, 0x00000000b0a00000|  0%| F|  |TAMS 0x00000000b0900000, 0x00000000b0900000| Untracked 
| 778|0x00000000b0a00000, 0x00000000b0a00000, 0x00000000b0b00000|  0%| F|  |TAMS 0x00000000b0a00000, 0x00000000b0a00000| Untracked 
| 779|0x00000000b0b00000, 0x00000000b0b00000, 0x00000000b0c00000|  0%| F|  |TAMS 0x00000000b0b00000, 0x00000000b0b00000| Untracked 
| 780|0x00000000b0c00000, 0x00000000b0c00000, 0x00000000b0d00000|  0%| F|  |TAMS 0x00000000b0c00000, 0x00000000b0c00000| Untracked 
| 781|0x00000000b0d00000, 0x00000000b0d00000, 0x00000000b0e00000|  0%| F|  |TAMS 0x00000000b0d00000, 0x00000000b0d00000| Untracked 
| 782|0x00000000b0e00000, 0x00000000b0e00000, 0x00000000b0f00000|  0%| F|  |TAMS 0x00000000b0e00000, 0x00000000b0e00000| Untracked 
| 783|0x00000000b0f00000, 0x00000000b0f00000, 0x00000000b1000000|  0%| F|  |TAMS 0x00000000b0f00000, 0x00000000b0f00000| Untracked 
| 784|0x00000000b1000000, 0x00000000b1000000, 0x00000000b1100000|  0%| F|  |TAMS 0x00000000b1000000, 0x00000000b1000000| Untracked 
| 785|0x00000000b1100000, 0x00000000b1100000, 0x00000000b1200000|  0%| F|  |TAMS 0x00000000b1100000, 0x00000000b1100000| Untracked 
| 786|0x00000000b1200000, 0x00000000b1200000, 0x00000000b1300000|  0%| F|  |TAMS 0x00000000b1200000, 0x00000000b1200000| Untracked 
| 787|0x00000000b1300000, 0x00000000b1300000, 0x00000000b1400000|  0%| F|  |TAMS 0x00000000b1300000, 0x00000000b1300000| Untracked 
| 788|0x00000000b1400000, 0x00000000b1400000, 0x00000000b1500000|  0%| F|  |TAMS 0x00000000b1400000, 0x00000000b1400000| Untracked 
| 789|0x00000000b1500000, 0x00000000b1500000, 0x00000000b1600000|  0%| F|  |TAMS 0x00000000b1500000, 0x00000000b1500000| Untracked 
| 790|0x00000000b1600000, 0x00000000b1600000, 0x00000000b1700000|  0%| F|  |TAMS 0x00000000b1600000, 0x00000000b1600000| Untracked 
| 791|0x00000000b1700000, 0x00000000b1700000, 0x00000000b1800000|  0%| F|  |TAMS 0x00000000b1700000, 0x00000000b1700000| Untracked 
| 792|0x00000000b1800000, 0x00000000b1800000, 0x00000000b1900000|  0%| F|  |TAMS 0x00000000b1800000, 0x00000000b1800000| Untracked 
| 793|0x00000000b1900000, 0x00000000b1900000, 0x00000000b1a00000|  0%| F|  |TAMS 0x00000000b1900000, 0x00000000b1900000| Untracked 
| 794|0x00000000b1a00000, 0x00000000b1a00000, 0x00000000b1b00000|  0%| F|  |TAMS 0x00000000b1a00000, 0x00000000b1a00000| Untracked 
| 795|0x00000000b1b00000, 0x00000000b1b00000, 0x00000000b1c00000|  0%| F|  |TAMS 0x00000000b1b00000, 0x00000000b1b00000| Untracked 
| 796|0x00000000b1c00000, 0x00000000b1c00000, 0x00000000b1d00000|  0%| F|  |TAMS 0x00000000b1c00000, 0x00000000b1c00000| Untracked 
| 797|0x00000000b1d00000, 0x00000000b1d00000, 0x00000000b1e00000|  0%| F|  |TAMS 0x00000000b1d00000, 0x00000000b1d00000| Untracked 
| 798|0x00000000b1e00000, 0x00000000b1e00000, 0x00000000b1f00000|  0%| F|  |TAMS 0x00000000b1e00000, 0x00000000b1e00000| Untracked 
| 799|0x00000000b1f00000, 0x00000000b1f00000, 0x00000000b2000000|  0%| F|  |TAMS 0x00000000b1f00000, 0x00000000b1f00000| Untracked 
| 800|0x00000000b2000000, 0x00000000b2000000, 0x00000000b2100000|  0%| F|  |TAMS 0x00000000b2000000, 0x00000000b2000000| Untracked 
| 801|0x00000000b2100000, 0x00000000b2100000, 0x00000000b2200000|  0%| F|  |TAMS 0x00000000b2100000, 0x00000000b2100000| Untracked 
| 802|0x00000000b2200000, 0x00000000b2200000, 0x00000000b2300000|  0%| F|  |TAMS 0x00000000b2200000, 0x00000000b2200000| Untracked 
| 803|0x00000000b2300000, 0x00000000b2300000, 0x00000000b2400000|  0%| F|  |TAMS 0x00000000b2300000, 0x00000000b2300000| Untracked 
| 804|0x00000000b2400000, 0x00000000b2400000, 0x00000000b2500000|  0%| F|  |TAMS 0x00000000b2400000, 0x00000000b2400000| Untracked 
| 805|0x00000000b2500000, 0x00000000b2500000, 0x00000000b2600000|  0%| F|  |TAMS 0x00000000b2500000, 0x00000000b2500000| Untracked 
| 806|0x00000000b2600000, 0x00000000b2600000, 0x00000000b2700000|  0%| F|  |TAMS 0x00000000b2600000, 0x00000000b2600000| Untracked 
| 807|0x00000000b2700000, 0x00000000b2700000, 0x00000000b2800000|  0%| F|  |TAMS 0x00000000b2700000, 0x00000000b2700000| Untracked 
| 808|0x00000000b2800000, 0x00000000b2800000, 0x00000000b2900000|  0%| F|  |TAMS 0x00000000b2800000, 0x00000000b2800000| Untracked 
| 809|0x00000000b2900000, 0x00000000b2900000, 0x00000000b2a00000|  0%| F|  |TAMS 0x00000000b2900000, 0x00000000b2900000| Untracked 
| 810|0x00000000b2a00000, 0x00000000b2a00000, 0x00000000b2b00000|  0%| F|  |TAMS 0x00000000b2a00000, 0x00000000b2a00000| Untracked 
| 811|0x00000000b2b00000, 0x00000000b2b00000, 0x00000000b2c00000|  0%| F|  |TAMS 0x00000000b2b00000, 0x00000000b2b00000| Untracked 
| 812|0x00000000b2c00000, 0x00000000b2c00000, 0x00000000b2d00000|  0%| F|  |TAMS 0x00000000b2c00000, 0x00000000b2c00000| Untracked 
| 813|0x00000000b2d00000, 0x00000000b2d00000, 0x00000000b2e00000|  0%| F|  |TAMS 0x00000000b2d00000, 0x00000000b2d00000| Untracked 
| 814|0x00000000b2e00000, 0x00000000b2e00000, 0x00000000b2f00000|  0%| F|  |TAMS 0x00000000b2e00000, 0x00000000b2e00000| Untracked 
| 815|0x00000000b2f00000, 0x00000000b2f00000, 0x00000000b3000000|  0%| F|  |TAMS 0x00000000b2f00000, 0x00000000b2f00000| Untracked 
| 816|0x00000000b3000000, 0x00000000b3000000, 0x00000000b3100000|  0%| F|  |TAMS 0x00000000b3000000, 0x00000000b3000000| Untracked 
| 817|0x00000000b3100000, 0x00000000b3100000, 0x00000000b3200000|  0%| F|  |TAMS 0x00000000b3100000, 0x00000000b3100000| Untracked 
| 818|0x00000000b3200000, 0x00000000b3200000, 0x00000000b3300000|  0%| F|  |TAMS 0x00000000b3200000, 0x00000000b3200000| Untracked 
| 819|0x00000000b3300000, 0x00000000b3300000, 0x00000000b3400000|  0%| F|  |TAMS 0x00000000b3300000, 0x00000000b3300000| Untracked 
| 820|0x00000000b3400000, 0x00000000b3400000, 0x00000000b3500000|  0%| F|  |TAMS 0x00000000b3400000, 0x00000000b3400000| Untracked 
| 821|0x00000000b3500000, 0x00000000b3500000, 0x00000000b3600000|  0%| F|  |TAMS 0x00000000b3500000, 0x00000000b3500000| Untracked 
| 822|0x00000000b3600000, 0x00000000b3600000, 0x00000000b3700000|  0%| F|  |TAMS 0x00000000b3600000, 0x00000000b3600000| Untracked 
| 823|0x00000000b3700000, 0x00000000b3700000, 0x00000000b3800000|  0%| F|  |TAMS 0x00000000b3700000, 0x00000000b3700000| Untracked 
| 824|0x00000000b3800000, 0x00000000b3800000, 0x00000000b3900000|  0%| F|  |TAMS 0x00000000b3800000, 0x00000000b3800000| Untracked 
| 825|0x00000000b3900000, 0x00000000b3900000, 0x00000000b3a00000|  0%| F|  |TAMS 0x00000000b3900000, 0x00000000b3900000| Untracked 
| 826|0x00000000b3a00000, 0x00000000b3a00000, 0x00000000b3b00000|  0%| F|  |TAMS 0x00000000b3a00000, 0x00000000b3a00000| Untracked 
| 827|0x00000000b3b00000, 0x00000000b3b00000, 0x00000000b3c00000|  0%| F|  |TAMS 0x00000000b3b00000, 0x00000000b3b00000| Untracked 
| 828|0x00000000b3c00000, 0x00000000b3c00000, 0x00000000b3d00000|  0%| F|  |TAMS 0x00000000b3c00000, 0x00000000b3c00000| Untracked 
| 829|0x00000000b3d00000, 0x00000000b3d00000, 0x00000000b3e00000|  0%| F|  |TAMS 0x00000000b3d00000, 0x00000000b3d00000| Untracked 
| 830|0x00000000b3e00000, 0x00000000b3e00000, 0x00000000b3f00000|  0%| F|  |TAMS 0x00000000b3e00000, 0x00000000b3e00000| Untracked 
| 831|0x00000000b3f00000, 0x00000000b3f00000, 0x00000000b4000000|  0%| F|  |TAMS 0x00000000b3f00000, 0x00000000b3f00000| Untracked 
| 832|0x00000000b4000000, 0x00000000b4000000, 0x00000000b4100000|  0%| F|  |TAMS 0x00000000b4000000, 0x00000000b4000000| Untracked 
| 833|0x00000000b4100000, 0x00000000b4100000, 0x00000000b4200000|  0%| F|  |TAMS 0x00000000b4100000, 0x00000000b4100000| Untracked 
| 834|0x00000000b4200000, 0x00000000b4200000, 0x00000000b4300000|  0%| F|  |TAMS 0x00000000b4200000, 0x00000000b4200000| Untracked 
| 835|0x00000000b4300000, 0x00000000b4300000, 0x00000000b4400000|  0%| F|  |TAMS 0x00000000b4300000, 0x00000000b4300000| Untracked 
| 836|0x00000000b4400000, 0x00000000b4400000, 0x00000000b4500000|  0%| F|  |TAMS 0x00000000b4400000, 0x00000000b4400000| Untracked 
| 837|0x00000000b4500000, 0x00000000b4500000, 0x00000000b4600000|  0%| F|  |TAMS 0x00000000b4500000, 0x00000000b4500000| Untracked 
| 838|0x00000000b4600000, 0x00000000b4600000, 0x00000000b4700000|  0%| F|  |TAMS 0x00000000b4600000, 0x00000000b4600000| Untracked 
| 839|0x00000000b4700000, 0x00000000b4700000, 0x00000000b4800000|  0%| F|  |TAMS 0x00000000b4700000, 0x00000000b4700000| Untracked 
| 840|0x00000000b4800000, 0x00000000b4800000, 0x00000000b4900000|  0%| F|  |TAMS 0x00000000b4800000, 0x00000000b4800000| Untracked 
| 841|0x00000000b4900000, 0x00000000b4900000, 0x00000000b4a00000|  0%| F|  |TAMS 0x00000000b4900000, 0x00000000b4900000| Untracked 
| 842|0x00000000b4a00000, 0x00000000b4a00000, 0x00000000b4b00000|  0%| F|  |TAMS 0x00000000b4a00000, 0x00000000b4a00000| Untracked 
| 843|0x00000000b4b00000, 0x00000000b4b00000, 0x00000000b4c00000|  0%| F|  |TAMS 0x00000000b4b00000, 0x00000000b4b00000| Untracked 
| 844|0x00000000b4c00000, 0x00000000b4c00000, 0x00000000b4d00000|  0%| F|  |TAMS 0x00000000b4c00000, 0x00000000b4c00000| Untracked 
| 845|0x00000000b4d00000, 0x00000000b4d00000, 0x00000000b4e00000|  0%| F|  |TAMS 0x00000000b4d00000, 0x00000000b4d00000| Untracked 
| 846|0x00000000b4e00000, 0x00000000b4e00000, 0x00000000b4f00000|  0%| F|  |TAMS 0x00000000b4e00000, 0x00000000b4e00000| Untracked 
| 847|0x00000000b4f00000, 0x00000000b4f00000, 0x00000000b5000000|  0%| F|  |TAMS 0x00000000b4f00000, 0x00000000b4f00000| Untracked 
| 848|0x00000000b5000000, 0x00000000b5000000, 0x00000000b5100000|  0%| F|  |TAMS 0x00000000b5000000, 0x00000000b5000000| Untracked 
| 849|0x00000000b5100000, 0x00000000b5100000, 0x00000000b5200000|  0%| F|  |TAMS 0x00000000b5100000, 0x00000000b5100000| Untracked 
| 850|0x00000000b5200000, 0x00000000b5200000, 0x00000000b5300000|  0%| F|  |TAMS 0x00000000b5200000, 0x00000000b5200000| Untracked 
| 851|0x00000000b5300000, 0x00000000b5300000, 0x00000000b5400000|  0%| F|  |TAMS 0x00000000b5300000, 0x00000000b5300000| Untracked 
| 852|0x00000000b5400000, 0x00000000b5400000, 0x00000000b5500000|  0%| F|  |TAMS 0x00000000b5400000, 0x00000000b5400000| Untracked 
| 853|0x00000000b5500000, 0x00000000b5500000, 0x00000000b5600000|  0%| F|  |TAMS 0x00000000b5500000, 0x00000000b5500000| Untracked 
| 854|0x00000000b5600000, 0x00000000b5600000, 0x00000000b5700000|  0%| F|  |TAMS 0x00000000b5600000, 0x00000000b5600000| Untracked 
| 855|0x00000000b5700000, 0x00000000b5700000, 0x00000000b5800000|  0%| F|  |TAMS 0x00000000b5700000, 0x00000000b5700000| Untracked 
| 856|0x00000000b5800000, 0x00000000b5800000, 0x00000000b5900000|  0%| F|  |TAMS 0x00000000b5800000, 0x00000000b5800000| Untracked 
| 857|0x00000000b5900000, 0x00000000b5900000, 0x00000000b5a00000|  0%| F|  |TAMS 0x00000000b5900000, 0x00000000b5900000| Untracked 
| 858|0x00000000b5a00000, 0x00000000b5a00000, 0x00000000b5b00000|  0%| F|  |TAMS 0x00000000b5a00000, 0x00000000b5a00000| Untracked 
| 859|0x00000000b5b00000, 0x00000000b5b00000, 0x00000000b5c00000|  0%| F|  |TAMS 0x00000000b5b00000, 0x00000000b5b00000| Untracked 
| 860|0x00000000b5c00000, 0x00000000b5c00000, 0x00000000b5d00000|  0%| F|  |TAMS 0x00000000b5c00000, 0x00000000b5c00000| Untracked 
| 861|0x00000000b5d00000, 0x00000000b5d00000, 0x00000000b5e00000|  0%| F|  |TAMS 0x00000000b5d00000, 0x00000000b5d00000| Untracked 
| 862|0x00000000b5e00000, 0x00000000b5e00000, 0x00000000b5f00000|  0%| F|  |TAMS 0x00000000b5e00000, 0x00000000b5e00000| Untracked 
| 863|0x00000000b5f00000, 0x00000000b5f00000, 0x00000000b6000000|  0%| F|  |TAMS 0x00000000b5f00000, 0x00000000b5f00000| Untracked 
| 864|0x00000000b6000000, 0x00000000b6000000, 0x00000000b6100000|  0%| F|  |TAMS 0x00000000b6000000, 0x00000000b6000000| Untracked 
| 865|0x00000000b6100000, 0x00000000b6100000, 0x00000000b6200000|  0%| F|  |TAMS 0x00000000b6100000, 0x00000000b6100000| Untracked 
| 866|0x00000000b6200000, 0x00000000b6200000, 0x00000000b6300000|  0%| F|  |TAMS 0x00000000b6200000, 0x00000000b6200000| Untracked 
| 867|0x00000000b6300000, 0x00000000b6300000, 0x00000000b6400000|  0%| F|  |TAMS 0x00000000b6300000, 0x00000000b6300000| Untracked 
| 868|0x00000000b6400000, 0x00000000b6400000, 0x00000000b6500000|  0%| F|  |TAMS 0x00000000b6400000, 0x00000000b6400000| Untracked 
| 869|0x00000000b6500000, 0x00000000b6500000, 0x00000000b6600000|  0%| F|  |TAMS 0x00000000b6500000, 0x00000000b6500000| Untracked 
| 870|0x00000000b6600000, 0x00000000b6600000, 0x00000000b6700000|  0%| F|  |TAMS 0x00000000b6600000, 0x00000000b6600000| Untracked 
| 871|0x00000000b6700000, 0x00000000b6700000, 0x00000000b6800000|  0%| F|  |TAMS 0x00000000b6700000, 0x00000000b6700000| Untracked 
| 872|0x00000000b6800000, 0x00000000b6800000, 0x00000000b6900000|  0%| F|  |TAMS 0x00000000b6800000, 0x00000000b6800000| Untracked 
| 873|0x00000000b6900000, 0x00000000b6900000, 0x00000000b6a00000|  0%| F|  |TAMS 0x00000000b6900000, 0x00000000b6900000| Untracked 
| 874|0x00000000b6a00000, 0x00000000b6a00000, 0x00000000b6b00000|  0%| F|  |TAMS 0x00000000b6a00000, 0x00000000b6a00000| Untracked 
| 875|0x00000000b6b00000, 0x00000000b6b00000, 0x00000000b6c00000|  0%| F|  |TAMS 0x00000000b6b00000, 0x00000000b6b00000| Untracked 
| 876|0x00000000b6c00000, 0x00000000b6c00000, 0x00000000b6d00000|  0%| F|  |TAMS 0x00000000b6c00000, 0x00000000b6c00000| Untracked 
| 877|0x00000000b6d00000, 0x00000000b6d00000, 0x00000000b6e00000|  0%| F|  |TAMS 0x00000000b6d00000, 0x00000000b6d00000| Untracked 
| 878|0x00000000b6e00000, 0x00000000b6e00000, 0x00000000b6f00000|  0%| F|  |TAMS 0x00000000b6e00000, 0x00000000b6e00000| Untracked 
| 879|0x00000000b6f00000, 0x00000000b6f00000, 0x00000000b7000000|  0%| F|  |TAMS 0x00000000b6f00000, 0x00000000b6f00000| Untracked 
| 880|0x00000000b7000000, 0x00000000b7000000, 0x00000000b7100000|  0%| F|  |TAMS 0x00000000b7000000, 0x00000000b7000000| Untracked 
| 881|0x00000000b7100000, 0x00000000b7100000, 0x00000000b7200000|  0%| F|  |TAMS 0x00000000b7100000, 0x00000000b7100000| Untracked 
| 882|0x00000000b7200000, 0x00000000b7200000, 0x00000000b7300000|  0%| F|  |TAMS 0x00000000b7200000, 0x00000000b7200000| Untracked 
| 883|0x00000000b7300000, 0x00000000b7300000, 0x00000000b7400000|  0%| F|  |TAMS 0x00000000b7300000, 0x00000000b7300000| Untracked 
| 884|0x00000000b7400000, 0x00000000b7400000, 0x00000000b7500000|  0%| F|  |TAMS 0x00000000b7400000, 0x00000000b7400000| Untracked 
| 885|0x00000000b7500000, 0x00000000b7500000, 0x00000000b7600000|  0%| F|  |TAMS 0x00000000b7500000, 0x00000000b7500000| Untracked 
| 886|0x00000000b7600000, 0x00000000b7600000, 0x00000000b7700000|  0%| F|  |TAMS 0x00000000b7600000, 0x00000000b7600000| Untracked 
| 887|0x00000000b7700000, 0x00000000b7700000, 0x00000000b7800000|  0%| F|  |TAMS 0x00000000b7700000, 0x00000000b7700000| Untracked 
| 888|0x00000000b7800000, 0x00000000b7800000, 0x00000000b7900000|  0%| F|  |TAMS 0x00000000b7800000, 0x00000000b7800000| Untracked 
| 889|0x00000000b7900000, 0x00000000b7900000, 0x00000000b7a00000|  0%| F|  |TAMS 0x00000000b7900000, 0x00000000b7900000| Untracked 
| 890|0x00000000b7a00000, 0x00000000b7a00000, 0x00000000b7b00000|  0%| F|  |TAMS 0x00000000b7a00000, 0x00000000b7a00000| Untracked 
| 891|0x00000000b7b00000, 0x00000000b7b00000, 0x00000000b7c00000|  0%| F|  |TAMS 0x00000000b7b00000, 0x00000000b7b00000| Untracked 
| 892|0x00000000b7c00000, 0x00000000b7c00000, 0x00000000b7d00000|  0%| F|  |TAMS 0x00000000b7c00000, 0x00000000b7c00000| Untracked 
| 893|0x00000000b7d00000, 0x00000000b7d00000, 0x00000000b7e00000|  0%| F|  |TAMS 0x00000000b7d00000, 0x00000000b7d00000| Untracked 
| 894|0x00000000b7e00000, 0x00000000b7e00000, 0x00000000b7f00000|  0%| F|  |TAMS 0x00000000b7e00000, 0x00000000b7e00000| Untracked 
| 895|0x00000000b7f00000, 0x00000000b7f00000, 0x00000000b8000000|  0%| F|  |TAMS 0x00000000b7f00000, 0x00000000b7f00000| Untracked 
| 896|0x00000000b8000000, 0x00000000b8000000, 0x00000000b8100000|  0%| F|  |TAMS 0x00000000b8000000, 0x00000000b8000000| Untracked 
| 897|0x00000000b8100000, 0x00000000b8100000, 0x00000000b8200000|  0%| F|  |TAMS 0x00000000b8100000, 0x00000000b8100000| Untracked 
| 898|0x00000000b8200000, 0x00000000b8200000, 0x00000000b8300000|  0%| F|  |TAMS 0x00000000b8200000, 0x00000000b8200000| Untracked 
| 899|0x00000000b8300000, 0x00000000b8300000, 0x00000000b8400000|  0%| F|  |TAMS 0x00000000b8300000, 0x00000000b8300000| Untracked 
| 900|0x00000000b8400000, 0x00000000b8400000, 0x00000000b8500000|  0%| F|  |TAMS 0x00000000b8400000, 0x00000000b8400000| Untracked 
| 901|0x00000000b8500000, 0x00000000b8500000, 0x00000000b8600000|  0%| F|  |TAMS 0x00000000b8500000, 0x00000000b8500000| Untracked 
| 902|0x00000000b8600000, 0x00000000b8600000, 0x00000000b8700000|  0%| F|  |TAMS 0x00000000b8600000, 0x00000000b8600000| Untracked 
| 903|0x00000000b8700000, 0x00000000b8700000, 0x00000000b8800000|  0%| F|  |TAMS 0x00000000b8700000, 0x00000000b8700000| Untracked 
| 904|0x00000000b8800000, 0x00000000b8800000, 0x00000000b8900000|  0%| F|  |TAMS 0x00000000b8800000, 0x00000000b8800000| Untracked 
| 905|0x00000000b8900000, 0x00000000b8900000, 0x00000000b8a00000|  0%| F|  |TAMS 0x00000000b8900000, 0x00000000b8900000| Untracked 
| 906|0x00000000b8a00000, 0x00000000b8a00000, 0x00000000b8b00000|  0%| F|  |TAMS 0x00000000b8a00000, 0x00000000b8a00000| Untracked 
| 907|0x00000000b8b00000, 0x00000000b8b00000, 0x00000000b8c00000|  0%| F|  |TAMS 0x00000000b8b00000, 0x00000000b8b00000| Untracked 
| 908|0x00000000b8c00000, 0x00000000b8c00000, 0x00000000b8d00000|  0%| F|  |TAMS 0x00000000b8c00000, 0x00000000b8c00000| Untracked 
| 909|0x00000000b8d00000, 0x00000000b8d00000, 0x00000000b8e00000|  0%| F|  |TAMS 0x00000000b8d00000, 0x00000000b8d00000| Untracked 
| 910|0x00000000b8e00000, 0x00000000b8e00000, 0x00000000b8f00000|  0%| F|  |TAMS 0x00000000b8e00000, 0x00000000b8e00000| Untracked 
| 911|0x00000000b8f00000, 0x00000000b8f00000, 0x00000000b9000000|  0%| F|  |TAMS 0x00000000b8f00000, 0x00000000b8f00000| Untracked 
| 912|0x00000000b9000000, 0x00000000b9000000, 0x00000000b9100000|  0%| F|  |TAMS 0x00000000b9000000, 0x00000000b9000000| Untracked 
| 913|0x00000000b9100000, 0x00000000b9100000, 0x00000000b9200000|  0%| F|  |TAMS 0x00000000b9100000, 0x00000000b9100000| Untracked 
| 914|0x00000000b9200000, 0x00000000b9200000, 0x00000000b9300000|  0%| F|  |TAMS 0x00000000b9200000, 0x00000000b9200000| Untracked 
| 915|0x00000000b9300000, 0x00000000b9300000, 0x00000000b9400000|  0%| F|  |TAMS 0x00000000b9300000, 0x00000000b9300000| Untracked 
| 916|0x00000000b9400000, 0x00000000b9400000, 0x00000000b9500000|  0%| F|  |TAMS 0x00000000b9400000, 0x00000000b9400000| Untracked 
| 917|0x00000000b9500000, 0x00000000b9500000, 0x00000000b9600000|  0%| F|  |TAMS 0x00000000b9500000, 0x00000000b9500000| Untracked 
| 918|0x00000000b9600000, 0x00000000b9600000, 0x00000000b9700000|  0%| F|  |TAMS 0x00000000b9600000, 0x00000000b9600000| Untracked 
| 919|0x00000000b9700000, 0x00000000b9700000, 0x00000000b9800000|  0%| F|  |TAMS 0x00000000b9700000, 0x00000000b9700000| Untracked 
| 920|0x00000000b9800000, 0x00000000b9800000, 0x00000000b9900000|  0%| F|  |TAMS 0x00000000b9800000, 0x00000000b9800000| Untracked 
| 921|0x00000000b9900000, 0x00000000b9900000, 0x00000000b9a00000|  0%| F|  |TAMS 0x00000000b9900000, 0x00000000b9900000| Untracked 
| 922|0x00000000b9a00000, 0x00000000b9a00000, 0x00000000b9b00000|  0%| F|  |TAMS 0x00000000b9a00000, 0x00000000b9a00000| Untracked 
| 923|0x00000000b9b00000, 0x00000000b9b00000, 0x00000000b9c00000|  0%| F|  |TAMS 0x00000000b9b00000, 0x00000000b9b00000| Untracked 
| 924|0x00000000b9c00000, 0x00000000b9c00000, 0x00000000b9d00000|  0%| F|  |TAMS 0x00000000b9c00000, 0x00000000b9c00000| Untracked 
| 925|0x00000000b9d00000, 0x00000000b9d00000, 0x00000000b9e00000|  0%| F|  |TAMS 0x00000000b9d00000, 0x00000000b9d00000| Untracked 
| 926|0x00000000b9e00000, 0x00000000b9e00000, 0x00000000b9f00000|  0%| F|  |TAMS 0x00000000b9e00000, 0x00000000b9e00000| Untracked 
| 927|0x00000000b9f00000, 0x00000000b9f00000, 0x00000000ba000000|  0%| F|  |TAMS 0x00000000b9f00000, 0x00000000b9f00000| Untracked 
| 928|0x00000000ba000000, 0x00000000ba000000, 0x00000000ba100000|  0%| F|  |TAMS 0x00000000ba000000, 0x00000000ba000000| Untracked 
| 929|0x00000000ba100000, 0x00000000ba100000, 0x00000000ba200000|  0%| F|  |TAMS 0x00000000ba100000, 0x00000000ba100000| Untracked 
| 930|0x00000000ba200000, 0x00000000ba200000, 0x00000000ba300000|  0%| F|  |TAMS 0x00000000ba200000, 0x00000000ba200000| Untracked 
| 931|0x00000000ba300000, 0x00000000ba300000, 0x00000000ba400000|  0%| F|  |TAMS 0x00000000ba300000, 0x00000000ba300000| Untracked 
| 932|0x00000000ba400000, 0x00000000ba400000, 0x00000000ba500000|  0%| F|  |TAMS 0x00000000ba400000, 0x00000000ba400000| Untracked 
| 933|0x00000000ba500000, 0x00000000ba500000, 0x00000000ba600000|  0%| F|  |TAMS 0x00000000ba500000, 0x00000000ba500000| Untracked 
| 934|0x00000000ba600000, 0x00000000ba600000, 0x00000000ba700000|  0%| F|  |TAMS 0x00000000ba600000, 0x00000000ba600000| Untracked 
| 935|0x00000000ba700000, 0x00000000ba700000, 0x00000000ba800000|  0%| F|  |TAMS 0x00000000ba700000, 0x00000000ba700000| Untracked 
| 936|0x00000000ba800000, 0x00000000ba800000, 0x00000000ba900000|  0%| F|  |TAMS 0x00000000ba800000, 0x00000000ba800000| Untracked 
| 937|0x00000000ba900000, 0x00000000ba900000, 0x00000000baa00000|  0%| F|  |TAMS 0x00000000ba900000, 0x00000000ba900000| Untracked 
| 938|0x00000000baa00000, 0x00000000baa00000, 0x00000000bab00000|  0%| F|  |TAMS 0x00000000baa00000, 0x00000000baa00000| Untracked 
| 939|0x00000000bab00000, 0x00000000bab00000, 0x00000000bac00000|  0%| F|  |TAMS 0x00000000bab00000, 0x00000000bab00000| Untracked 
| 940|0x00000000bac00000, 0x00000000bac00000, 0x00000000bad00000|  0%| F|  |TAMS 0x00000000bac00000, 0x00000000bac00000| Untracked 
| 941|0x00000000bad00000, 0x00000000bad00000, 0x00000000bae00000|  0%| F|  |TAMS 0x00000000bad00000, 0x00000000bad00000| Untracked 
| 942|0x00000000bae00000, 0x00000000bae00000, 0x00000000baf00000|  0%| F|  |TAMS 0x00000000bae00000, 0x00000000bae00000| Untracked 
| 943|0x00000000baf00000, 0x00000000baf00000, 0x00000000bb000000|  0%| F|  |TAMS 0x00000000baf00000, 0x00000000baf00000| Untracked 
| 944|0x00000000bb000000, 0x00000000bb000000, 0x00000000bb100000|  0%| F|  |TAMS 0x00000000bb000000, 0x00000000bb000000| Untracked 
| 945|0x00000000bb100000, 0x00000000bb100000, 0x00000000bb200000|  0%| F|  |TAMS 0x00000000bb100000, 0x00000000bb100000| Untracked 
| 946|0x00000000bb200000, 0x00000000bb200000, 0x00000000bb300000|  0%| F|  |TAMS 0x00000000bb200000, 0x00000000bb200000| Untracked 
| 947|0x00000000bb300000, 0x00000000bb300000, 0x00000000bb400000|  0%| F|  |TAMS 0x00000000bb300000, 0x00000000bb300000| Untracked 
| 948|0x00000000bb400000, 0x00000000bb400000, 0x00000000bb500000|  0%| F|  |TAMS 0x00000000bb400000, 0x00000000bb400000| Untracked 
| 949|0x00000000bb500000, 0x00000000bb500000, 0x00000000bb600000|  0%| F|  |TAMS 0x00000000bb500000, 0x00000000bb500000| Untracked 
| 950|0x00000000bb600000, 0x00000000bb600000, 0x00000000bb700000|  0%| F|  |TAMS 0x00000000bb600000, 0x00000000bb600000| Untracked 
| 951|0x00000000bb700000, 0x00000000bb700000, 0x00000000bb800000|  0%| F|  |TAMS 0x00000000bb700000, 0x00000000bb700000| Untracked 
| 952|0x00000000bb800000, 0x00000000bb800000, 0x00000000bb900000|  0%| F|  |TAMS 0x00000000bb800000, 0x00000000bb800000| Untracked 
| 953|0x00000000bb900000, 0x00000000bb900000, 0x00000000bba00000|  0%| F|  |TAMS 0x00000000bb900000, 0x00000000bb900000| Untracked 
| 954|0x00000000bba00000, 0x00000000bba00000, 0x00000000bbb00000|  0%| F|  |TAMS 0x00000000bba00000, 0x00000000bba00000| Untracked 
| 955|0x00000000bbb00000, 0x00000000bbb00000, 0x00000000bbc00000|  0%| F|  |TAMS 0x00000000bbb00000, 0x00000000bbb00000| Untracked 
| 956|0x00000000bbc00000, 0x00000000bbc00000, 0x00000000bbd00000|  0%| F|  |TAMS 0x00000000bbc00000, 0x00000000bbc00000| Untracked 
| 957|0x00000000bbd00000, 0x00000000bbd00000, 0x00000000bbe00000|  0%| F|  |TAMS 0x00000000bbd00000, 0x00000000bbd00000| Untracked 
| 958|0x00000000bbe00000, 0x00000000bbe00000, 0x00000000bbf00000|  0%| F|  |TAMS 0x00000000bbe00000, 0x00000000bbe00000| Untracked 
| 959|0x00000000bbf00000, 0x00000000bbf00000, 0x00000000bc000000|  0%| F|  |TAMS 0x00000000bbf00000, 0x00000000bbf00000| Untracked 
| 960|0x00000000bc000000, 0x00000000bc000000, 0x00000000bc100000|  0%| F|  |TAMS 0x00000000bc000000, 0x00000000bc000000| Untracked 
| 961|0x00000000bc100000, 0x00000000bc100000, 0x00000000bc200000|  0%| F|  |TAMS 0x00000000bc100000, 0x00000000bc100000| Untracked 
| 962|0x00000000bc200000, 0x00000000bc200000, 0x00000000bc300000|  0%| F|  |TAMS 0x00000000bc200000, 0x00000000bc200000| Untracked 
| 963|0x00000000bc300000, 0x00000000bc300000, 0x00000000bc400000|  0%| F|  |TAMS 0x00000000bc300000, 0x00000000bc300000| Untracked 
| 964|0x00000000bc400000, 0x00000000bc400000, 0x00000000bc500000|  0%| F|  |TAMS 0x00000000bc400000, 0x00000000bc400000| Untracked 
| 965|0x00000000bc500000, 0x00000000bc500000, 0x00000000bc600000|  0%| F|  |TAMS 0x00000000bc500000, 0x00000000bc500000| Untracked 
| 966|0x00000000bc600000, 0x00000000bc600000, 0x00000000bc700000|  0%| F|  |TAMS 0x00000000bc600000, 0x00000000bc600000| Untracked 
| 967|0x00000000bc700000, 0x00000000bc700000, 0x00000000bc800000|  0%| F|  |TAMS 0x00000000bc700000, 0x00000000bc700000| Untracked 
| 968|0x00000000bc800000, 0x00000000bc800000, 0x00000000bc900000|  0%| F|  |TAMS 0x00000000bc800000, 0x00000000bc800000| Untracked 
| 969|0x00000000bc900000, 0x00000000bc900000, 0x00000000bca00000|  0%| F|  |TAMS 0x00000000bc900000, 0x00000000bc900000| Untracked 
| 970|0x00000000bca00000, 0x00000000bca00000, 0x00000000bcb00000|  0%| F|  |TAMS 0x00000000bca00000, 0x00000000bca00000| Untracked 
| 971|0x00000000bcb00000, 0x00000000bcb00000, 0x00000000bcc00000|  0%| F|  |TAMS 0x00000000bcb00000, 0x00000000bcb00000| Untracked 
| 972|0x00000000bcc00000, 0x00000000bcc00000, 0x00000000bcd00000|  0%| F|  |TAMS 0x00000000bcc00000, 0x00000000bcc00000| Untracked 
| 973|0x00000000bcd00000, 0x00000000bcd00000, 0x00000000bce00000|  0%| F|  |TAMS 0x00000000bcd00000, 0x00000000bcd00000| Untracked 
| 974|0x00000000bce00000, 0x00000000bce00000, 0x00000000bcf00000|  0%| F|  |TAMS 0x00000000bce00000, 0x00000000bce00000| Untracked 
| 975|0x00000000bcf00000, 0x00000000bcf00000, 0x00000000bd000000|  0%| F|  |TAMS 0x00000000bcf00000, 0x00000000bcf00000| Untracked 
| 976|0x00000000bd000000, 0x00000000bd000000, 0x00000000bd100000|  0%| F|  |TAMS 0x00000000bd000000, 0x00000000bd000000| Untracked 
| 977|0x00000000bd100000, 0x00000000bd100000, 0x00000000bd200000|  0%| F|  |TAMS 0x00000000bd100000, 0x00000000bd100000| Untracked 
| 978|0x00000000bd200000, 0x00000000bd200000, 0x00000000bd300000|  0%| F|  |TAMS 0x00000000bd200000, 0x00000000bd200000| Untracked 
| 979|0x00000000bd300000, 0x00000000bd300000, 0x00000000bd400000|  0%| F|  |TAMS 0x00000000bd300000, 0x00000000bd300000| Untracked 
| 980|0x00000000bd400000, 0x00000000bd400000, 0x00000000bd500000|  0%| F|  |TAMS 0x00000000bd400000, 0x00000000bd400000| Untracked 
| 981|0x00000000bd500000, 0x00000000bd500000, 0x00000000bd600000|  0%| F|  |TAMS 0x00000000bd500000, 0x00000000bd500000| Untracked 
| 982|0x00000000bd600000, 0x00000000bd600000, 0x00000000bd700000|  0%| F|  |TAMS 0x00000000bd600000, 0x00000000bd600000| Untracked 
| 983|0x00000000bd700000, 0x00000000bd700000, 0x00000000bd800000|  0%| F|  |TAMS 0x00000000bd700000, 0x00000000bd700000| Untracked 
| 984|0x00000000bd800000, 0x00000000bd800000, 0x00000000bd900000|  0%| F|  |TAMS 0x00000000bd800000, 0x00000000bd800000| Untracked 
| 985|0x00000000bd900000, 0x00000000bd900000, 0x00000000bda00000|  0%| F|  |TAMS 0x00000000bd900000, 0x00000000bd900000| Untracked 
| 986|0x00000000bda00000, 0x00000000bda00000, 0x00000000bdb00000|  0%| F|  |TAMS 0x00000000bda00000, 0x00000000bda00000| Untracked 
| 987|0x00000000bdb00000, 0x00000000bdb00000, 0x00000000bdc00000|  0%| F|  |TAMS 0x00000000bdb00000, 0x00000000bdb00000| Untracked 
| 988|0x00000000bdc00000, 0x00000000bdc00000, 0x00000000bdd00000|  0%| F|  |TAMS 0x00000000bdc00000, 0x00000000bdc00000| Untracked 
| 989|0x00000000bdd00000, 0x00000000bdd00000, 0x00000000bde00000|  0%| F|  |TAMS 0x00000000bdd00000, 0x00000000bdd00000| Untracked 
| 990|0x00000000bde00000, 0x00000000bde00000, 0x00000000bdf00000|  0%| F|  |TAMS 0x00000000bde00000, 0x00000000bde00000| Untracked 
| 991|0x00000000bdf00000, 0x00000000bdf00000, 0x00000000be000000|  0%| F|  |TAMS 0x00000000bdf00000, 0x00000000bdf00000| Untracked 
| 992|0x00000000be000000, 0x00000000be000000, 0x00000000be100000|  0%| F|  |TAMS 0x00000000be000000, 0x00000000be000000| Untracked 
| 993|0x00000000be100000, 0x00000000be100000, 0x00000000be200000|  0%| F|  |TAMS 0x00000000be100000, 0x00000000be100000| Untracked 
| 994|0x00000000be200000, 0x00000000be200000, 0x00000000be300000|  0%| F|  |TAMS 0x00000000be200000, 0x00000000be200000| Untracked 
| 995|0x00000000be300000, 0x00000000be300000, 0x00000000be400000|  0%| F|  |TAMS 0x00000000be300000, 0x00000000be300000| Untracked 
| 996|0x00000000be400000, 0x00000000be400000, 0x00000000be500000|  0%| F|  |TAMS 0x00000000be400000, 0x00000000be400000| Untracked 
| 997|0x00000000be500000, 0x00000000be500000, 0x00000000be600000|  0%| F|  |TAMS 0x00000000be500000, 0x00000000be500000| Untracked 
| 998|0x00000000be600000, 0x00000000be600000, 0x00000000be700000|  0%| F|  |TAMS 0x00000000be600000, 0x00000000be600000| Untracked 
| 999|0x00000000be700000, 0x00000000be700000, 0x00000000be800000|  0%| F|  |TAMS 0x00000000be700000, 0x00000000be700000| Untracked 
|1000|0x00000000be800000, 0x00000000be800000, 0x00000000be900000|  0%| F|  |TAMS 0x00000000be800000, 0x00000000be800000| Untracked 
|1001|0x00000000be900000, 0x00000000be900000, 0x00000000bea00000|  0%| F|  |TAMS 0x00000000be900000, 0x00000000be900000| Untracked 
|1002|0x00000000bea00000, 0x00000000bea00000, 0x00000000beb00000|  0%| F|  |TAMS 0x00000000bea00000, 0x00000000bea00000| Untracked 
|1003|0x00000000beb00000, 0x00000000beb00000, 0x00000000bec00000|  0%| F|  |TAMS 0x00000000beb00000, 0x00000000beb00000| Untracked 
|1004|0x00000000bec00000, 0x00000000bec00000, 0x00000000bed00000|  0%| F|  |TAMS 0x00000000bec00000, 0x00000000bec00000| Untracked 
|1005|0x00000000bed00000, 0x00000000bed00000, 0x00000000bee00000|  0%| F|  |TAMS 0x00000000bed00000, 0x00000000bed00000| Untracked 
|1006|0x00000000bee00000, 0x00000000bee00000, 0x00000000bef00000|  0%| F|  |TAMS 0x00000000bee00000, 0x00000000bee00000| Untracked 
|1007|0x00000000bef00000, 0x00000000bef00000, 0x00000000bf000000|  0%| F|  |TAMS 0x00000000bef00000, 0x00000000bef00000| Untracked 
|1008|0x00000000bf000000, 0x00000000bf000000, 0x00000000bf100000|  0%| F|  |TAMS 0x00000000bf000000, 0x00000000bf000000| Untracked 
|1009|0x00000000bf100000, 0x00000000bf100000, 0x00000000bf200000|  0%| F|  |TAMS 0x00000000bf100000, 0x00000000bf100000| Untracked 
|1010|0x00000000bf200000, 0x00000000bf200000, 0x00000000bf300000|  0%| F|  |TAMS 0x00000000bf200000, 0x00000000bf200000| Untracked 
|1011|0x00000000bf300000, 0x00000000bf300000, 0x00000000bf400000|  0%| F|  |TAMS 0x00000000bf300000, 0x00000000bf300000| Untracked 
|1012|0x00000000bf400000, 0x00000000bf400000, 0x00000000bf500000|  0%| F|  |TAMS 0x00000000bf400000, 0x00000000bf400000| Untracked 
|1013|0x00000000bf500000, 0x00000000bf500000, 0x00000000bf600000|  0%| F|  |TAMS 0x00000000bf500000, 0x00000000bf500000| Untracked 
|1014|0x00000000bf600000, 0x00000000bf600000, 0x00000000bf700000|  0%| F|  |TAMS 0x00000000bf600000, 0x00000000bf600000| Untracked 
|1015|0x00000000bf700000, 0x00000000bf700000, 0x00000000bf800000|  0%| F|  |TAMS 0x00000000bf700000, 0x00000000bf700000| Untracked 
|1016|0x00000000bf800000, 0x00000000bf800000, 0x00000000bf900000|  0%| F|  |TAMS 0x00000000bf800000, 0x00000000bf800000| Untracked 
|1017|0x00000000bf900000, 0x00000000bf900000, 0x00000000bfa00000|  0%| F|  |TAMS 0x00000000bf900000, 0x00000000bf900000| Untracked 
|1018|0x00000000bfa00000, 0x00000000bfa00000, 0x00000000bfb00000|  0%| F|  |TAMS 0x00000000bfa00000, 0x00000000bfa00000| Untracked 
|1019|0x00000000bfb00000, 0x00000000bfb00000, 0x00000000bfc00000|  0%| F|  |TAMS 0x00000000bfb00000, 0x00000000bfb00000| Untracked 
|1020|0x00000000bfc00000, 0x00000000bfc00000, 0x00000000bfd00000|  0%| F|  |TAMS 0x00000000bfc00000, 0x00000000bfc00000| Untracked 
|1021|0x00000000bfd00000, 0x00000000bfd00000, 0x00000000bfe00000|  0%| F|  |TAMS 0x00000000bfd00000, 0x00000000bfd00000| Untracked 
|1022|0x00000000bfe00000, 0x00000000bfe00000, 0x00000000bff00000|  0%| F|  |TAMS 0x00000000bfe00000, 0x00000000bfe00000| Untracked 
|1023|0x00000000bff00000, 0x00000000bff00000, 0x00000000c0000000|  0%| F|  |TAMS 0x00000000bff00000, 0x00000000bff00000| Untracked 
|1024|0x00000000c0000000, 0x00000000c0000000, 0x00000000c0100000|  0%| F|  |TAMS 0x00000000c0000000, 0x00000000c0000000| Untracked 
|1025|0x00000000c0100000, 0x00000000c0100000, 0x00000000c0200000|  0%| F|  |TAMS 0x00000000c0100000, 0x00000000c0100000| Untracked 
|1026|0x00000000c0200000, 0x00000000c0200000, 0x00000000c0300000|  0%| F|  |TAMS 0x00000000c0200000, 0x00000000c0200000| Untracked 
|1027|0x00000000c0300000, 0x00000000c0300000, 0x00000000c0400000|  0%| F|  |TAMS 0x00000000c0300000, 0x00000000c0300000| Untracked 
|1028|0x00000000c0400000, 0x00000000c0400000, 0x00000000c0500000|  0%| F|  |TAMS 0x00000000c0400000, 0x00000000c0400000| Untracked 
|1029|0x00000000c0500000, 0x00000000c0500000, 0x00000000c0600000|  0%| F|  |TAMS 0x00000000c0500000, 0x00000000c0500000| Untracked 
|1030|0x00000000c0600000, 0x00000000c0600000, 0x00000000c0700000|  0%| F|  |TAMS 0x00000000c0600000, 0x00000000c0600000| Untracked 
|1031|0x00000000c0700000, 0x00000000c0700000, 0x00000000c0800000|  0%| F|  |TAMS 0x00000000c0700000, 0x00000000c0700000| Untracked 
|1032|0x00000000c0800000, 0x00000000c0800000, 0x00000000c0900000|  0%| F|  |TAMS 0x00000000c0800000, 0x00000000c0800000| Untracked 
|1033|0x00000000c0900000, 0x00000000c0900000, 0x00000000c0a00000|  0%| F|  |TAMS 0x00000000c0900000, 0x00000000c0900000| Untracked 
|1034|0x00000000c0a00000, 0x00000000c0a00000, 0x00000000c0b00000|  0%| F|  |TAMS 0x00000000c0a00000, 0x00000000c0a00000| Untracked 
|1035|0x00000000c0b00000, 0x00000000c0b00000, 0x00000000c0c00000|  0%| F|  |TAMS 0x00000000c0b00000, 0x00000000c0b00000| Untracked 
|1036|0x00000000c0c00000, 0x00000000c0c00000, 0x00000000c0d00000|  0%| F|  |TAMS 0x00000000c0c00000, 0x00000000c0c00000| Untracked 
|1037|0x00000000c0d00000, 0x00000000c0d00000, 0x00000000c0e00000|  0%| F|  |TAMS 0x00000000c0d00000, 0x00000000c0d00000| Untracked 
|1038|0x00000000c0e00000, 0x00000000c0e00000, 0x00000000c0f00000|  0%| F|  |TAMS 0x00000000c0e00000, 0x00000000c0e00000| Untracked 
|1039|0x00000000c0f00000, 0x00000000c0f00000, 0x00000000c1000000|  0%| F|  |TAMS 0x00000000c0f00000, 0x00000000c0f00000| Untracked 
|1040|0x00000000c1000000, 0x00000000c1000000, 0x00000000c1100000|  0%| F|  |TAMS 0x00000000c1000000, 0x00000000c1000000| Untracked 
|1041|0x00000000c1100000, 0x00000000c1100000, 0x00000000c1200000|  0%| F|  |TAMS 0x00000000c1100000, 0x00000000c1100000| Untracked 
|1042|0x00000000c1200000, 0x00000000c1200000, 0x00000000c1300000|  0%| F|  |TAMS 0x00000000c1200000, 0x00000000c1200000| Untracked 
|1043|0x00000000c1300000, 0x00000000c1300000, 0x00000000c1400000|  0%| F|  |TAMS 0x00000000c1300000, 0x00000000c1300000| Untracked 
|1044|0x00000000c1400000, 0x00000000c1400000, 0x00000000c1500000|  0%| F|  |TAMS 0x00000000c1400000, 0x00000000c1400000| Untracked 
|1045|0x00000000c1500000, 0x00000000c1500000, 0x00000000c1600000|  0%| F|  |TAMS 0x00000000c1500000, 0x00000000c1500000| Untracked 
|1046|0x00000000c1600000, 0x00000000c1600000, 0x00000000c1700000|  0%| F|  |TAMS 0x00000000c1600000, 0x00000000c1600000| Untracked 
|1047|0x00000000c1700000, 0x00000000c1700000, 0x00000000c1800000|  0%| F|  |TAMS 0x00000000c1700000, 0x00000000c1700000| Untracked 
|1048|0x00000000c1800000, 0x00000000c1800000, 0x00000000c1900000|  0%| F|  |TAMS 0x00000000c1800000, 0x00000000c1800000| Untracked 
|1049|0x00000000c1900000, 0x00000000c1900000, 0x00000000c1a00000|  0%| F|  |TAMS 0x00000000c1900000, 0x00000000c1900000| Untracked 
|1050|0x00000000c1a00000, 0x00000000c1a00000, 0x00000000c1b00000|  0%| F|  |TAMS 0x00000000c1a00000, 0x00000000c1a00000| Untracked 
|1051|0x00000000c1b00000, 0x00000000c1b00000, 0x00000000c1c00000|  0%| F|  |TAMS 0x00000000c1b00000, 0x00000000c1b00000| Untracked 
|1052|0x00000000c1c00000, 0x00000000c1c00000, 0x00000000c1d00000|  0%| F|  |TAMS 0x00000000c1c00000, 0x00000000c1c00000| Untracked 
|1053|0x00000000c1d00000, 0x00000000c1d00000, 0x00000000c1e00000|  0%| F|  |TAMS 0x00000000c1d00000, 0x00000000c1d00000| Untracked 
|1054|0x00000000c1e00000, 0x00000000c1e00000, 0x00000000c1f00000|  0%| F|  |TAMS 0x00000000c1e00000, 0x00000000c1e00000| Untracked 
|1055|0x00000000c1f00000, 0x00000000c1f00000, 0x00000000c2000000|  0%| F|  |TAMS 0x00000000c1f00000, 0x00000000c1f00000| Untracked 
|1056|0x00000000c2000000, 0x00000000c2000000, 0x00000000c2100000|  0%| F|  |TAMS 0x00000000c2000000, 0x00000000c2000000| Untracked 
|1057|0x00000000c2100000, 0x00000000c2100000, 0x00000000c2200000|  0%| F|  |TAMS 0x00000000c2100000, 0x00000000c2100000| Untracked 
|1058|0x00000000c2200000, 0x00000000c2200000, 0x00000000c2300000|  0%| F|  |TAMS 0x00000000c2200000, 0x00000000c2200000| Untracked 
|1059|0x00000000c2300000, 0x00000000c2300000, 0x00000000c2400000|  0%| F|  |TAMS 0x00000000c2300000, 0x00000000c2300000| Untracked 
|1060|0x00000000c2400000, 0x00000000c2400000, 0x00000000c2500000|  0%| F|  |TAMS 0x00000000c2400000, 0x00000000c2400000| Untracked 
|1061|0x00000000c2500000, 0x00000000c2500000, 0x00000000c2600000|  0%| F|  |TAMS 0x00000000c2500000, 0x00000000c2500000| Untracked 
|1062|0x00000000c2600000, 0x00000000c2600000, 0x00000000c2700000|  0%| F|  |TAMS 0x00000000c2600000, 0x00000000c2600000| Untracked 
|1063|0x00000000c2700000, 0x00000000c2700000, 0x00000000c2800000|  0%| F|  |TAMS 0x00000000c2700000, 0x00000000c2700000| Untracked 
|1064|0x00000000c2800000, 0x00000000c2800000, 0x00000000c2900000|  0%| F|  |TAMS 0x00000000c2800000, 0x00000000c2800000| Untracked 
|1065|0x00000000c2900000, 0x00000000c2900000, 0x00000000c2a00000|  0%| F|  |TAMS 0x00000000c2900000, 0x00000000c2900000| Untracked 
|1066|0x00000000c2a00000, 0x00000000c2a00000, 0x00000000c2b00000|  0%| F|  |TAMS 0x00000000c2a00000, 0x00000000c2a00000| Untracked 
|1067|0x00000000c2b00000, 0x00000000c2b00000, 0x00000000c2c00000|  0%| F|  |TAMS 0x00000000c2b00000, 0x00000000c2b00000| Untracked 
|1068|0x00000000c2c00000, 0x00000000c2c00000, 0x00000000c2d00000|  0%| F|  |TAMS 0x00000000c2c00000, 0x00000000c2c00000| Untracked 
|1069|0x00000000c2d00000, 0x00000000c2d00000, 0x00000000c2e00000|  0%| F|  |TAMS 0x00000000c2d00000, 0x00000000c2d00000| Untracked 
|1070|0x00000000c2e00000, 0x00000000c2e00000, 0x00000000c2f00000|  0%| F|  |TAMS 0x00000000c2e00000, 0x00000000c2e00000| Untracked 
|1071|0x00000000c2f00000, 0x00000000c2f00000, 0x00000000c3000000|  0%| F|  |TAMS 0x00000000c2f00000, 0x00000000c2f00000| Untracked 
|1072|0x00000000c3000000, 0x00000000c3000000, 0x00000000c3100000|  0%| F|  |TAMS 0x00000000c3000000, 0x00000000c3000000| Untracked 
|1073|0x00000000c3100000, 0x00000000c3100000, 0x00000000c3200000|  0%| F|  |TAMS 0x00000000c3100000, 0x00000000c3100000| Untracked 
|1074|0x00000000c3200000, 0x00000000c3200000, 0x00000000c3300000|  0%| F|  |TAMS 0x00000000c3200000, 0x00000000c3200000| Untracked 
|1075|0x00000000c3300000, 0x00000000c3300000, 0x00000000c3400000|  0%| F|  |TAMS 0x00000000c3300000, 0x00000000c3300000| Untracked 
|1076|0x00000000c3400000, 0x00000000c3400000, 0x00000000c3500000|  0%| F|  |TAMS 0x00000000c3400000, 0x00000000c3400000| Untracked 
|1077|0x00000000c3500000, 0x00000000c3500000, 0x00000000c3600000|  0%| F|  |TAMS 0x00000000c3500000, 0x00000000c3500000| Untracked 
|1078|0x00000000c3600000, 0x00000000c3600000, 0x00000000c3700000|  0%| F|  |TAMS 0x00000000c3600000, 0x00000000c3600000| Untracked 
|1079|0x00000000c3700000, 0x00000000c3700000, 0x00000000c3800000|  0%| F|  |TAMS 0x00000000c3700000, 0x00000000c3700000| Untracked 
|1080|0x00000000c3800000, 0x00000000c3800000, 0x00000000c3900000|  0%| F|  |TAMS 0x00000000c3800000, 0x00000000c3800000| Untracked 
|1081|0x00000000c3900000, 0x00000000c3900000, 0x00000000c3a00000|  0%| F|  |TAMS 0x00000000c3900000, 0x00000000c3900000| Untracked 
|1082|0x00000000c3a00000, 0x00000000c3a00000, 0x00000000c3b00000|  0%| F|  |TAMS 0x00000000c3a00000, 0x00000000c3a00000| Untracked 
|1083|0x00000000c3b00000, 0x00000000c3b00000, 0x00000000c3c00000|  0%| F|  |TAMS 0x00000000c3b00000, 0x00000000c3b00000| Untracked 
|1084|0x00000000c3c00000, 0x00000000c3c00000, 0x00000000c3d00000|  0%| F|  |TAMS 0x00000000c3c00000, 0x00000000c3c00000| Untracked 
|1085|0x00000000c3d00000, 0x00000000c3d00000, 0x00000000c3e00000|  0%| F|  |TAMS 0x00000000c3d00000, 0x00000000c3d00000| Untracked 
|1086|0x00000000c3e00000, 0x00000000c3e00000, 0x00000000c3f00000|  0%| F|  |TAMS 0x00000000c3e00000, 0x00000000c3e00000| Untracked 
|1087|0x00000000c3f00000, 0x00000000c3f00000, 0x00000000c4000000|  0%| F|  |TAMS 0x00000000c3f00000, 0x00000000c3f00000| Untracked 
|1088|0x00000000c4000000, 0x00000000c4000000, 0x00000000c4100000|  0%| F|  |TAMS 0x00000000c4000000, 0x00000000c4000000| Untracked 
|1089|0x00000000c4100000, 0x00000000c4100000, 0x00000000c4200000|  0%| F|  |TAMS 0x00000000c4100000, 0x00000000c4100000| Untracked 
|1090|0x00000000c4200000, 0x00000000c4200000, 0x00000000c4300000|  0%| F|  |TAMS 0x00000000c4200000, 0x00000000c4200000| Untracked 
|1091|0x00000000c4300000, 0x00000000c4300000, 0x00000000c4400000|  0%| F|  |TAMS 0x00000000c4300000, 0x00000000c4300000| Untracked 
|1092|0x00000000c4400000, 0x00000000c4400000, 0x00000000c4500000|  0%| F|  |TAMS 0x00000000c4400000, 0x00000000c4400000| Untracked 
|1093|0x00000000c4500000, 0x00000000c4500000, 0x00000000c4600000|  0%| F|  |TAMS 0x00000000c4500000, 0x00000000c4500000| Untracked 
|1094|0x00000000c4600000, 0x00000000c4600000, 0x00000000c4700000|  0%| F|  |TAMS 0x00000000c4600000, 0x00000000c4600000| Untracked 
|1095|0x00000000c4700000, 0x00000000c4700000, 0x00000000c4800000|  0%| F|  |TAMS 0x00000000c4700000, 0x00000000c4700000| Untracked 
|1096|0x00000000c4800000, 0x00000000c4800000, 0x00000000c4900000|  0%| F|  |TAMS 0x00000000c4800000, 0x00000000c4800000| Untracked 
|1097|0x00000000c4900000, 0x00000000c4900000, 0x00000000c4a00000|  0%| F|  |TAMS 0x00000000c4900000, 0x00000000c4900000| Untracked 
|1098|0x00000000c4a00000, 0x00000000c4a00000, 0x00000000c4b00000|  0%| F|  |TAMS 0x00000000c4a00000, 0x00000000c4a00000| Untracked 
|1099|0x00000000c4b00000, 0x00000000c4b00000, 0x00000000c4c00000|  0%| F|  |TAMS 0x00000000c4b00000, 0x00000000c4b00000| Untracked 
|1100|0x00000000c4c00000, 0x00000000c4c00000, 0x00000000c4d00000|  0%| F|  |TAMS 0x00000000c4c00000, 0x00000000c4c00000| Untracked 
|1101|0x00000000c4d00000, 0x00000000c4d00000, 0x00000000c4e00000|  0%| F|  |TAMS 0x00000000c4d00000, 0x00000000c4d00000| Untracked 
|1102|0x00000000c4e00000, 0x00000000c4e00000, 0x00000000c4f00000|  0%| F|  |TAMS 0x00000000c4e00000, 0x00000000c4e00000| Untracked 
|1103|0x00000000c4f00000, 0x00000000c4f00000, 0x00000000c5000000|  0%| F|  |TAMS 0x00000000c4f00000, 0x00000000c4f00000| Untracked 
|1104|0x00000000c5000000, 0x00000000c5000000, 0x00000000c5100000|  0%| F|  |TAMS 0x00000000c5000000, 0x00000000c5000000| Untracked 
|1105|0x00000000c5100000, 0x00000000c5100000, 0x00000000c5200000|  0%| F|  |TAMS 0x00000000c5100000, 0x00000000c5100000| Untracked 
|1106|0x00000000c5200000, 0x00000000c5200000, 0x00000000c5300000|  0%| F|  |TAMS 0x00000000c5200000, 0x00000000c5200000| Untracked 
|1107|0x00000000c5300000, 0x00000000c5300000, 0x00000000c5400000|  0%| F|  |TAMS 0x00000000c5300000, 0x00000000c5300000| Untracked 
|1108|0x00000000c5400000, 0x00000000c5400000, 0x00000000c5500000|  0%| F|  |TAMS 0x00000000c5400000, 0x00000000c5400000| Untracked 
|1109|0x00000000c5500000, 0x00000000c5500000, 0x00000000c5600000|  0%| F|  |TAMS 0x00000000c5500000, 0x00000000c5500000| Untracked 
|1110|0x00000000c5600000, 0x00000000c5600000, 0x00000000c5700000|  0%| F|  |TAMS 0x00000000c5600000, 0x00000000c5600000| Untracked 
|1111|0x00000000c5700000, 0x00000000c5700000, 0x00000000c5800000|  0%| F|  |TAMS 0x00000000c5700000, 0x00000000c5700000| Untracked 
|1112|0x00000000c5800000, 0x00000000c5800000, 0x00000000c5900000|  0%| F|  |TAMS 0x00000000c5800000, 0x00000000c5800000| Untracked 
|1113|0x00000000c5900000, 0x00000000c5900000, 0x00000000c5a00000|  0%| F|  |TAMS 0x00000000c5900000, 0x00000000c5900000| Untracked 
|1114|0x00000000c5a00000, 0x00000000c5a00000, 0x00000000c5b00000|  0%| F|  |TAMS 0x00000000c5a00000, 0x00000000c5a00000| Untracked 
|1115|0x00000000c5b00000, 0x00000000c5b00000, 0x00000000c5c00000|  0%| F|  |TAMS 0x00000000c5b00000, 0x00000000c5b00000| Untracked 
|1116|0x00000000c5c00000, 0x00000000c5c00000, 0x00000000c5d00000|  0%| F|  |TAMS 0x00000000c5c00000, 0x00000000c5c00000| Untracked 
|1117|0x00000000c5d00000, 0x00000000c5d00000, 0x00000000c5e00000|  0%| F|  |TAMS 0x00000000c5d00000, 0x00000000c5d00000| Untracked 
|1118|0x00000000c5e00000, 0x00000000c5e00000, 0x00000000c5f00000|  0%| F|  |TAMS 0x00000000c5e00000, 0x00000000c5e00000| Untracked 
|1119|0x00000000c5f00000, 0x00000000c5f00000, 0x00000000c6000000|  0%| F|  |TAMS 0x00000000c5f00000, 0x00000000c5f00000| Untracked 
|1120|0x00000000c6000000, 0x00000000c6000000, 0x00000000c6100000|  0%| F|  |TAMS 0x00000000c6000000, 0x00000000c6000000| Untracked 
|1121|0x00000000c6100000, 0x00000000c6100000, 0x00000000c6200000|  0%| F|  |TAMS 0x00000000c6100000, 0x00000000c6100000| Untracked 
|1122|0x00000000c6200000, 0x00000000c6200000, 0x00000000c6300000|  0%| F|  |TAMS 0x00000000c6200000, 0x00000000c6200000| Untracked 
|1123|0x00000000c6300000, 0x00000000c6300000, 0x00000000c6400000|  0%| F|  |TAMS 0x00000000c6300000, 0x00000000c6300000| Untracked 
|1124|0x00000000c6400000, 0x00000000c6400000, 0x00000000c6500000|  0%| F|  |TAMS 0x00000000c6400000, 0x00000000c6400000| Untracked 
|1125|0x00000000c6500000, 0x00000000c6500000, 0x00000000c6600000|  0%| F|  |TAMS 0x00000000c6500000, 0x00000000c6500000| Untracked 
|1126|0x00000000c6600000, 0x00000000c6600000, 0x00000000c6700000|  0%| F|  |TAMS 0x00000000c6600000, 0x00000000c6600000| Untracked 
|1127|0x00000000c6700000, 0x00000000c6700000, 0x00000000c6800000|  0%| F|  |TAMS 0x00000000c6700000, 0x00000000c6700000| Untracked 
|1128|0x00000000c6800000, 0x00000000c6800000, 0x00000000c6900000|  0%| F|  |TAMS 0x00000000c6800000, 0x00000000c6800000| Untracked 
|1129|0x00000000c6900000, 0x00000000c6900000, 0x00000000c6a00000|  0%| F|  |TAMS 0x00000000c6900000, 0x00000000c6900000| Untracked 
|1130|0x00000000c6a00000, 0x00000000c6a00000, 0x00000000c6b00000|  0%| F|  |TAMS 0x00000000c6a00000, 0x00000000c6a00000| Untracked 
|1131|0x00000000c6b00000, 0x00000000c6b00000, 0x00000000c6c00000|  0%| F|  |TAMS 0x00000000c6b00000, 0x00000000c6b00000| Untracked 
|1132|0x00000000c6c00000, 0x00000000c6c00000, 0x00000000c6d00000|  0%| F|  |TAMS 0x00000000c6c00000, 0x00000000c6c00000| Untracked 
|1133|0x00000000c6d00000, 0x00000000c6d00000, 0x00000000c6e00000|  0%| F|  |TAMS 0x00000000c6d00000, 0x00000000c6d00000| Untracked 
|1134|0x00000000c6e00000, 0x00000000c6e00000, 0x00000000c6f00000|  0%| F|  |TAMS 0x00000000c6e00000, 0x00000000c6e00000| Untracked 
|1135|0x00000000c6f00000, 0x00000000c6f00000, 0x00000000c7000000|  0%| F|  |TAMS 0x00000000c6f00000, 0x00000000c6f00000| Untracked 
|1136|0x00000000c7000000, 0x00000000c7000000, 0x00000000c7100000|  0%| F|  |TAMS 0x00000000c7000000, 0x00000000c7000000| Untracked 
|1137|0x00000000c7100000, 0x00000000c71a3440, 0x00000000c7200000| 63%| S|CS|TAMS 0x00000000c7100000, 0x00000000c7100000| Complete 
|1138|0x00000000c7200000, 0x00000000c7300000, 0x00000000c7300000|100%| S|CS|TAMS 0x00000000c7200000, 0x00000000c7200000| Complete 
|1139|0x00000000c7300000, 0x00000000c7400000, 0x00000000c7400000|100%| S|CS|TAMS 0x00000000c7300000, 0x00000000c7300000| Complete 
|1140|0x00000000c7400000, 0x00000000c7500000, 0x00000000c7500000|100%| S|CS|TAMS 0x00000000c7400000, 0x00000000c7400000| Complete 
|1141|0x00000000c7500000, 0x00000000c7600000, 0x00000000c7600000|100%| S|CS|TAMS 0x00000000c7500000, 0x00000000c7500000| Complete 
|1142|0x00000000c7600000, 0x00000000c7700000, 0x00000000c7700000|100%| S|CS|TAMS 0x00000000c7600000, 0x00000000c7600000| Complete 
|1143|0x00000000c7700000, 0x00000000c7800000, 0x00000000c7800000|100%| S|CS|TAMS 0x00000000c7700000, 0x00000000c7700000| Complete 
|1144|0x00000000c7800000, 0x00000000c7900000, 0x00000000c7900000|100%| S|CS|TAMS 0x00000000c7800000, 0x00000000c7800000| Complete 
|1145|0x00000000c7900000, 0x00000000c7a00000, 0x00000000c7a00000|100%| S|CS|TAMS 0x00000000c7900000, 0x00000000c7900000| Complete 
|1146|0x00000000c7a00000, 0x00000000c7b00000, 0x00000000c7b00000|100%| S|CS|TAMS 0x00000000c7a00000, 0x00000000c7a00000| Complete 
|1147|0x00000000c7b00000, 0x00000000c7c00000, 0x00000000c7c00000|100%| S|CS|TAMS 0x00000000c7b00000, 0x00000000c7b00000| Complete 
|1148|0x00000000c7c00000, 0x00000000c7d00000, 0x00000000c7d00000|100%| S|CS|TAMS 0x00000000c7c00000, 0x00000000c7c00000| Complete 
|1149|0x00000000c7d00000, 0x00000000c7e00000, 0x00000000c7e00000|100%| S|CS|TAMS 0x00000000c7d00000, 0x00000000c7d00000| Complete 
|1150|0x00000000c7e00000, 0x00000000c7f00000, 0x00000000c7f00000|100%| S|CS|TAMS 0x00000000c7e00000, 0x00000000c7e00000| Complete 
|1151|0x00000000c7f00000, 0x00000000c8000000, 0x00000000c8000000|100%| S|CS|TAMS 0x00000000c7f00000, 0x00000000c7f00000| Complete 
|1152|0x00000000c8000000, 0x00000000c8100000, 0x00000000c8100000|100%| S|CS|TAMS 0x00000000c8000000, 0x00000000c8000000| Complete 
|1153|0x00000000c8100000, 0x00000000c8200000, 0x00000000c8200000|100%| S|CS|TAMS 0x00000000c8100000, 0x00000000c8100000| Complete 
|1154|0x00000000c8200000, 0x00000000c8300000, 0x00000000c8300000|100%| S|CS|TAMS 0x00000000c8200000, 0x00000000c8200000| Complete 
|1155|0x00000000c8300000, 0x00000000c8400000, 0x00000000c8400000|100%| S|CS|TAMS 0x00000000c8300000, 0x00000000c8300000| Complete 
|1156|0x00000000c8400000, 0x00000000c8500000, 0x00000000c8500000|100%| S|CS|TAMS 0x00000000c8400000, 0x00000000c8400000| Complete 
|1157|0x00000000c8500000, 0x00000000c8600000, 0x00000000c8600000|100%| S|CS|TAMS 0x00000000c8500000, 0x00000000c8500000| Complete 
|1158|0x00000000c8600000, 0x00000000c8700000, 0x00000000c8700000|100%| S|CS|TAMS 0x00000000c8600000, 0x00000000c8600000| Complete 
|1159|0x00000000c8700000, 0x00000000c8800000, 0x00000000c8800000|100%| S|CS|TAMS 0x00000000c8700000, 0x00000000c8700000| Complete 
|1160|0x00000000c8800000, 0x00000000c8900000, 0x00000000c8900000|100%| S|CS|TAMS 0x00000000c8800000, 0x00000000c8800000| Complete 
|1161|0x00000000c8900000, 0x00000000c8a00000, 0x00000000c8a00000|100%| S|CS|TAMS 0x00000000c8900000, 0x00000000c8900000| Complete 
|1162|0x00000000c8a00000, 0x00000000c8b00000, 0x00000000c8b00000|100%| S|CS|TAMS 0x00000000c8a00000, 0x00000000c8a00000| Complete 
|1163|0x00000000c8b00000, 0x00000000c8c00000, 0x00000000c8c00000|100%| S|CS|TAMS 0x00000000c8b00000, 0x00000000c8b00000| Complete 
|1164|0x00000000c8c00000, 0x00000000c8d00000, 0x00000000c8d00000|100%| S|CS|TAMS 0x00000000c8c00000, 0x00000000c8c00000| Complete 
|1165|0x00000000c8d00000, 0x00000000c8e00000, 0x00000000c8e00000|100%| S|CS|TAMS 0x00000000c8d00000, 0x00000000c8d00000| Complete 
|1166|0x00000000c8e00000, 0x00000000c8f00000, 0x00000000c8f00000|100%| S|CS|TAMS 0x00000000c8e00000, 0x00000000c8e00000| Complete 
|1167|0x00000000c8f00000, 0x00000000c9000000, 0x00000000c9000000|100%| S|CS|TAMS 0x00000000c8f00000, 0x00000000c8f00000| Complete 
|1168|0x00000000c9000000, 0x00000000c9100000, 0x00000000c9100000|100%| S|CS|TAMS 0x00000000c9000000, 0x00000000c9000000| Complete 
|1169|0x00000000c9100000, 0x00000000c9200000, 0x00000000c9200000|100%| S|CS|TAMS 0x00000000c9100000, 0x00000000c9100000| Complete 
|1170|0x00000000c9200000, 0x00000000c9300000, 0x00000000c9300000|100%| S|CS|TAMS 0x00000000c9200000, 0x00000000c9200000| Complete 
|1171|0x00000000c9300000, 0x00000000c9400000, 0x00000000c9400000|100%| S|CS|TAMS 0x00000000c9300000, 0x00000000c9300000| Complete 
|1172|0x00000000c9400000, 0x00000000c9500000, 0x00000000c9500000|100%| S|CS|TAMS 0x00000000c9400000, 0x00000000c9400000| Complete 
|1173|0x00000000c9500000, 0x00000000c9600000, 0x00000000c9600000|100%| S|CS|TAMS 0x00000000c9500000, 0x00000000c9500000| Complete 
|1174|0x00000000c9600000, 0x00000000c9700000, 0x00000000c9700000|100%| S|CS|TAMS 0x00000000c9600000, 0x00000000c9600000| Complete 
|1175|0x00000000c9700000, 0x00000000c9800000, 0x00000000c9800000|100%| S|CS|TAMS 0x00000000c9700000, 0x00000000c9700000| Complete 
|1176|0x00000000c9800000, 0x00000000c9900000, 0x00000000c9900000|100%| S|CS|TAMS 0x00000000c9800000, 0x00000000c9800000| Complete 
|1177|0x00000000c9900000, 0x00000000c9a00000, 0x00000000c9a00000|100%| S|CS|TAMS 0x00000000c9900000, 0x00000000c9900000| Complete 
|1178|0x00000000c9a00000, 0x00000000c9a00000, 0x00000000c9b00000|  0%| F|  |TAMS 0x00000000c9a00000, 0x00000000c9a00000| Untracked 
|1179|0x00000000c9b00000, 0x00000000c9b00000, 0x00000000c9c00000|  0%| F|  |TAMS 0x00000000c9b00000, 0x00000000c9b00000| Untracked 
|1180|0x00000000c9c00000, 0x00000000c9c00000, 0x00000000c9d00000|  0%| F|  |TAMS 0x00000000c9c00000, 0x00000000c9c00000| Untracked 
|1181|0x00000000c9d00000, 0x00000000c9d00000, 0x00000000c9e00000|  0%| F|  |TAMS 0x00000000c9d00000, 0x00000000c9d00000| Untracked 
|1182|0x00000000c9e00000, 0x00000000c9e00000, 0x00000000c9f00000|  0%| F|  |TAMS 0x00000000c9e00000, 0x00000000c9e00000| Untracked 
|1183|0x00000000c9f00000, 0x00000000c9f00000, 0x00000000ca000000|  0%| F|  |TAMS 0x00000000c9f00000, 0x00000000c9f00000| Untracked 
|1184|0x00000000ca000000, 0x00000000ca000000, 0x00000000ca100000|  0%| F|  |TAMS 0x00000000ca000000, 0x00000000ca000000| Untracked 
|1185|0x00000000ca100000, 0x00000000ca100000, 0x00000000ca200000|  0%| F|  |TAMS 0x00000000ca100000, 0x00000000ca100000| Untracked 
|1186|0x00000000ca200000, 0x00000000ca200000, 0x00000000ca300000|  0%| F|  |TAMS 0x00000000ca200000, 0x00000000ca200000| Untracked 
|1187|0x00000000ca300000, 0x00000000ca300000, 0x00000000ca400000|  0%| F|  |TAMS 0x00000000ca300000, 0x00000000ca300000| Untracked 
|1188|0x00000000ca400000, 0x00000000ca400000, 0x00000000ca500000|  0%| F|  |TAMS 0x00000000ca400000, 0x00000000ca400000| Untracked 
|1189|0x00000000ca500000, 0x00000000ca500000, 0x00000000ca600000|  0%| F|  |TAMS 0x00000000ca500000, 0x00000000ca500000| Untracked 
|1190|0x00000000ca600000, 0x00000000ca600000, 0x00000000ca700000|  0%| F|  |TAMS 0x00000000ca600000, 0x00000000ca600000| Untracked 
|1191|0x00000000ca700000, 0x00000000ca700000, 0x00000000ca800000|  0%| F|  |TAMS 0x00000000ca700000, 0x00000000ca700000| Untracked 
|1192|0x00000000ca800000, 0x00000000ca800000, 0x00000000ca900000|  0%| F|  |TAMS 0x00000000ca800000, 0x00000000ca800000| Untracked 
|1193|0x00000000ca900000, 0x00000000ca900000, 0x00000000caa00000|  0%| F|  |TAMS 0x00000000ca900000, 0x00000000ca900000| Untracked 
|1194|0x00000000caa00000, 0x00000000caa00000, 0x00000000cab00000|  0%| F|  |TAMS 0x00000000caa00000, 0x00000000caa00000| Untracked 
|1195|0x00000000cab00000, 0x00000000cab00000, 0x00000000cac00000|  0%| F|  |TAMS 0x00000000cab00000, 0x00000000cab00000| Untracked 
|1196|0x00000000cac00000, 0x00000000cac00000, 0x00000000cad00000|  0%| F|  |TAMS 0x00000000cac00000, 0x00000000cac00000| Untracked 
|1197|0x00000000cad00000, 0x00000000cad00000, 0x00000000cae00000|  0%| F|  |TAMS 0x00000000cad00000, 0x00000000cad00000| Untracked 
|1198|0x00000000cae00000, 0x00000000cae00000, 0x00000000caf00000|  0%| F|  |TAMS 0x00000000cae00000, 0x00000000cae00000| Untracked 
|1199|0x00000000caf00000, 0x00000000caf00000, 0x00000000cb000000|  0%| F|  |TAMS 0x00000000caf00000, 0x00000000caf00000| Untracked 
|1200|0x00000000cb000000, 0x00000000cb000000, 0x00000000cb100000|  0%| F|  |TAMS 0x00000000cb000000, 0x00000000cb000000| Untracked 
|1201|0x00000000cb100000, 0x00000000cb100000, 0x00000000cb200000|  0%| F|  |TAMS 0x00000000cb100000, 0x00000000cb100000| Untracked 
|1202|0x00000000cb200000, 0x00000000cb200000, 0x00000000cb300000|  0%| F|  |TAMS 0x00000000cb200000, 0x00000000cb200000| Untracked 
|1203|0x00000000cb300000, 0x00000000cb300000, 0x00000000cb400000|  0%| F|  |TAMS 0x00000000cb300000, 0x00000000cb300000| Untracked 
|1204|0x00000000cb400000, 0x00000000cb400000, 0x00000000cb500000|  0%| F|  |TAMS 0x00000000cb400000, 0x00000000cb400000| Untracked 
|1205|0x00000000cb500000, 0x00000000cb500000, 0x00000000cb600000|  0%| F|  |TAMS 0x00000000cb500000, 0x00000000cb500000| Untracked 
|1206|0x00000000cb600000, 0x00000000cb600000, 0x00000000cb700000|  0%| F|  |TAMS 0x00000000cb600000, 0x00000000cb600000| Untracked 
|1207|0x00000000cb700000, 0x00000000cb700000, 0x00000000cb800000|  0%| F|  |TAMS 0x00000000cb700000, 0x00000000cb700000| Untracked 
|1208|0x00000000cb800000, 0x00000000cb800000, 0x00000000cb900000|  0%| F|  |TAMS 0x00000000cb800000, 0x00000000cb800000| Untracked 
|1209|0x00000000cb900000, 0x00000000cb900000, 0x00000000cba00000|  0%| F|  |TAMS 0x00000000cb900000, 0x00000000cb900000| Untracked 
|1210|0x00000000cba00000, 0x00000000cba00000, 0x00000000cbb00000|  0%| F|  |TAMS 0x00000000cba00000, 0x00000000cba00000| Untracked 
|1211|0x00000000cbb00000, 0x00000000cbb00000, 0x00000000cbc00000|  0%| F|  |TAMS 0x00000000cbb00000, 0x00000000cbb00000| Untracked 
|1212|0x00000000cbc00000, 0x00000000cbc00000, 0x00000000cbd00000|  0%| F|  |TAMS 0x00000000cbc00000, 0x00000000cbc00000| Untracked 
|1213|0x00000000cbd00000, 0x00000000cbd00000, 0x00000000cbe00000|  0%| F|  |TAMS 0x00000000cbd00000, 0x00000000cbd00000| Untracked 
|1214|0x00000000cbe00000, 0x00000000cbe00000, 0x00000000cbf00000|  0%| F|  |TAMS 0x00000000cbe00000, 0x00000000cbe00000| Untracked 
|1215|0x00000000cbf00000, 0x00000000cbf00000, 0x00000000cc000000|  0%| F|  |TAMS 0x00000000cbf00000, 0x00000000cbf00000| Untracked 
|1216|0x00000000cc000000, 0x00000000cc000000, 0x00000000cc100000|  0%| F|  |TAMS 0x00000000cc000000, 0x00000000cc000000| Untracked 
|1217|0x00000000cc100000, 0x00000000cc100000, 0x00000000cc200000|  0%| F|  |TAMS 0x00000000cc100000, 0x00000000cc100000| Untracked 
|1218|0x00000000cc200000, 0x00000000cc200000, 0x00000000cc300000|  0%| F|  |TAMS 0x00000000cc200000, 0x00000000cc200000| Untracked 
|1219|0x00000000cc300000, 0x00000000cc300000, 0x00000000cc400000|  0%| F|  |TAMS 0x00000000cc300000, 0x00000000cc300000| Untracked 
|1220|0x00000000cc400000, 0x00000000cc400000, 0x00000000cc500000|  0%| F|  |TAMS 0x00000000cc400000, 0x00000000cc400000| Untracked 
|1221|0x00000000cc500000, 0x00000000cc500000, 0x00000000cc600000|  0%| F|  |TAMS 0x00000000cc500000, 0x00000000cc500000| Untracked 
|1222|0x00000000cc600000, 0x00000000cc600000, 0x00000000cc700000|  0%| F|  |TAMS 0x00000000cc600000, 0x00000000cc600000| Untracked 
|1223|0x00000000cc700000, 0x00000000cc700000, 0x00000000cc800000|  0%| F|  |TAMS 0x00000000cc700000, 0x00000000cc700000| Untracked 
|1224|0x00000000cc800000, 0x00000000cc800000, 0x00000000cc900000|  0%| F|  |TAMS 0x00000000cc800000, 0x00000000cc800000| Untracked 
|1225|0x00000000cc900000, 0x00000000cc900000, 0x00000000cca00000|  0%| F|  |TAMS 0x00000000cc900000, 0x00000000cc900000| Untracked 
|1226|0x00000000cca00000, 0x00000000cca00000, 0x00000000ccb00000|  0%| F|  |TAMS 0x00000000cca00000, 0x00000000cca00000| Untracked 
|1227|0x00000000ccb00000, 0x00000000ccb00000, 0x00000000ccc00000|  0%| F|  |TAMS 0x00000000ccb00000, 0x00000000ccb00000| Untracked 
|1228|0x00000000ccc00000, 0x00000000ccc00000, 0x00000000ccd00000|  0%| F|  |TAMS 0x00000000ccc00000, 0x00000000ccc00000| Untracked 
|1229|0x00000000ccd00000, 0x00000000ccd00000, 0x00000000cce00000|  0%| F|  |TAMS 0x00000000ccd00000, 0x00000000ccd00000| Untracked 
|1230|0x00000000cce00000, 0x00000000cce00000, 0x00000000ccf00000|  0%| F|  |TAMS 0x00000000cce00000, 0x00000000cce00000| Untracked 
|1231|0x00000000ccf00000, 0x00000000ccf00000, 0x00000000cd000000|  0%| F|  |TAMS 0x00000000ccf00000, 0x00000000ccf00000| Untracked 
|1232|0x00000000cd000000, 0x00000000cd000000, 0x00000000cd100000|  0%| F|  |TAMS 0x00000000cd000000, 0x00000000cd000000| Untracked 
|1233|0x00000000cd100000, 0x00000000cd100000, 0x00000000cd200000|  0%| F|  |TAMS 0x00000000cd100000, 0x00000000cd100000| Untracked 
|1234|0x00000000cd200000, 0x00000000cd200000, 0x00000000cd300000|  0%| F|  |TAMS 0x00000000cd200000, 0x00000000cd200000| Untracked 
|1235|0x00000000cd300000, 0x00000000cd300000, 0x00000000cd400000|  0%| F|  |TAMS 0x00000000cd300000, 0x00000000cd300000| Untracked 
|1236|0x00000000cd400000, 0x00000000cd400000, 0x00000000cd500000|  0%| F|  |TAMS 0x00000000cd400000, 0x00000000cd400000| Untracked 
|1237|0x00000000cd500000, 0x00000000cd500000, 0x00000000cd600000|  0%| F|  |TAMS 0x00000000cd500000, 0x00000000cd500000| Untracked 
|1238|0x00000000cd600000, 0x00000000cd600000, 0x00000000cd700000|  0%| F|  |TAMS 0x00000000cd600000, 0x00000000cd600000| Untracked 
|1239|0x00000000cd700000, 0x00000000cd700000, 0x00000000cd800000|  0%| F|  |TAMS 0x00000000cd700000, 0x00000000cd700000| Untracked 
|1240|0x00000000cd800000, 0x00000000cd800000, 0x00000000cd900000|  0%| F|  |TAMS 0x00000000cd800000, 0x00000000cd800000| Untracked 
|1241|0x00000000cd900000, 0x00000000cd900000, 0x00000000cda00000|  0%| F|  |TAMS 0x00000000cd900000, 0x00000000cd900000| Untracked 
|1242|0x00000000cda00000, 0x00000000cda00000, 0x00000000cdb00000|  0%| F|  |TAMS 0x00000000cda00000, 0x00000000cda00000| Untracked 
|1243|0x00000000cdb00000, 0x00000000cdb00000, 0x00000000cdc00000|  0%| F|  |TAMS 0x00000000cdb00000, 0x00000000cdb00000| Untracked 
|1244|0x00000000cdc00000, 0x00000000cdc00000, 0x00000000cdd00000|  0%| F|  |TAMS 0x00000000cdc00000, 0x00000000cdc00000| Untracked 
|1245|0x00000000cdd00000, 0x00000000cdd00000, 0x00000000cde00000|  0%| F|  |TAMS 0x00000000cdd00000, 0x00000000cdd00000| Untracked 
|1246|0x00000000cde00000, 0x00000000cde00000, 0x00000000cdf00000|  0%| F|  |TAMS 0x00000000cde00000, 0x00000000cde00000| Untracked 
|1247|0x00000000cdf00000, 0x00000000cdf00000, 0x00000000ce000000|  0%| F|  |TAMS 0x00000000cdf00000, 0x00000000cdf00000| Untracked 
|1248|0x00000000ce000000, 0x00000000ce000000, 0x00000000ce100000|  0%| F|  |TAMS 0x00000000ce000000, 0x00000000ce000000| Untracked 
|1249|0x00000000ce100000, 0x00000000ce100000, 0x00000000ce200000|  0%| F|  |TAMS 0x00000000ce100000, 0x00000000ce100000| Untracked 
|1250|0x00000000ce200000, 0x00000000ce200000, 0x00000000ce300000|  0%| F|  |TAMS 0x00000000ce200000, 0x00000000ce200000| Untracked 
|1251|0x00000000ce300000, 0x00000000ce300000, 0x00000000ce400000|  0%| F|  |TAMS 0x00000000ce300000, 0x00000000ce300000| Untracked 
|1252|0x00000000ce400000, 0x00000000ce400000, 0x00000000ce500000|  0%| F|  |TAMS 0x00000000ce400000, 0x00000000ce400000| Untracked 
|1253|0x00000000ce500000, 0x00000000ce500000, 0x00000000ce600000|  0%| F|  |TAMS 0x00000000ce500000, 0x00000000ce500000| Untracked 
|1254|0x00000000ce600000, 0x00000000ce600000, 0x00000000ce700000|  0%| F|  |TAMS 0x00000000ce600000, 0x00000000ce600000| Untracked 
|1255|0x00000000ce700000, 0x00000000ce700000, 0x00000000ce800000|  0%| F|  |TAMS 0x00000000ce700000, 0x00000000ce700000| Untracked 
|1256|0x00000000ce800000, 0x00000000ce800000, 0x00000000ce900000|  0%| F|  |TAMS 0x00000000ce800000, 0x00000000ce800000| Untracked 
|1257|0x00000000ce900000, 0x00000000ce900000, 0x00000000cea00000|  0%| F|  |TAMS 0x00000000ce900000, 0x00000000ce900000| Untracked 
|1258|0x00000000cea00000, 0x00000000cea00000, 0x00000000ceb00000|  0%| F|  |TAMS 0x00000000cea00000, 0x00000000cea00000| Untracked 
|1259|0x00000000ceb00000, 0x00000000ceb00000, 0x00000000cec00000|  0%| F|  |TAMS 0x00000000ceb00000, 0x00000000ceb00000| Untracked 
|1260|0x00000000cec00000, 0x00000000cec00000, 0x00000000ced00000|  0%| F|  |TAMS 0x00000000cec00000, 0x00000000cec00000| Untracked 
|1261|0x00000000ced00000, 0x00000000ced00000, 0x00000000cee00000|  0%| F|  |TAMS 0x00000000ced00000, 0x00000000ced00000| Untracked 
|1262|0x00000000cee00000, 0x00000000cee00000, 0x00000000cef00000|  0%| F|  |TAMS 0x00000000cee00000, 0x00000000cee00000| Untracked 
|1263|0x00000000cef00000, 0x00000000cef00000, 0x00000000cf000000|  0%| F|  |TAMS 0x00000000cef00000, 0x00000000cef00000| Untracked 
|1264|0x00000000cf000000, 0x00000000cf000000, 0x00000000cf100000|  0%| F|  |TAMS 0x00000000cf000000, 0x00000000cf000000| Untracked 
|1265|0x00000000cf100000, 0x00000000cf100000, 0x00000000cf200000|  0%| F|  |TAMS 0x00000000cf100000, 0x00000000cf100000| Untracked 
|1266|0x00000000cf200000, 0x00000000cf200000, 0x00000000cf300000|  0%| F|  |TAMS 0x00000000cf200000, 0x00000000cf200000| Untracked 
|1267|0x00000000cf300000, 0x00000000cf300000, 0x00000000cf400000|  0%| F|  |TAMS 0x00000000cf300000, 0x00000000cf300000| Untracked 
|1268|0x00000000cf400000, 0x00000000cf400000, 0x00000000cf500000|  0%| F|  |TAMS 0x00000000cf400000, 0x00000000cf400000| Untracked 
|1269|0x00000000cf500000, 0x00000000cf500000, 0x00000000cf600000|  0%| F|  |TAMS 0x00000000cf500000, 0x00000000cf500000| Untracked 
|1270|0x00000000cf600000, 0x00000000cf600000, 0x00000000cf700000|  0%| F|  |TAMS 0x00000000cf600000, 0x00000000cf600000| Untracked 
|1271|0x00000000cf700000, 0x00000000cf700000, 0x00000000cf800000|  0%| F|  |TAMS 0x00000000cf700000, 0x00000000cf700000| Untracked 
|1272|0x00000000cf800000, 0x00000000cf800000, 0x00000000cf900000|  0%| F|  |TAMS 0x00000000cf800000, 0x00000000cf800000| Untracked 
|1273|0x00000000cf900000, 0x00000000cf900000, 0x00000000cfa00000|  0%| F|  |TAMS 0x00000000cf900000, 0x00000000cf900000| Untracked 
|1274|0x00000000cfa00000, 0x00000000cfa00000, 0x00000000cfb00000|  0%| F|  |TAMS 0x00000000cfa00000, 0x00000000cfa00000| Untracked 
|1275|0x00000000cfb00000, 0x00000000cfb00000, 0x00000000cfc00000|  0%| F|  |TAMS 0x00000000cfb00000, 0x00000000cfb00000| Untracked 
|1276|0x00000000cfc00000, 0x00000000cfc00000, 0x00000000cfd00000|  0%| F|  |TAMS 0x00000000cfc00000, 0x00000000cfc00000| Untracked 
|1277|0x00000000cfd00000, 0x00000000cfd00000, 0x00000000cfe00000|  0%| F|  |TAMS 0x00000000cfd00000, 0x00000000cfd00000| Untracked 
|1278|0x00000000cfe00000, 0x00000000cfe00000, 0x00000000cff00000|  0%| F|  |TAMS 0x00000000cfe00000, 0x00000000cfe00000| Untracked 
|1279|0x00000000cff00000, 0x00000000cff00000, 0x00000000d0000000|  0%| F|  |TAMS 0x00000000cff00000, 0x00000000cff00000| Untracked 
|1280|0x00000000d0000000, 0x00000000d0000000, 0x00000000d0100000|  0%| F|  |TAMS 0x00000000d0000000, 0x00000000d0000000| Untracked 
|1281|0x00000000d0100000, 0x00000000d0100000, 0x00000000d0200000|  0%| F|  |TAMS 0x00000000d0100000, 0x00000000d0100000| Untracked 
|1282|0x00000000d0200000, 0x00000000d0200000, 0x00000000d0300000|  0%| F|  |TAMS 0x00000000d0200000, 0x00000000d0200000| Untracked 
|1283|0x00000000d0300000, 0x00000000d0300000, 0x00000000d0400000|  0%| F|  |TAMS 0x00000000d0300000, 0x00000000d0300000| Untracked 
|1284|0x00000000d0400000, 0x00000000d0400000, 0x00000000d0500000|  0%| F|  |TAMS 0x00000000d0400000, 0x00000000d0400000| Untracked 
|1285|0x00000000d0500000, 0x00000000d0500000, 0x00000000d0600000|  0%| F|  |TAMS 0x00000000d0500000, 0x00000000d0500000| Untracked 
|1286|0x00000000d0600000, 0x00000000d0600000, 0x00000000d0700000|  0%| F|  |TAMS 0x00000000d0600000, 0x00000000d0600000| Untracked 
|1287|0x00000000d0700000, 0x00000000d0700000, 0x00000000d0800000|  0%| F|  |TAMS 0x00000000d0700000, 0x00000000d0700000| Untracked 
|1288|0x00000000d0800000, 0x00000000d0800000, 0x00000000d0900000|  0%| F|  |TAMS 0x00000000d0800000, 0x00000000d0800000| Untracked 
|1289|0x00000000d0900000, 0x00000000d0900000, 0x00000000d0a00000|  0%| F|  |TAMS 0x00000000d0900000, 0x00000000d0900000| Untracked 
|1290|0x00000000d0a00000, 0x00000000d0a00000, 0x00000000d0b00000|  0%| F|  |TAMS 0x00000000d0a00000, 0x00000000d0a00000| Untracked 
|1291|0x00000000d0b00000, 0x00000000d0b00000, 0x00000000d0c00000|  0%| F|  |TAMS 0x00000000d0b00000, 0x00000000d0b00000| Untracked 
|1292|0x00000000d0c00000, 0x00000000d0c00000, 0x00000000d0d00000|  0%| F|  |TAMS 0x00000000d0c00000, 0x00000000d0c00000| Untracked 
|1293|0x00000000d0d00000, 0x00000000d0d00000, 0x00000000d0e00000|  0%| F|  |TAMS 0x00000000d0d00000, 0x00000000d0d00000| Untracked 
|1294|0x00000000d0e00000, 0x00000000d0e00000, 0x00000000d0f00000|  0%| F|  |TAMS 0x00000000d0e00000, 0x00000000d0e00000| Untracked 
|1295|0x00000000d0f00000, 0x00000000d0f00000, 0x00000000d1000000|  0%| F|  |TAMS 0x00000000d0f00000, 0x00000000d0f00000| Untracked 
|1296|0x00000000d1000000, 0x00000000d1000000, 0x00000000d1100000|  0%| F|  |TAMS 0x00000000d1000000, 0x00000000d1000000| Untracked 
|1297|0x00000000d1100000, 0x00000000d1100000, 0x00000000d1200000|  0%| F|  |TAMS 0x00000000d1100000, 0x00000000d1100000| Untracked 
|1298|0x00000000d1200000, 0x00000000d1200000, 0x00000000d1300000|  0%| F|  |TAMS 0x00000000d1200000, 0x00000000d1200000| Untracked 
|1299|0x00000000d1300000, 0x00000000d1300000, 0x00000000d1400000|  0%| F|  |TAMS 0x00000000d1300000, 0x00000000d1300000| Untracked 
|1300|0x00000000d1400000, 0x00000000d1400000, 0x00000000d1500000|  0%| F|  |TAMS 0x00000000d1400000, 0x00000000d1400000| Untracked 
|1301|0x00000000d1500000, 0x00000000d1500000, 0x00000000d1600000|  0%| F|  |TAMS 0x00000000d1500000, 0x00000000d1500000| Untracked 
|1302|0x00000000d1600000, 0x00000000d1600000, 0x00000000d1700000|  0%| F|  |TAMS 0x00000000d1600000, 0x00000000d1600000| Untracked 
|1303|0x00000000d1700000, 0x00000000d1700000, 0x00000000d1800000|  0%| F|  |TAMS 0x00000000d1700000, 0x00000000d1700000| Untracked 
|1304|0x00000000d1800000, 0x00000000d1800000, 0x00000000d1900000|  0%| F|  |TAMS 0x00000000d1800000, 0x00000000d1800000| Untracked 
|1305|0x00000000d1900000, 0x00000000d1900000, 0x00000000d1a00000|  0%| F|  |TAMS 0x00000000d1900000, 0x00000000d1900000| Untracked 
|1306|0x00000000d1a00000, 0x00000000d1a00000, 0x00000000d1b00000|  0%| F|  |TAMS 0x00000000d1a00000, 0x00000000d1a00000| Untracked 
|1307|0x00000000d1b00000, 0x00000000d1b00000, 0x00000000d1c00000|  0%| F|  |TAMS 0x00000000d1b00000, 0x00000000d1b00000| Untracked 
|1308|0x00000000d1c00000, 0x00000000d1c00000, 0x00000000d1d00000|  0%| F|  |TAMS 0x00000000d1c00000, 0x00000000d1c00000| Untracked 
|1309|0x00000000d1d00000, 0x00000000d1d00000, 0x00000000d1e00000|  0%| F|  |TAMS 0x00000000d1d00000, 0x00000000d1d00000| Untracked 
|1310|0x00000000d1e00000, 0x00000000d1e00000, 0x00000000d1f00000|  0%| F|  |TAMS 0x00000000d1e00000, 0x00000000d1e00000| Untracked 
|1311|0x00000000d1f00000, 0x00000000d1f00000, 0x00000000d2000000|  0%| F|  |TAMS 0x00000000d1f00000, 0x00000000d1f00000| Untracked 
|1312|0x00000000d2000000, 0x00000000d2000000, 0x00000000d2100000|  0%| F|  |TAMS 0x00000000d2000000, 0x00000000d2000000| Untracked 
|1313|0x00000000d2100000, 0x00000000d2100000, 0x00000000d2200000|  0%| F|  |TAMS 0x00000000d2100000, 0x00000000d2100000| Untracked 
|1314|0x00000000d2200000, 0x00000000d2200000, 0x00000000d2300000|  0%| F|  |TAMS 0x00000000d2200000, 0x00000000d2200000| Untracked 
|1315|0x00000000d2300000, 0x00000000d2300000, 0x00000000d2400000|  0%| F|  |TAMS 0x00000000d2300000, 0x00000000d2300000| Untracked 
|1316|0x00000000d2400000, 0x00000000d2400000, 0x00000000d2500000|  0%| F|  |TAMS 0x00000000d2400000, 0x00000000d2400000| Untracked 
|1317|0x00000000d2500000, 0x00000000d2500000, 0x00000000d2600000|  0%| F|  |TAMS 0x00000000d2500000, 0x00000000d2500000| Untracked 
|1318|0x00000000d2600000, 0x00000000d2600000, 0x00000000d2700000|  0%| F|  |TAMS 0x00000000d2600000, 0x00000000d2600000| Untracked 
|1319|0x00000000d2700000, 0x00000000d2700000, 0x00000000d2800000|  0%| F|  |TAMS 0x00000000d2700000, 0x00000000d2700000| Untracked 
|1320|0x00000000d2800000, 0x00000000d2800000, 0x00000000d2900000|  0%| F|  |TAMS 0x00000000d2800000, 0x00000000d2800000| Untracked 
|1321|0x00000000d2900000, 0x00000000d2900000, 0x00000000d2a00000|  0%| F|  |TAMS 0x00000000d2900000, 0x00000000d2900000| Untracked 
|1322|0x00000000d2a00000, 0x00000000d2a00000, 0x00000000d2b00000|  0%| F|  |TAMS 0x00000000d2a00000, 0x00000000d2a00000| Untracked 
|1323|0x00000000d2b00000, 0x00000000d2b00000, 0x00000000d2c00000|  0%| F|  |TAMS 0x00000000d2b00000, 0x00000000d2b00000| Untracked 
|1324|0x00000000d2c00000, 0x00000000d2c00000, 0x00000000d2d00000|  0%| F|  |TAMS 0x00000000d2c00000, 0x00000000d2c00000| Untracked 
|1325|0x00000000d2d00000, 0x00000000d2d00000, 0x00000000d2e00000|  0%| F|  |TAMS 0x00000000d2d00000, 0x00000000d2d00000| Untracked 
|1326|0x00000000d2e00000, 0x00000000d2f00000, 0x00000000d2f00000|100%| E|  |TAMS 0x00000000d2e00000, 0x00000000d2e00000| Complete 
|1327|0x00000000d2f00000, 0x00000000d3000000, 0x00000000d3000000|100%| E|CS|TAMS 0x00000000d2f00000, 0x00000000d2f00000| Complete 
|1328|0x00000000d3000000, 0x00000000d3100000, 0x00000000d3100000|100%| E|CS|TAMS 0x00000000d3000000, 0x00000000d3000000| Complete 
|1329|0x00000000d3100000, 0x00000000d3200000, 0x00000000d3200000|100%| E|CS|TAMS 0x00000000d3100000, 0x00000000d3100000| Complete 
|1330|0x00000000d3200000, 0x00000000d3300000, 0x00000000d3300000|100%| E|CS|TAMS 0x00000000d3200000, 0x00000000d3200000| Complete 
|1331|0x00000000d3300000, 0x00000000d3400000, 0x00000000d3400000|100%| E|CS|TAMS 0x00000000d3300000, 0x00000000d3300000| Complete 
|1332|0x00000000d3400000, 0x00000000d3500000, 0x00000000d3500000|100%| E|CS|TAMS 0x00000000d3400000, 0x00000000d3400000| Complete 
|1333|0x00000000d3500000, 0x00000000d3600000, 0x00000000d3600000|100%| E|CS|TAMS 0x00000000d3500000, 0x00000000d3500000| Complete 
|1334|0x00000000d3600000, 0x00000000d3700000, 0x00000000d3700000|100%| E|CS|TAMS 0x00000000d3600000, 0x00000000d3600000| Complete 
|1335|0x00000000d3700000, 0x00000000d3800000, 0x00000000d3800000|100%| E|CS|TAMS 0x00000000d3700000, 0x00000000d3700000| Complete 
|1336|0x00000000d3800000, 0x00000000d3900000, 0x00000000d3900000|100%| E|CS|TAMS 0x00000000d3800000, 0x00000000d3800000| Complete 
|1337|0x00000000d3900000, 0x00000000d3a00000, 0x00000000d3a00000|100%| E|CS|TAMS 0x00000000d3900000, 0x00000000d3900000| Complete 
|1338|0x00000000d3a00000, 0x00000000d3b00000, 0x00000000d3b00000|100%| E|CS|TAMS 0x00000000d3a00000, 0x00000000d3a00000| Complete 
|1339|0x00000000d3b00000, 0x00000000d3c00000, 0x00000000d3c00000|100%| E|CS|TAMS 0x00000000d3b00000, 0x00000000d3b00000| Complete 
|1340|0x00000000d3c00000, 0x00000000d3d00000, 0x00000000d3d00000|100%| E|CS|TAMS 0x00000000d3c00000, 0x00000000d3c00000| Complete 
|1341|0x00000000d3d00000, 0x00000000d3e00000, 0x00000000d3e00000|100%| E|CS|TAMS 0x00000000d3d00000, 0x00000000d3d00000| Complete 
|1342|0x00000000d3e00000, 0x00000000d3f00000, 0x00000000d3f00000|100%| E|CS|TAMS 0x00000000d3e00000, 0x00000000d3e00000| Complete 
|1343|0x00000000d3f00000, 0x00000000d4000000, 0x00000000d4000000|100%| E|CS|TAMS 0x00000000d3f00000, 0x00000000d3f00000| Complete 
|1344|0x00000000d4000000, 0x00000000d4100000, 0x00000000d4100000|100%| E|CS|TAMS 0x00000000d4000000, 0x00000000d4000000| Complete 
|1345|0x00000000d4100000, 0x00000000d4200000, 0x00000000d4200000|100%| E|  |TAMS 0x00000000d4100000, 0x00000000d4100000| Complete 
|1346|0x00000000d4200000, 0x00000000d4300000, 0x00000000d4300000|100%| E|CS|TAMS 0x00000000d4200000, 0x00000000d4200000| Complete 
|1347|0x00000000d4300000, 0x00000000d4400000, 0x00000000d4400000|100%| E|CS|TAMS 0x00000000d4300000, 0x00000000d4300000| Complete 
|1348|0x00000000d4400000, 0x00000000d4500000, 0x00000000d4500000|100%| E|CS|TAMS 0x00000000d4400000, 0x00000000d4400000| Complete 
|1349|0x00000000d4500000, 0x00000000d4600000, 0x00000000d4600000|100%| E|CS|TAMS 0x00000000d4500000, 0x00000000d4500000| Complete 
|1350|0x00000000d4600000, 0x00000000d4700000, 0x00000000d4700000|100%| E|CS|TAMS 0x00000000d4600000, 0x00000000d4600000| Complete 
|1351|0x00000000d4700000, 0x00000000d4800000, 0x00000000d4800000|100%| E|CS|TAMS 0x00000000d4700000, 0x00000000d4700000| Complete 
|1352|0x00000000d4800000, 0x00000000d4900000, 0x00000000d4900000|100%| E|CS|TAMS 0x00000000d4800000, 0x00000000d4800000| Complete 
|1353|0x00000000d4900000, 0x00000000d4a00000, 0x00000000d4a00000|100%| E|CS|TAMS 0x00000000d4900000, 0x00000000d4900000| Complete 
|1354|0x00000000d4a00000, 0x00000000d4b00000, 0x00000000d4b00000|100%| E|CS|TAMS 0x00000000d4a00000, 0x00000000d4a00000| Complete 
|1355|0x00000000d4b00000, 0x00000000d4c00000, 0x00000000d4c00000|100%| E|CS|TAMS 0x00000000d4b00000, 0x00000000d4b00000| Complete 
|1356|0x00000000d4c00000, 0x00000000d4d00000, 0x00000000d4d00000|100%| E|CS|TAMS 0x00000000d4c00000, 0x00000000d4c00000| Complete 
|1357|0x00000000d4d00000, 0x00000000d4e00000, 0x00000000d4e00000|100%| E|CS|TAMS 0x00000000d4d00000, 0x00000000d4d00000| Complete 
|1358|0x00000000d4e00000, 0x00000000d4f00000, 0x00000000d4f00000|100%| E|CS|TAMS 0x00000000d4e00000, 0x00000000d4e00000| Complete 
|1359|0x00000000d4f00000, 0x00000000d5000000, 0x00000000d5000000|100%| E|CS|TAMS 0x00000000d4f00000, 0x00000000d4f00000| Complete 
|1360|0x00000000d5000000, 0x00000000d5100000, 0x00000000d5100000|100%| E|CS|TAMS 0x00000000d5000000, 0x00000000d5000000| Complete 
|1361|0x00000000d5100000, 0x00000000d5200000, 0x00000000d5200000|100%| E|CS|TAMS 0x00000000d5100000, 0x00000000d5100000| Complete 
|1362|0x00000000d5200000, 0x00000000d5300000, 0x00000000d5300000|100%| E|CS|TAMS 0x00000000d5200000, 0x00000000d5200000| Complete 
|1363|0x00000000d5300000, 0x00000000d5400000, 0x00000000d5400000|100%| E|CS|TAMS 0x00000000d5300000, 0x00000000d5300000| Complete 
|1364|0x00000000d5400000, 0x00000000d5500000, 0x00000000d5500000|100%| E|CS|TAMS 0x00000000d5400000, 0x00000000d5400000| Complete 
|1365|0x00000000d5500000, 0x00000000d5600000, 0x00000000d5600000|100%| E|CS|TAMS 0x00000000d5500000, 0x00000000d5500000| Complete 
|1366|0x00000000d5600000, 0x00000000d5700000, 0x00000000d5700000|100%| E|CS|TAMS 0x00000000d5600000, 0x00000000d5600000| Complete 
|1367|0x00000000d5700000, 0x00000000d5800000, 0x00000000d5800000|100%| E|CS|TAMS 0x00000000d5700000, 0x00000000d5700000| Complete 
|1368|0x00000000d5800000, 0x00000000d5900000, 0x00000000d5900000|100%| E|CS|TAMS 0x00000000d5800000, 0x00000000d5800000| Complete 
|1369|0x00000000d5900000, 0x00000000d5a00000, 0x00000000d5a00000|100%| E|CS|TAMS 0x00000000d5900000, 0x00000000d5900000| Complete 
|1370|0x00000000d5a00000, 0x00000000d5b00000, 0x00000000d5b00000|100%| E|CS|TAMS 0x00000000d5a00000, 0x00000000d5a00000| Complete 
|1371|0x00000000d5b00000, 0x00000000d5c00000, 0x00000000d5c00000|100%| E|CS|TAMS 0x00000000d5b00000, 0x00000000d5b00000| Complete 
|1372|0x00000000d5c00000, 0x00000000d5d00000, 0x00000000d5d00000|100%| E|CS|TAMS 0x00000000d5c00000, 0x00000000d5c00000| Complete 
|1373|0x00000000d5d00000, 0x00000000d5e00000, 0x00000000d5e00000|100%| E|CS|TAMS 0x00000000d5d00000, 0x00000000d5d00000| Complete 
|1374|0x00000000d5e00000, 0x00000000d5f00000, 0x00000000d5f00000|100%| E|CS|TAMS 0x00000000d5e00000, 0x00000000d5e00000| Complete 
|1375|0x00000000d5f00000, 0x00000000d6000000, 0x00000000d6000000|100%| E|CS|TAMS 0x00000000d5f00000, 0x00000000d5f00000| Complete 
|1376|0x00000000d6000000, 0x00000000d6100000, 0x00000000d6100000|100%| E|CS|TAMS 0x00000000d6000000, 0x00000000d6000000| Complete 
|1377|0x00000000d6100000, 0x00000000d6200000, 0x00000000d6200000|100%| E|CS|TAMS 0x00000000d6100000, 0x00000000d6100000| Complete 
|1378|0x00000000d6200000, 0x00000000d6300000, 0x00000000d6300000|100%| E|CS|TAMS 0x00000000d6200000, 0x00000000d6200000| Complete 
|1379|0x00000000d6300000, 0x00000000d6400000, 0x00000000d6400000|100%| E|CS|TAMS 0x00000000d6300000, 0x00000000d6300000| Complete 
|1380|0x00000000d6400000, 0x00000000d6500000, 0x00000000d6500000|100%| E|CS|TAMS 0x00000000d6400000, 0x00000000d6400000| Complete 
|1381|0x00000000d6500000, 0x00000000d6600000, 0x00000000d6600000|100%| E|CS|TAMS 0x00000000d6500000, 0x00000000d6500000| Complete 
|1382|0x00000000d6600000, 0x00000000d6700000, 0x00000000d6700000|100%| E|CS|TAMS 0x00000000d6600000, 0x00000000d6600000| Complete 
|1383|0x00000000d6700000, 0x00000000d6800000, 0x00000000d6800000|100%| E|CS|TAMS 0x00000000d6700000, 0x00000000d6700000| Complete 
|1384|0x00000000d6800000, 0x00000000d6900000, 0x00000000d6900000|100%| E|CS|TAMS 0x00000000d6800000, 0x00000000d6800000| Complete 
|1385|0x00000000d6900000, 0x00000000d6a00000, 0x00000000d6a00000|100%| E|CS|TAMS 0x00000000d6900000, 0x00000000d6900000| Complete 
|1386|0x00000000d6a00000, 0x00000000d6b00000, 0x00000000d6b00000|100%| E|CS|TAMS 0x00000000d6a00000, 0x00000000d6a00000| Complete 
|1387|0x00000000d6b00000, 0x00000000d6c00000, 0x00000000d6c00000|100%| E|CS|TAMS 0x00000000d6b00000, 0x00000000d6b00000| Complete 
|1388|0x00000000d6c00000, 0x00000000d6d00000, 0x00000000d6d00000|100%| E|CS|TAMS 0x00000000d6c00000, 0x00000000d6c00000| Complete 
|1389|0x00000000d6d00000, 0x00000000d6e00000, 0x00000000d6e00000|100%| E|CS|TAMS 0x00000000d6d00000, 0x00000000d6d00000| Complete 
|1390|0x00000000d6e00000, 0x00000000d6f00000, 0x00000000d6f00000|100%| E|CS|TAMS 0x00000000d6e00000, 0x00000000d6e00000| Complete 
|1391|0x00000000d6f00000, 0x00000000d7000000, 0x00000000d7000000|100%| E|CS|TAMS 0x00000000d6f00000, 0x00000000d6f00000| Complete 
|1392|0x00000000d7000000, 0x00000000d7100000, 0x00000000d7100000|100%| E|CS|TAMS 0x00000000d7000000, 0x00000000d7000000| Complete 
|1393|0x00000000d7100000, 0x00000000d7200000, 0x00000000d7200000|100%| E|CS|TAMS 0x00000000d7100000, 0x00000000d7100000| Complete 
|1394|0x00000000d7200000, 0x00000000d7300000, 0x00000000d7300000|100%| E|CS|TAMS 0x00000000d7200000, 0x00000000d7200000| Complete 
|1395|0x00000000d7300000, 0x00000000d7400000, 0x00000000d7400000|100%| E|CS|TAMS 0x00000000d7300000, 0x00000000d7300000| Complete 
|1396|0x00000000d7400000, 0x00000000d7500000, 0x00000000d7500000|100%| E|CS|TAMS 0x00000000d7400000, 0x00000000d7400000| Complete 
|1397|0x00000000d7500000, 0x00000000d7600000, 0x00000000d7600000|100%| E|CS|TAMS 0x00000000d7500000, 0x00000000d7500000| Complete 
|1398|0x00000000d7600000, 0x00000000d7700000, 0x00000000d7700000|100%| E|CS|TAMS 0x00000000d7600000, 0x00000000d7600000| Complete 
|1399|0x00000000d7700000, 0x00000000d7800000, 0x00000000d7800000|100%| E|CS|TAMS 0x00000000d7700000, 0x00000000d7700000| Complete 
|1400|0x00000000d7800000, 0x00000000d7900000, 0x00000000d7900000|100%| E|CS|TAMS 0x00000000d7800000, 0x00000000d7800000| Complete 
|1401|0x00000000d7900000, 0x00000000d7a00000, 0x00000000d7a00000|100%| E|CS|TAMS 0x00000000d7900000, 0x00000000d7900000| Complete 
|1402|0x00000000d7a00000, 0x00000000d7b00000, 0x00000000d7b00000|100%| E|CS|TAMS 0x00000000d7a00000, 0x00000000d7a00000| Complete 
|1403|0x00000000d7b00000, 0x00000000d7c00000, 0x00000000d7c00000|100%| E|CS|TAMS 0x00000000d7b00000, 0x00000000d7b00000| Complete 
|1404|0x00000000d7c00000, 0x00000000d7d00000, 0x00000000d7d00000|100%| E|CS|TAMS 0x00000000d7c00000, 0x00000000d7c00000| Complete 
|1405|0x00000000d7d00000, 0x00000000d7e00000, 0x00000000d7e00000|100%| E|CS|TAMS 0x00000000d7d00000, 0x00000000d7d00000| Complete 
|1406|0x00000000d7e00000, 0x00000000d7f00000, 0x00000000d7f00000|100%| E|CS|TAMS 0x00000000d7e00000, 0x00000000d7e00000| Complete 
|1407|0x00000000d7f00000, 0x00000000d8000000, 0x00000000d8000000|100%| E|CS|TAMS 0x00000000d7f00000, 0x00000000d7f00000| Complete 
|1408|0x00000000d8000000, 0x00000000d8100000, 0x00000000d8100000|100%| E|CS|TAMS 0x00000000d8000000, 0x00000000d8000000| Complete 
|1409|0x00000000d8100000, 0x00000000d8200000, 0x00000000d8200000|100%| E|CS|TAMS 0x00000000d8100000, 0x00000000d8100000| Complete 
|1410|0x00000000d8200000, 0x00000000d8300000, 0x00000000d8300000|100%| E|CS|TAMS 0x00000000d8200000, 0x00000000d8200000| Complete 
|1411|0x00000000d8300000, 0x00000000d8400000, 0x00000000d8400000|100%| E|CS|TAMS 0x00000000d8300000, 0x00000000d8300000| Complete 
|1412|0x00000000d8400000, 0x00000000d8500000, 0x00000000d8500000|100%| E|CS|TAMS 0x00000000d8400000, 0x00000000d8400000| Complete 
|1413|0x00000000d8500000, 0x00000000d8600000, 0x00000000d8600000|100%| E|CS|TAMS 0x00000000d8500000, 0x00000000d8500000| Complete 
|1414|0x00000000d8600000, 0x00000000d8700000, 0x00000000d8700000|100%| E|CS|TAMS 0x00000000d8600000, 0x00000000d8600000| Complete 
|1415|0x00000000d8700000, 0x00000000d8800000, 0x00000000d8800000|100%| E|CS|TAMS 0x00000000d8700000, 0x00000000d8700000| Complete 
|1416|0x00000000d8800000, 0x00000000d8900000, 0x00000000d8900000|100%| E|CS|TAMS 0x00000000d8800000, 0x00000000d8800000| Complete 
|1417|0x00000000d8900000, 0x00000000d8a00000, 0x00000000d8a00000|100%| E|CS|TAMS 0x00000000d8900000, 0x00000000d8900000| Complete 
|1418|0x00000000d8a00000, 0x00000000d8b00000, 0x00000000d8b00000|100%| E|CS|TAMS 0x00000000d8a00000, 0x00000000d8a00000| Complete 
|1419|0x00000000d8b00000, 0x00000000d8c00000, 0x00000000d8c00000|100%| E|CS|TAMS 0x00000000d8b00000, 0x00000000d8b00000| Complete 
|1420|0x00000000d8c00000, 0x00000000d8d00000, 0x00000000d8d00000|100%| E|CS|TAMS 0x00000000d8c00000, 0x00000000d8c00000| Complete 
|1421|0x00000000d8d00000, 0x00000000d8e00000, 0x00000000d8e00000|100%| E|CS|TAMS 0x00000000d8d00000, 0x00000000d8d00000| Complete 
|1422|0x00000000d8e00000, 0x00000000d8f00000, 0x00000000d8f00000|100%| E|CS|TAMS 0x00000000d8e00000, 0x00000000d8e00000| Complete 
|1423|0x00000000d8f00000, 0x00000000d9000000, 0x00000000d9000000|100%| E|CS|TAMS 0x00000000d8f00000, 0x00000000d8f00000| Complete 
|1424|0x00000000d9000000, 0x00000000d9100000, 0x00000000d9100000|100%| E|CS|TAMS 0x00000000d9000000, 0x00000000d9000000| Complete 
|1425|0x00000000d9100000, 0x00000000d9200000, 0x00000000d9200000|100%| E|CS|TAMS 0x00000000d9100000, 0x00000000d9100000| Complete 
|1426|0x00000000d9200000, 0x00000000d9300000, 0x00000000d9300000|100%| E|CS|TAMS 0x00000000d9200000, 0x00000000d9200000| Complete 
|1427|0x00000000d9300000, 0x00000000d9400000, 0x00000000d9400000|100%| E|CS|TAMS 0x00000000d9300000, 0x00000000d9300000| Complete 
|1428|0x00000000d9400000, 0x00000000d9500000, 0x00000000d9500000|100%| E|CS|TAMS 0x00000000d9400000, 0x00000000d9400000| Complete 
|1429|0x00000000d9500000, 0x00000000d9600000, 0x00000000d9600000|100%| E|CS|TAMS 0x00000000d9500000, 0x00000000d9500000| Complete 
|1430|0x00000000d9600000, 0x00000000d9700000, 0x00000000d9700000|100%| E|CS|TAMS 0x00000000d9600000, 0x00000000d9600000| Complete 
|1431|0x00000000d9700000, 0x00000000d9800000, 0x00000000d9800000|100%| E|CS|TAMS 0x00000000d9700000, 0x00000000d9700000| Complete 
|1432|0x00000000d9800000, 0x00000000d9900000, 0x00000000d9900000|100%| E|CS|TAMS 0x00000000d9800000, 0x00000000d9800000| Complete 
|1433|0x00000000d9900000, 0x00000000d9a00000, 0x00000000d9a00000|100%| E|CS|TAMS 0x00000000d9900000, 0x00000000d9900000| Complete 
|1434|0x00000000d9a00000, 0x00000000d9b00000, 0x00000000d9b00000|100%| E|CS|TAMS 0x00000000d9a00000, 0x00000000d9a00000| Complete 
|1435|0x00000000d9b00000, 0x00000000d9c00000, 0x00000000d9c00000|100%| E|CS|TAMS 0x00000000d9b00000, 0x00000000d9b00000| Complete 
|1436|0x00000000d9c00000, 0x00000000d9d00000, 0x00000000d9d00000|100%| E|CS|TAMS 0x00000000d9c00000, 0x00000000d9c00000| Complete 
|1437|0x00000000d9d00000, 0x00000000d9e00000, 0x00000000d9e00000|100%| E|CS|TAMS 0x00000000d9d00000, 0x00000000d9d00000| Complete 

Card table byte_map: [0x000002c1517b0000,0x000002c151bb0000] _byte_map_base: 0x000002c1513b0000

Marking Bits (Prev, Next): (CMBitMap*) 0x000002c13892cf00, (CMBitMap*) 0x000002c13892cf40
 Prev Bits: [0x000002c151fb0000, 0x000002c153fb0000)
 Next Bits: [0x000002c153fb0000, 0x000002c155fb0000)

Polling page: 0x000002c138650000

Metaspace:

Usage:
  Non-class:    312.99 MB used.
      Class:     44.68 MB used.
       Both:    357.67 MB used.

Virtual space:
  Non-class space:      320.00 MB reserved,     314.44 MB ( 98%) committed,  5 nodes.
      Class space:      416.00 MB reserved,      46.00 MB ( 11%) committed,  1 nodes.
             Both:      736.00 MB reserved,     360.44 MB ( 49%) committed. 

Chunk freelists:
   Non-Class:  5.23 MB
       Class:  1.94 MB
        Both:  7.17 MB

MaxMetaspaceSize: 512.00 MB
CompressedClassSpaceSize: 416.00 MB
Initial GC threshold: 21.00 MB
Current GC threshold: 512.00 MB
CDS: on
MetaspaceReclaimPolicy: balanced
 - commit_granule_bytes: 65536.
 - commit_granule_words: 8192.
 - virtual_space_node_default_size: 8388608.
 - enlarge_chunks_in_place: 1.
 - new_chunks_are_fully_committed: 0.
 - uncommit_free_chunks: 1.
 - use_allocation_guard: 0.
 - handle_deallocations: 1.


Internal statistics:

num_allocs_failed_limit: 12.
num_arena_births: 6614.
num_arena_deaths: 1698.
num_vsnodes_births: 6.
num_vsnodes_deaths: 0.
num_space_committed: 5771.
num_space_uncommitted: 10.
num_chunks_returned_to_freelist: 2201.
num_chunks_taken_from_freelist: 25399.
num_chunk_merges: 744.
num_chunk_splits: 15085.
num_chunks_enlarged: 7738.
num_inconsistent_stats: 0.

CodeHeap 'non-profiled nmethods': size=120000Kb used=49520Kb max_used=49520Kb free=70479Kb
 bounds [0x000002c149400000, 0x000002c14c460000, 0x000002c150930000]
CodeHeap 'profiled nmethods': size=120000Kb used=119799Kb max_used=119890Kb free=200Kb
 bounds [0x000002c141930000, 0x000002c148e60000, 0x000002c148e60000]
CodeHeap 'non-nmethods': size=5760Kb used=2178Kb max_used=2331Kb free=3581Kb
 bounds [0x000002c148e60000, 0x000002c1490d0000, 0x000002c149400000]
 total_blobs=55508 nmethods=54166 adapters=1249
 compilation: enabled
              stopped_count=0, restarted_count=0
 full_count=0

Compilation events (20 events):
Event: 7349.148 Thread 0x000002c158b81430 74475       4       org.jetbrains.kotlin.fir.java.declarations.FirJavaClass::getSuperTypeRefs (15 bytes)
Event: 7349.151 Thread 0x000002c1584da3d0 nmethod 74479 0x000002c14c452590 code [0x000002c14c452aa0, 0x000002c14c455d28]
Event: 7349.151 Thread 0x000002c1584da3d0 74480       3       com.intellij.util.containers.ConcurrentWeakKeySoftValueHashMap::createValueReference (27 bytes)
Event: 7349.152 Thread 0x000002c1584da3d0 nmethod 74480 0x000002c147262690 code [0x000002c1472628a0, 0x000002c147262d68]
Event: 7349.152 Thread 0x000002c1584da3d0 74481       3       org.jetbrains.kotlin.analysis.low.level.api.fir.lazy.resolve.NonLocalAnnotationVisitor::visitResolvedTypeRef (22 bytes)
Event: 7349.153 Thread 0x000002c1584da3d0 nmethod 74481 0x000002c14c456610 code [0x000002c14c456840, 0x000002c14c456f18]
Event: 7349.154 Thread 0x000002c158b81430 nmethod 74475 0x000002c14c457190 code [0x000002c14c457340, 0x000002c14c457878]
Event: 7349.154 Thread 0x000002c158b81430 74476       4       com.intellij.psi.PsiClassType$Stub::annotate (6 bytes)
Event: 7349.158 Thread 0x000002c158b81430 nmethod 74476 0x000002c14c457a90 code [0x000002c14c457c40, 0x000002c14c457f88]
Event: 7349.158 Thread 0x000002c158b81430 74477       4       kotlin.collections.AbstractMap::isEmpty (13 bytes)
Event: 7349.158 Thread 0x000002c158b81430 nmethod 74477 0x000002c14c0ae690 code [0x000002c14c0ae820, 0x000002c14c0ae8d8]
Event: 7349.507 Thread 0x000002c1584da3d0 74482       3       com.sun.xml.internal.stream.util.BufferAllocator::returnCharBuffer (51 bytes)
Event: 7349.507 Thread 0x000002c1584da3d0 nmethod 74482 0x000002c145cf6e10 code [0x000002c145cf6fe0, 0x000002c145cf7378]
Event: 7349.507 Thread 0x000002c1584da3d0 74483       3       com.sun.org.apache.xerces.internal.util.AugmentationsImpl::putItem (37 bytes)
Event: 7349.507 Thread 0x000002c1584da3d0 nmethod 74483 0x000002c143060990 code [0x000002c143060b60, 0x000002c143060e78]
Event: 7349.905 Thread 0x000002c158b81430 74484       4       com.sun.org.apache.xerces.internal.impl.XMLDTDScannerImpl::getFeatureDefault (36 bytes)
Event: 7349.908 Thread 0x000002c158b81430 nmethod 74484 0x000002c14c458190 code [0x000002c14c458320, 0x000002c14c458658]
Event: 7350.034 Thread 0x000002c1584da3d0 74485       3       com.sun.org.apache.xerces.internal.parsers.AbstractSAXParser::setLexicalHandler (46 bytes)
Event: 7350.035 Thread 0x000002c1584da3d0 nmethod 74485 0x000002c146904c90 code [0x000002c146904e80, 0x000002c146905458]
Event: 7350.070 Thread 0x000002c158b81430 74486       4       com.android.ide.common.resources.DataFile::addItems (50 bytes)

GC Heap History (20 events):
Event: 7269.798 GC heap before
{Heap before GC invocations=129 (full 0):
 garbage-first heap   total 1472512K, used 577703K [0x0000000080000000, 0x0000000100000000)
  region size 1024K, 17 young (17408K), 6 survivors (6144K)
 Metaspace       used 327685K, committed 330496K, reserved 753664K
  class space    used 41364K, committed 42688K, reserved 425984K
}
Event: 7269.812 GC heap after
{Heap after GC invocations=130 (full 0):
 garbage-first heap   total 1472512K, used 567641K [0x0000000080000000, 0x0000000100000000)
  region size 1024K, 5 young (5120K), 5 survivors (5120K)
 Metaspace       used 327685K, committed 330496K, reserved 753664K
  class space    used 41364K, committed 42688K, reserved 425984K
}
Event: 7282.821 GC heap before
{Heap before GC invocations=131 (full 0):
 garbage-first heap   total 1472512K, used 978265K [0x0000000080000000, 0x0000000100000000)
  region size 1024K, 391 young (400384K), 5 survivors (5120K)
 Metaspace       used 338687K, committed 341440K, reserved 753664K
  class space    used 42596K, committed 43904K, reserved 425984K
}
Event: 7282.863 GC heap after
{Heap after GC invocations=132 (full 0):
 garbage-first heap   total 1472512K, used 584476K [0x0000000080000000, 0x0000000100000000)
  region size 1024K, 31 young (31744K), 31 survivors (31744K)
 Metaspace       used 338687K, committed 341440K, reserved 753664K
  class space    used 42596K, committed 43904K, reserved 425984K
}
Event: 7283.077 GC heap before
{Heap before GC invocations=132 (full 0):
 garbage-first heap   total 1472512K, used 626460K [0x0000000080000000, 0x0000000100000000)
  region size 1024K, 71 young (72704K), 31 survivors (31744K)
 Metaspace       used 338931K, committed 341760K, reserved 753664K
  class space    used 42624K, committed 43968K, reserved 425984K
}
Event: 7283.385 GC heap after
{Heap after GC invocations=133 (full 0):
 garbage-first heap   total 1472512K, used 580143K [0x0000000080000000, 0x0000000100000000)
  region size 1024K, 4 young (4096K), 4 survivors (4096K)
 Metaspace       used 338931K, committed 341760K, reserved 753664K
  class space    used 42624K, committed 43968K, reserved 425984K
}
Event: 7290.203 GC heap before
{Heap before GC invocations=133 (full 0):
 garbage-first heap   total 1472512K, used 779823K [0x0000000080000000, 0x0000000100000000)
  region size 1024K, 201 young (205824K), 4 survivors (4096K)
 Metaspace       used 347795K, committed 350656K, reserved 753664K
  class space    used 43671K, committed 45056K, reserved 425984K
}
Event: 7290.220 GC heap after
{Heap after GC invocations=134 (full 0):
 garbage-first heap   total 1472512K, used 584904K [0x0000000080000000, 0x0000000100000000)
  region size 1024K, 11 young (11264K), 11 survivors (11264K)
 Metaspace       used 347795K, committed 350656K, reserved 753664K
  class space    used 43671K, committed 45056K, reserved 425984K
}
Event: 7305.896 GC heap before
{Heap before GC invocations=135 (full 0):
 garbage-first heap   total 1472512K, used 869576K [0x0000000080000000, 0x0000000100000000)
  region size 1024K, 366 young (374784K), 11 survivors (11264K)
 Metaspace       used 357304K, committed 360064K, reserved 753664K
  class space    used 45079K, committed 46400K, reserved 425984K
}
Event: 7306.072 GC heap after
{Heap after GC invocations=136 (full 0):
 garbage-first heap   total 1472512K, used 519046K [0x0000000080000000, 0x0000000100000000)
  region size 1024K, 46 young (47104K), 46 survivors (47104K)
 Metaspace       used 357304K, committed 360064K, reserved 753664K
  class space    used 45079K, committed 46400K, reserved 425984K
}
Event: 7306.894 GC heap before
{Heap before GC invocations=136 (full 0):
 garbage-first heap   total 1472512K, used 551814K [0x0000000080000000, 0x0000000100000000)
  region size 1024K, 71 young (72704K), 46 survivors (47104K)
 Metaspace       used 357307K, committed 360064K, reserved 753664K
  class space    used 45079K, committed 46400K, reserved 425984K
}
Event: 7306.983 GC heap after
{Heap after GC invocations=137 (full 0):
 garbage-first heap   total 1472512K, used 502959K [0x0000000080000000, 0x0000000100000000)
  region size 1024K, 9 young (9216K), 9 survivors (9216K)
 Metaspace       used 357307K, committed 360064K, reserved 753664K
  class space    used 45079K, committed 46400K, reserved 425984K
}
Event: 7309.132 GC heap before
{Heap before GC invocations=137 (full 0):
 garbage-first heap   total 1472512K, used 599215K [0x0000000080000000, 0x0000000100000000)
  region size 1024K, 104 young (106496K), 9 survivors (9216K)
 Metaspace       used 357632K, committed 360512K, reserved 753664K
  class space    used 45102K, committed 46464K, reserved 425984K
}
Event: 7309.175 GC heap after
{Heap after GC invocations=138 (full 0):
 garbage-first heap   total 1472512K, used 502959K [0x0000000080000000, 0x0000000100000000)
  region size 1024K, 18 young (18432K), 18 survivors (18432K)
 Metaspace       used 357632K, committed 360512K, reserved 753664K
  class space    used 45102K, committed 46464K, reserved 425984K
}
Event: 7332.492 GC heap before
{Heap before GC invocations=139 (full 0):
 garbage-first heap   total 1472512K, used 885935K [0x0000000080000000, 0x0000000100000000)
  region size 1024K, 406 young (415744K), 18 survivors (18432K)
 Metaspace       used 362328K, committed 365248K, reserved 753664K
  class space    used 45459K, committed 46848K, reserved 425984K
}
Event: 7332.567 GC heap after
{Heap after GC invocations=140 (full 0):
 garbage-first heap   total 1472512K, used 554684K [0x0000000080000000, 0x0000000100000000)
  region size 1024K, 51 young (52224K), 51 survivors (52224K)
 Metaspace       used 362328K, committed 365248K, reserved 753664K
  class space    used 45459K, committed 46848K, reserved 425984K
}
Event: 7333.795 GC heap before
{Heap before GC invocations=140 (full 0):
 garbage-first heap   total 1472512K, used 574140K [0x0000000080000000, 0x0000000100000000)
  region size 1024K, 71 young (72704K), 51 survivors (52224K)
 Metaspace       used 362649K, committed 365568K, reserved 753664K
  class space    used 45480K, committed 46848K, reserved 425984K
}
Event: 7333.897 GC heap after
{Heap after GC invocations=141 (full 0):
 garbage-first heap   total 1472512K, used 488959K [0x0000000080000000, 0x0000000100000000)
  region size 1024K, 6 young (6144K), 6 survivors (6144K)
 Metaspace       used 362649K, committed 365568K, reserved 753664K
  class space    used 45480K, committed 46848K, reserved 425984K
}
Event: 7346.312 GC heap before
{Heap before GC invocations=141 (full 0):
 garbage-first heap   total 1472512K, used 747007K [0x0000000080000000, 0x0000000100000000)
  region size 1024K, 260 young (266240K), 6 survivors (6144K)
 Metaspace       used 364881K, committed 367808K, reserved 753664K
  class space    used 45640K, committed 47040K, reserved 425984K
}
Event: 7346.353 GC heap after
{Heap after GC invocations=142 (full 0):
 garbage-first heap   total 1472512K, used 524941K [0x0000000080000000, 0x0000000100000000)
  region size 1024K, 41 young (41984K), 41 survivors (41984K)
 Metaspace       used 364881K, committed 367808K, reserved 753664K
  class space    used 45640K, committed 47040K, reserved 425984K
}

Dll operation events (17 events):
Event: 0.014 Loaded shared library C:\Program Files\Eclipse Adoptium\jdk-17.0.16.8-hotspot\bin\java.dll
Event: 0.035 Loaded shared library C:\Program Files\Eclipse Adoptium\jdk-17.0.16.8-hotspot\bin\jsvml.dll
Event: 0.091 Loaded shared library C:\Program Files\Eclipse Adoptium\jdk-17.0.16.8-hotspot\bin\zip.dll
Event: 0.096 Loaded shared library C:\Program Files\Eclipse Adoptium\jdk-17.0.16.8-hotspot\bin\instrument.dll
Event: 0.102 Loaded shared library C:\Program Files\Eclipse Adoptium\jdk-17.0.16.8-hotspot\bin\net.dll
Event: 0.103 Loaded shared library C:\Program Files\Eclipse Adoptium\jdk-17.0.16.8-hotspot\bin\nio.dll
Event: 0.106 Loaded shared library C:\Program Files\Eclipse Adoptium\jdk-17.0.16.8-hotspot\bin\zip.dll
Event: 0.426 Loaded shared library C:\Program Files\Eclipse Adoptium\jdk-17.0.16.8-hotspot\bin\jimage.dll
Event: 0.744 Loaded shared library C:\Program Files\Eclipse Adoptium\jdk-17.0.16.8-hotspot\bin\verify.dll
Event: 0.800 Loaded shared library C:\Users\dell\.gradle\native\1def1411415f61bf3af743bc5b6707747c0891f09f0c88961ee8f79bc544acac\windows-amd64\native-platform.dll
Event: 0.827 Loaded shared library C:\Users\dell\.gradle\native\0.2.8\x86_64-windows-gnu\gradle-fileevents.dll
Event: 2.395 Loaded shared library C:\Program Files\Eclipse Adoptium\jdk-17.0.16.8-hotspot\bin\management.dll
Event: 2.397 Loaded shared library C:\Program Files\Eclipse Adoptium\jdk-17.0.16.8-hotspot\bin\management_ext.dll
Event: 2.697 Loaded shared library C:\Program Files\Eclipse Adoptium\jdk-17.0.16.8-hotspot\bin\extnet.dll
Event: 3.000 Loaded shared library C:\Program Files\Eclipse Adoptium\jdk-17.0.16.8-hotspot\bin\sunmscapi.dll
Event: 7080.336 Loaded shared library C:\Program Files\Eclipse Adoptium\jdk-17.0.16.8-hotspot\bin\rmi.dll
Event: 7233.747 Loaded shared library C:\Program Files\Eclipse Adoptium\jdk-17.0.16.8-hotspot\bin\awt.dll

Deoptimization events (20 events):
Event: 7348.778 Thread 0x000002c106cca480 DEOPT PACKING pc=0x000002c1486758bc sp=0x000000e1661f8c20
Event: 7348.778 Thread 0x000002c106cca480 DEOPT UNPACKING pc=0x000002c148eb7143 sp=0x000000e1661f82f8 mode 0
Event: 7348.778 Thread 0x000002c106cca480 DEOPT PACKING pc=0x000002c148db513c sp=0x000000e1661f9140
Event: 7348.778 Thread 0x000002c106cca480 DEOPT UNPACKING pc=0x000002c148eb7143 sp=0x000000e1661f8740 mode 0
Event: 7348.779 Thread 0x000002c106cca480 DEOPT PACKING pc=0x000002c1489bab2c sp=0x000000e1661f9b00
Event: 7348.779 Thread 0x000002c106cca480 DEOPT UNPACKING pc=0x000002c148eb7143 sp=0x000000e1661f8f88 mode 0
Event: 7348.806 Thread 0x000002c106cca480 Uncommon trap: trap_request=0xffffffde fr.pc=0x000002c14c355594 relative=0x00000000000064b4
Event: 7348.806 Thread 0x000002c106cca480 Uncommon trap: reason=class_check action=maybe_recompile pc=0x000002c14c355594 method=org.jetbrains.kotlin.fir.types.ConeInferenceContext.typeDepth(Lorg/jetbrains/kotlin/types/model/RigidTypeMarker;)I @ 37 c2
Event: 7348.806 Thread 0x000002c106cca480 DEOPT PACKING pc=0x000002c14c355594 sp=0x000000e1661f7630
Event: 7348.806 Thread 0x000002c106cca480 DEOPT UNPACKING pc=0x000002c148eb69a3 sp=0x000000e1661f75d8 mode 2
Event: 7348.806 Thread 0x000002c106cca480 Uncommon trap: trap_request=0xffffffde fr.pc=0x000002c14c355594 relative=0x00000000000064b4
Event: 7348.806 Thread 0x000002c106cca480 Uncommon trap: reason=class_check action=maybe_recompile pc=0x000002c14c355594 method=org.jetbrains.kotlin.fir.types.ConeInferenceContext.typeDepth(Lorg/jetbrains/kotlin/types/model/RigidTypeMarker;)I @ 37 c2
Event: 7348.806 Thread 0x000002c106cca480 DEOPT PACKING pc=0x000002c14c355594 sp=0x000000e1661f7630
Event: 7348.806 Thread 0x000002c106cca480 DEOPT UNPACKING pc=0x000002c148eb69a3 sp=0x000000e1661f75d8 mode 2
Event: 7348.963 Thread 0x000002c106cca480 Uncommon trap: trap_request=0xffffffde fr.pc=0x000002c14c355594 relative=0x00000000000064b4
Event: 7348.963 Thread 0x000002c106cca480 Uncommon trap: reason=class_check action=maybe_recompile pc=0x000002c14c355594 method=org.jetbrains.kotlin.fir.types.ConeInferenceContext.typeDepth(Lorg/jetbrains/kotlin/types/model/RigidTypeMarker;)I @ 37 c2
Event: 7348.963 Thread 0x000002c106cca480 DEOPT PACKING pc=0x000002c14c355594 sp=0x000000e1661f7760
Event: 7348.963 Thread 0x000002c106cca480 DEOPT UNPACKING pc=0x000002c148eb69a3 sp=0x000000e1661f7708 mode 2
Event: 7350.069 Thread 0x000002c106ccc7f0 DEOPT PACKING pc=0x000002c145e98556 sp=0x000000e1667fade0
Event: 7350.070 Thread 0x000002c106ccc7f0 DEOPT UNPACKING pc=0x000002c148eb7143 sp=0x000000e1667fa288 mode 0

Classes loaded (20 events):
Event: 7302.465 Loading class java/lang/Object$FAILED
Event: 7302.465 Loading class java/lang/Object$FAILED done
Event: 7302.465 Loading class java/lang/Object$PASSED
Event: 7302.465 Loading class java/lang/Object$PASSED done
Event: 7302.466 Loading class java/lang/Object$SKIPPED
Event: 7302.466 Loading class java/lang/Object$SKIPPED done
Event: 7302.466 Loading class java/lang/Object$STANDARD_OUT
Event: 7302.466 Loading class java/lang/Object$STANDARD_OUT done
Event: 7302.467 Loading class java/lang/Object$FULL
Event: 7302.467 Loading class java/lang/Object$FULL done
Event: 7302.467 Loading class java/lang/Object$STARTED
Event: 7302.467 Loading class java/lang/Object$STARTED done
Event: 7302.467 Loading class java/lang/Object$STANDARD_ERROR
Event: 7302.467 Loading class java/lang/Object$STANDARD_ERROR done
Event: 7304.034 Loading class java/nio/HeapByteBufferR
Event: 7304.108 Loading class java/nio/HeapByteBufferR done
Event: 7313.164 Loading class com/sun/org/apache/xerces/internal/dom/DeferredElementNSImpl
Event: 7313.241 Loading class com/sun/org/apache/xerces/internal/dom/DeferredElementNSImpl done
Event: 7313.359 Loading class com/sun/org/apache/xerces/internal/dom/DeferredAttrNSImpl
Event: 7313.387 Loading class com/sun/org/apache/xerces/internal/dom/DeferredAttrNSImpl done

Classes unloaded (20 events):
Event: 7256.662 Thread 0x000002c1584b2850 Unloading class 0x000002c15c4fa000 'jdk/internal/jimage/ImageHeader'
Event: 7256.662 Thread 0x000002c1584b2850 Unloading class 0x000002c15c4f9dc8 'jdk/internal/jimage/BasicImageReader$2'
Event: 7256.662 Thread 0x000002c1584b2850 Unloading class 0x000002c15c4f9b98 'jdk/internal/jimage/BasicImageReader$1'
Event: 7256.662 Thread 0x000002c1584b2850 Unloading class 0x000002c15c4f9930 'jdk/internal/jimage/ImageReader$Resource'
Event: 7256.662 Thread 0x000002c1584b2850 Unloading class 0x000002c15c4f96c8 'jdk/internal/jimage/ImageReader$LinkNode'
Event: 7256.662 Thread 0x000002c1584b2850 Unloading class 0x000002c15c4f9460 'jdk/internal/jimage/ImageReader$Directory'
Event: 7256.662 Thread 0x000002c1584b2850 Unloading class 0x000002c15c4f91f8 'jdk/internal/jimage/ImageReader$Node'
Event: 7256.662 Thread 0x000002c1584b2850 Unloading class 0x000002c15c4f9000 'jdk/internal/jimage/ImageStrings'
Event: 7256.662 Thread 0x000002c1584b2850 Unloading class 0x000002c15c4f5b50 'jdk/internal/jimage/ImageReader$SharedImageReader'
Event: 7256.662 Thread 0x000002c1584b2850 Unloading class 0x000002c15c4f5890 'jdk/internal/jimage/BasicImageReader'
Event: 7256.662 Thread 0x000002c1584b2850 Unloading class 0x000002c15c4f5670 'jdk/internal/jimage/ImageReader'
Event: 7256.662 Thread 0x000002c1584b2850 Unloading class 0x000002c15c4f5448 'jdk/internal/jrtfs/SystemImage$2'
Event: 7256.662 Thread 0x000002c1584b2850 Unloading class 0x000002c15c4f5230 'jdk/internal/jrtfs/SystemImage$$Lambda$6165+0x000002c15c4f5230'
Event: 7256.662 Thread 0x000002c1584b2850 Unloading class 0x000002c15c4f5000 'jdk/internal/jrtfs/ExplodedImage'
Event: 7256.662 Thread 0x000002c1584b2850 Unloading class 0x000002c15c4f4dc8 'jdk/internal/jrtfs/SystemImage$1'
Event: 7256.662 Thread 0x000002c1584b2850 Unloading class 0x000002c15c4f4bb0 'jdk/internal/jrtfs/SystemImage'
Event: 7256.662 Thread 0x000002c1584b2850 Unloading class 0x000002c15c4f4950 'jdk/internal/jrtfs/JrtFileStore'
Event: 7256.662 Thread 0x000002c1584b2850 Unloading class 0x000002c15c4f45d8 'jdk/internal/jrtfs/JrtPath'
Event: 7256.662 Thread 0x000002c1584b2850 Unloading class 0x000002c15c4f42e0 'jdk/internal/jrtfs/JrtFileSystem'
Event: 7256.662 Thread 0x000002c1584b2850 Unloading class 0x000002c15c4f4000 'jdk/internal/jrtfs/JrtFileSystemProvider'

Classes redefined (0 events):
No events

Internal exceptions (20 events):
Event: 7327.352 Thread 0x000002c106ccaea0 Exception <a 'sun/nio/fs/WindowsException'{0x00000000c4ab8308}> (0x00000000c4ab8308) 
thrown [s\src\hotspot\share\prims\jni.cpp, line 516]
Event: 7327.359 Thread 0x000002c106ccaea0 Exception <a 'sun/nio/fs/WindowsException'{0x00000000c499ac70}> (0x00000000c499ac70) 
thrown [s\src\hotspot\share\prims\jni.cpp, line 516]
Event: 7327.451 Thread 0x000002c106ccaea0 Exception <a 'sun/nio/fs/WindowsException'{0x00000000c499d118}> (0x00000000c499d118) 
thrown [s\src\hotspot\share\prims\jni.cpp, line 516]
Event: 7327.460 Thread 0x000002c106ccaea0 Exception <a 'sun/nio/fs/WindowsException'{0x00000000c499f6c8}> (0x00000000c499f6c8) 
thrown [s\src\hotspot\share\prims\jni.cpp, line 516]
Event: 7327.545 Thread 0x000002c106ccaea0 Exception <a 'sun/nio/fs/WindowsException'{0x00000000c49a1e28}> (0x00000000c49a1e28) 
thrown [s\src\hotspot\share\prims\jni.cpp, line 516]
Event: 7327.547 Thread 0x000002c106ccaea0 Exception <a 'sun/nio/fs/WindowsException'{0x00000000c49a4548}> (0x00000000c49a4548) 
thrown [s\src\hotspot\share\prims\jni.cpp, line 516]
Event: 7327.549 Thread 0x000002c106ccaea0 Exception <a 'sun/nio/fs/WindowsException'{0x00000000c49a6cc0}> (0x00000000c49a6cc0) 
thrown [s\src\hotspot\share\prims\jni.cpp, line 516]
Event: 7327.551 Thread 0x000002c106ccaea0 Exception <a 'sun/nio/fs/WindowsException'{0x00000000c49a94a0}> (0x00000000c49a94a0) 
thrown [s\src\hotspot\share\prims\jni.cpp, line 516]
Event: 7327.559 Thread 0x000002c106ccaea0 Exception <a 'sun/nio/fs/WindowsException'{0x00000000c49abbe0}> (0x00000000c49abbe0) 
thrown [s\src\hotspot\share\prims\jni.cpp, line 516]
Event: 7327.568 Thread 0x000002c106ccaea0 Exception <a 'sun/nio/fs/WindowsException'{0x00000000c49ae1f8}> (0x00000000c49ae1f8) 
thrown [s\src\hotspot\share\prims\jni.cpp, line 516]
Event: 7327.570 Thread 0x000002c106ccaea0 Exception <a 'sun/nio/fs/WindowsException'{0x00000000c49b0870}> (0x00000000c49b0870) 
thrown [s\src\hotspot\share\prims\jni.cpp, line 516]
Event: 7337.767 Thread 0x000002c106ccc7f0 Exception <a 'sun/nio/fs/WindowsException'{0x00000000d472c6b8}> (0x00000000d472c6b8) 
thrown [s\src\hotspot\share\prims\jni.cpp, line 516]
Event: 7337.768 Thread 0x000002c106ccc7f0 Exception <a 'sun/nio/fs/WindowsException'{0x00000000d472d5c8}> (0x00000000d472d5c8) 
thrown [s\src\hotspot\share\prims\jni.cpp, line 516]
Event: 7337.768 Thread 0x000002c106ccc7f0 Exception <a 'sun/nio/fs/WindowsException'{0x00000000d472d7a0}> (0x00000000d472d7a0) 
thrown [s\src\hotspot\share\prims\jni.cpp, line 516]
Event: 7340.375 Thread 0x000002c106cca480 Implicit null exception at 0x000002c14c21df90 to 0x000002c14c21e2d8
Event: 7341.724 Thread 0x000002c106cca480 Implicit null exception at 0x000002c14bfe364f to 0x000002c14bfe3712
Event: 7342.553 Thread 0x000002c106cca480 Implicit null exception at 0x000002c14c0aeca0 to 0x000002c14c0af0b8
Event: 7343.490 Thread 0x000002c106cca480 Implicit null exception at 0x000002c14c088f36 to 0x000002c14c08912c
Event: 7344.327 Thread 0x000002c1065f2660 Implicit null exception at 0x000002c14c33c2ad to 0x000002c14c33cb08
Event: 7347.495 Thread 0x000002c106cca480 Implicit null exception at 0x000002c14c135644 to 0x000002c14c1356bd

VM Operations (20 events):
Event: 7347.080 Executing VM operation: HandshakeAllThreads
Event: 7347.080 Executing VM operation: HandshakeAllThreads done
Event: 7347.080 Executing VM operation: HandshakeAllThreads
Event: 7347.081 Executing VM operation: HandshakeAllThreads done
Event: 7347.143 Executing VM operation: HandshakeAllThreads
Event: 7347.143 Executing VM operation: HandshakeAllThreads done
Event: 7347.397 Executing VM operation: G1PauseCleanup
Event: 7347.398 Executing VM operation: G1PauseCleanup done
Event: 7347.889 Executing VM operation: ICBufferFull
Event: 7347.889 Executing VM operation: ICBufferFull done
Event: 7348.704 Executing VM operation: ICBufferFull
Event: 7348.704 Executing VM operation: ICBufferFull done
Event: 7348.774 Executing VM operation: HandshakeAllThreads
Event: 7348.774 Executing VM operation: HandshakeAllThreads done
Event: 7348.906 Executing VM operation: HandshakeAllThreads
Event: 7348.907 Executing VM operation: HandshakeAllThreads done
Event: 7348.907 Executing VM operation: HandshakeAllThreads
Event: 7348.908 Executing VM operation: HandshakeAllThreads done
Event: 7349.909 Executing VM operation: Cleanup
Event: 7349.912 Executing VM operation: Cleanup done

Memory protections (0 events):
No events

Nmethod flushes (20 events):
Event: 7349.177 Thread 0x000002c1584e8f30 flushing  nmethod 0x000002c145cf6e10
Event: 7349.179 Thread 0x000002c1584e8f30 flushing  nmethod 0x000002c145fd5310
Event: 7349.186 Thread 0x000002c1584e8f30 flushing  nmethod 0x000002c14696b410
Event: 7349.186 Thread 0x000002c1584e8f30 flushing  nmethod 0x000002c14696b910
Event: 7349.186 Thread 0x000002c1584e8f30 flushing  nmethod 0x000002c146a09590
Event: 7349.186 Thread 0x000002c1584e8f30 flushing  nmethod 0x000002c146a9e210
Event: 7349.186 Thread 0x000002c1584e8f30 flushing  nmethod 0x000002c146aa5790
Event: 7349.186 Thread 0x000002c1584e8f30 flushing  nmethod 0x000002c146aac110
Event: 7349.186 Thread 0x000002c1584e8f30 flushing  nmethod 0x000002c146aac510
Event: 7349.187 Thread 0x000002c1584e8f30 flushing  nmethod 0x000002c146b15790
Event: 7349.187 Thread 0x000002c1584e8f30 flushing  nmethod 0x000002c146b85490
Event: 7349.187 Thread 0x000002c1584e8f30 flushing  nmethod 0x000002c146b85c10
Event: 7349.189 Thread 0x000002c1584e8f30 flushing  nmethod 0x000002c146e98f10
Event: 7349.189 Thread 0x000002c1584e8f30 flushing  nmethod 0x000002c146f30510
Event: 7349.190 Thread 0x000002c1584e8f30 flushing  nmethod 0x000002c147063190
Event: 7349.191 Thread 0x000002c1584e8f30 flushing  nmethod 0x000002c1471eef90
Event: 7349.191 Thread 0x000002c1584e8f30 flushing  nmethod 0x000002c1472fb210
Event: 7349.192 Thread 0x000002c1584e8f30 flushing  nmethod 0x000002c1473e2c90
Event: 7349.200 Thread 0x000002c1584e8f30 flushing  nmethod 0x000002c148117290
Event: 7349.200 Thread 0x000002c1584e8f30 flushing  nmethod 0x000002c14822c410

Events (20 events):
Event: 7339.652 Thread 0x000002c107be30c0 Thread exited: 0x000002c107be30c0
Event: 7339.715 Thread 0x000002c1584da3d0 Thread added: 0x000002c10fb0f710
Event: 7341.292 Thread 0x000002c1584da3d0 Thread added: 0x000002c17d1bb1f0
Event: 7342.253 Thread 0x000002c17d1bb1f0 Thread exited: 0x000002c17d1bb1f0
Event: 7342.335 Thread 0x000002c10fb0f710 Thread exited: 0x000002c10fb0f710
Event: 7342.562 Thread 0x000002c1584da3d0 Thread added: 0x000002c107be0640
Event: 7342.709 Thread 0x000002c107be0640 Thread exited: 0x000002c107be0640
Event: 7343.727 Thread 0x000002c1584da3d0 Thread added: 0x000002c107be20d0
Event: 7343.891 Thread 0x000002c1584da3d0 Thread added: 0x000002c107be0b90
Event: 7344.485 Thread 0x000002c107be0b90 Thread exited: 0x000002c107be0b90
Event: 7345.457 Thread 0x000002c107be20d0 Thread exited: 0x000002c107be20d0
Event: 7345.472 Thread 0x000002c1584da3d0 Thread added: 0x000002c11295c0e0
Event: 7345.973 Thread 0x000002c11295c0e0 Thread exited: 0x000002c11295c0e0
Event: 7346.055 Thread 0x000002c158b81430 Thread added: 0x000002c17d1bb740
Event: 7346.445 Thread 0x000002c1584da3d0 Thread added: 0x000002c11295c0e0
Event: 7347.022 Thread 0x000002c11295c0e0 Thread exited: 0x000002c11295c0e0
Event: 7347.150 Thread 0x000002c10f0a3f90 Thread exited: 0x000002c10f0a3f90
Event: 7348.336 Thread 0x000002c1584da3d0 Thread added: 0x000002c107be20d0
Event: 7348.948 Thread 0x000002c107be20d0 Thread exited: 0x000002c107be20d0
Event: 7348.948 Thread 0x000002c17d1bb740 Thread exited: 0x000002c17d1bb740


Dynamic libraries:
0x00007ff7dbd50000 - 0x00007ff7dbd5e000 	C:\Program Files\Eclipse Adoptium\jdk-17.0.16.8-hotspot\bin\java.exe
0x00007ffeca3e0000 - 0x00007ffeca648000 	C:\WINDOWS\SYSTEM32\ntdll.dll
0x00007ffec9ed0000 - 0x00007ffec9f99000 	C:\WINDOWS\System32\KERNEL32.DLL
0x00007ffec77a0000 - 0x00007ffec7b91000 	C:\WINDOWS\System32\KERNELBASE.dll
0x00007ffec7e50000 - 0x00007ffec7f9b000 	C:\WINDOWS\System32\ucrtbase.dll
0x00007ffeb2860000 - 0x00007ffeb287e000 	C:\Program Files\Eclipse Adoptium\jdk-17.0.16.8-hotspot\bin\VCRUNTIME140.dll
0x00007ffebbcf0000 - 0x00007ffebbd07000 	C:\Program Files\Eclipse Adoptium\jdk-17.0.16.8-hotspot\bin\jli.dll
0x00007ffec8a50000 - 0x00007ffec8c16000 	C:\WINDOWS\System32\USER32.dll
0x00007ffec6cc0000 - 0x00007ffec6ce7000 	C:\WINDOWS\System32\win32u.dll
0x00007ffeb1450000 - 0x00007ffeb16e3000 	C:\WINDOWS\WinSxS\amd64_microsoft.windows.common-controls_6595b64144ccf1df_6.0.26100.7824_none_3e0870b2e3345462\COMCTL32.dll
0x00007ffec88a0000 - 0x00007ffec88cb000 	C:\WINDOWS\System32\GDI32.dll
0x00007ffec8290000 - 0x00007ffec8339000 	C:\WINDOWS\System32\msvcrt.dll
0x00007ffec8050000 - 0x00007ffec817b000 	C:\WINDOWS\System32\gdi32full.dll
0x00007ffec7da0000 - 0x00007ffec7e43000 	C:\WINDOWS\System32\msvcp_win.dll
0x00007ffec9a00000 - 0x00007ffec9a31000 	C:\WINDOWS\System32\IMM32.DLL
0x00007ffebbd40000 - 0x00007ffebbd4c000 	C:\Program Files\Eclipse Adoptium\jdk-17.0.16.8-hotspot\bin\vcruntime140_1.dll
0x00007ffe89620000 - 0x00007ffe896ad000 	C:\Program Files\Eclipse Adoptium\jdk-17.0.16.8-hotspot\bin\msvcp140.dll
0x00007ffe361c0000 - 0x00007ffe36e2b000 	C:\Program Files\Eclipse Adoptium\jdk-17.0.16.8-hotspot\bin\server\jvm.dll
0x00007ffeca040000 - 0x00007ffeca0f4000 	C:\WINDOWS\System32\ADVAPI32.dll
0x00007ffec8c20000 - 0x00007ffec8cc6000 	C:\WINDOWS\System32\sechost.dll
0x00007ffec8340000 - 0x00007ffec8458000 	C:\WINDOWS\System32\RPCRT4.dll
0x00007ffec8460000 - 0x00007ffec84d4000 	C:\WINDOWS\System32\WS2_32.dll
0x00007ffec6b20000 - 0x00007ffec6b7e000 	C:\WINDOWS\SYSTEM32\POWRPROF.dll
0x00007ffeb16f0000 - 0x00007ffeb1725000 	C:\WINDOWS\SYSTEM32\WINMM.dll
0x00007ffebc070000 - 0x00007ffebc07b000 	C:\WINDOWS\SYSTEM32\VERSION.dll
0x00007ffec6b00000 - 0x00007ffec6b14000 	C:\WINDOWS\SYSTEM32\UMPDC.dll
0x00007ffec5a20000 - 0x00007ffec5a3b000 	C:\WINDOWS\SYSTEM32\kernel.appcore.dll
0x00007ffeb2700000 - 0x00007ffeb270a000 	C:\Program Files\Eclipse Adoptium\jdk-17.0.16.8-hotspot\bin\jimage.dll
0x00007ffeb8b60000 - 0x00007ffeb8da2000 	C:\WINDOWS\SYSTEM32\DBGHELP.DLL
0x00007ffec9a40000 - 0x00007ffec9dc6000 	C:\WINDOWS\System32\combase.dll
0x00007ffec9170000 - 0x00007ffec9247000 	C:\WINDOWS\System32\OLEAUT32.dll
0x00007ffeb20c0000 - 0x00007ffeb20fb000 	C:\WINDOWS\SYSTEM32\dbgcore.DLL
0x00007ffec7fa0000 - 0x00007ffec8045000 	C:\WINDOWS\System32\bcryptPrimitives.dll
0x00007ffea2cf0000 - 0x00007ffea2cfe000 	C:\Program Files\Eclipse Adoptium\jdk-17.0.16.8-hotspot\bin\instrument.dll
0x00007ffea0300000 - 0x00007ffea0325000 	C:\Program Files\Eclipse Adoptium\jdk-17.0.16.8-hotspot\bin\java.dll
0x00007ffe64d80000 - 0x00007ffe64e57000 	C:\Program Files\Eclipse Adoptium\jdk-17.0.16.8-hotspot\bin\jsvml.dll
0x00007ffec9250000 - 0x00007ffec99a2000 	C:\WINDOWS\System32\SHELL32.dll
0x00007ffec7ba0000 - 0x00007ffec7d0a000 	C:\WINDOWS\System32\wintypes.dll
0x00007ffec6f30000 - 0x00007ffec7793000 	C:\WINDOWS\System32\windows.storage.dll
0x00007ffeca100000 - 0x00007ffeca1f6000 	C:\WINDOWS\System32\SHCORE.dll
0x00007ffec8210000 - 0x00007ffec8277000 	C:\WINDOWS\System32\shlwapi.dll
0x00007ffec6be0000 - 0x00007ffec6c09000 	C:\WINDOWS\SYSTEM32\profapi.dll
0x00007ffea7fb0000 - 0x00007ffea7fc8000 	C:\Program Files\Eclipse Adoptium\jdk-17.0.16.8-hotspot\bin\zip.dll
0x00007ffeb2210000 - 0x00007ffeb2229000 	C:\Program Files\Eclipse Adoptium\jdk-17.0.16.8-hotspot\bin\net.dll
0x00007ffebd110000 - 0x00007ffebd237000 	C:\WINDOWS\SYSTEM32\WINHTTP.dll
0x00007ffec5f70000 - 0x00007ffec5fdb000 	C:\WINDOWS\system32\mswsock.dll
0x00007ffeac680000 - 0x00007ffeac696000 	C:\Program Files\Eclipse Adoptium\jdk-17.0.16.8-hotspot\bin\nio.dll
0x00007ffea8240000 - 0x00007ffea8250000 	C:\Program Files\Eclipse Adoptium\jdk-17.0.16.8-hotspot\bin\verify.dll
0x00007ffe9f340000 - 0x00007ffe9f367000 	C:\Users\dell\.gradle\native\1def1411415f61bf3af743bc5b6707747c0891f09f0c88961ee8f79bc544acac\windows-amd64\native-platform.dll
0x00007ffe89f60000 - 0x00007ffe89fd7000 	C:\Users\dell\.gradle\native\0.2.8\x86_64-windows-gnu\gradle-fileevents.dll
0x00007ffeb2660000 - 0x00007ffeb266a000 	C:\Program Files\Eclipse Adoptium\jdk-17.0.16.8-hotspot\bin\management.dll
0x00007ffeb25b0000 - 0x00007ffeb25bb000 	C:\Program Files\Eclipse Adoptium\jdk-17.0.16.8-hotspot\bin\management_ext.dll
0x00007ffec8950000 - 0x00007ffec8958000 	C:\WINDOWS\System32\PSAPI.DLL
0x00007ffec54d0000 - 0x00007ffec5504000 	C:\WINDOWS\SYSTEM32\IPHLPAPI.DLL
0x00007ffec8280000 - 0x00007ffec828a000 	C:\WINDOWS\System32\NSI.dll
0x00007ffec0a50000 - 0x00007ffec0a6e000 	C:\WINDOWS\SYSTEM32\dhcpcsvc6.DLL
0x00007ffec0ac0000 - 0x00007ffec0ae3000 	C:\WINDOWS\SYSTEM32\dhcpcsvc.DLL
0x00007ffec5510000 - 0x00007ffec563c000 	C:\WINDOWS\SYSTEM32\DNSAPI.dll
0x00007ffea2d00000 - 0x00007ffea2d09000 	C:\Program Files\Eclipse Adoptium\jdk-17.0.16.8-hotspot\bin\extnet.dll
0x00007ffec6360000 - 0x00007ffec637b000 	C:\WINDOWS\SYSTEM32\CRYPTSP.dll
0x00007ffec5980000 - 0x00007ffec59b9000 	C:\WINDOWS\system32\rsaenh.dll
0x00007ffec6020000 - 0x00007ffec604b000 	C:\WINDOWS\SYSTEM32\USERENV.dll
0x00007ffec6bb0000 - 0x00007ffec6bda000 	C:\WINDOWS\SYSTEM32\bcrypt.dll
0x00007ffec61c0000 - 0x00007ffec61cc000 	C:\WINDOWS\SYSTEM32\CRYPTBASE.dll
0x00007ffe9f4e0000 - 0x00007ffe9f4ee000 	C:\Program Files\Eclipse Adoptium\jdk-17.0.16.8-hotspot\bin\sunmscapi.dll
0x00007ffec6db0000 - 0x00007ffec6f27000 	C:\WINDOWS\System32\CRYPT32.dll
0x00007ffec64c0000 - 0x00007ffec64f0000 	C:\WINDOWS\SYSTEM32\ncrypt.dll
0x00007ffec6470000 - 0x00007ffec64af000 	C:\WINDOWS\SYSTEM32\NTASN1.dll
0x00007ffea2b20000 - 0x00007ffea2b28000 	C:\WINDOWS\system32\wshunix.dll
0x00007ffec5b40000 - 0x00007ffec5b76000 	C:\WINDOWS\SYSTEM32\ntmarta.dll
0x00007ffec2450000 - 0x00007ffec2457000 	C:\Program Files\Eclipse Adoptium\jdk-17.0.16.8-hotspot\bin\rmi.dll
0x00007ffe4d680000 - 0x00007ffe4d810000 	C:\Program Files\Eclipse Adoptium\jdk-17.0.16.8-hotspot\bin\awt.dll
0x00007ffec4570000 - 0x00007ffec460e000 	C:\WINDOWS\SYSTEM32\apphelp.dll
0x00007ffec4740000 - 0x00007ffec47eb000 	C:\WINDOWS\system32\uxtheme.dll
0x00007ffec8730000 - 0x00007ffec888f000 	C:\WINDOWS\System32\MSCTF.dll
0x00007ffeca200000 - 0x00007ffeca397000 	C:\WINDOWS\System32\ole32.dll
0x0000000072990000 - 0x00000000729b6000 	C:\Program Files\Bonjour\mdnsNSP.dll
0x00007ffeba990000 - 0x00007ffeba99b000 	C:\Windows\System32\rasadhlp.dll
0x00007ffec18b0000 - 0x00007ffec1936000 	C:\WINDOWS\System32\fwpuclnt.dll

dbghelp: loaded successfully - version: 4.0.5 - missing functions: none
symbol engine: initialized successfully - sym options: 0x614 - pdb path: .;C:\Program Files\Eclipse Adoptium\jdk-17.0.16.8-hotspot\bin;C:\WINDOWS\SYSTEM32;C:\WINDOWS\WinSxS\amd64_microsoft.windows.common-controls_6595b64144ccf1df_6.0.26100.7824_none_3e0870b2e3345462;C:\Program Files\Eclipse Adoptium\jdk-17.0.16.8-hotspot\bin\server;C:\Users\dell\.gradle\native\1def1411415f61bf3af743bc5b6707747c0891f09f0c88961ee8f79bc544acac\windows-amd64;C:\Users\dell\.gradle\native\0.2.8\x86_64-windows-gnu;C:\Program Files\Bonjour

VM Arguments:
jvm_args: --add-opens=java.base/java.lang=ALL-UNNAMED --add-opens=java.base/java.lang.invoke=ALL-UNNAMED --add-opens=java.base/java.util=ALL-UNNAMED --add-opens=java.prefs/java.util.prefs=ALL-UNNAMED --add-exports=jdk.compiler/com.sun.tools.javac.api=ALL-UNNAMED --add-exports=jdk.compiler/com.sun.tools.javac.util=ALL-UNNAMED --add-opens=java.base/java.util=ALL-UNNAMED --add-opens=java.prefs/java.util.prefs=ALL-UNNAMED --add-opens=java.base/java.nio.charset=ALL-UNNAMED --add-opens=java.base/java.net=ALL-UNNAMED --add-opens=java.base/java.util.concurrent=ALL-UNNAMED --add-opens=java.base/java.util.concurrent.atomic=ALL-UNNAMED --add-opens=java.xml/javax.xml.namespace=ALL-UNNAMED -XX:MaxMetaspaceSize=512m -Xmx2048m -Dfile.encoding=windows-1252 -Duser.country=US -Duser.language=en -Duser.variant -javaagent:C:\Users\dell\.gradle\wrapper\dists\gradle-9.0.0-bin\d6wjpkvcgsg3oed0qlfss3wgl\gradle-9.0.0\lib\agents\gradle-instrumentation-agent-9.0.0.jar 
java_command: org.gradle.launcher.daemon.bootstrap.GradleDaemon 9.0.0
java_class_path (initial): C:\Users\dell\.gradle\wrapper\dists\gradle-9.0.0-bin\d6wjpkvcgsg3oed0qlfss3wgl\gradle-9.0.0\lib\gradle-daemon-main-9.0.0.jar
Launcher Type: SUN_STANDARD

[Global flags]
     intx CICompilerCount                          = 4                                         {product} {ergonomic}
   size_t CompressedClassSpaceSize                 = 436207616                                 {product} {ergonomic}
     uint ConcGCThreads                            = 2                                         {product} {ergonomic}
     uint G1ConcRefinementThreads                  = 8                                         {product} {ergonomic}
   size_t G1HeapRegionSize                         = 1048576                                   {product} {ergonomic}
    uintx GCDrainStackTargetSize                   = 64                                        {product} {ergonomic}
   size_t InitialHeapSize                          = 132120576                                 {product} {ergonomic}
   size_t MarkStackSize                            = 4194304                                   {product} {ergonomic}
   size_t MaxHeapSize                              = 2147483648                                {product} {command line}
   size_t MaxMetaspaceSize                         = 536870912                                 {product} {command line}
   size_t MaxNewSize                               = 1287651328                                {product} {ergonomic}
   size_t MinHeapDeltaBytes                        = 1048576                                   {product} {ergonomic}
   size_t MinHeapSize                              = 8388608                                   {product} {ergonomic}
    uintx NonNMethodCodeHeapSize                   = 5839372                                {pd product} {ergonomic}
    uintx NonProfiledCodeHeapSize                  = 122909434                              {pd product} {ergonomic}
    uintx ProfiledCodeHeapSize                     = 122909434                              {pd product} {ergonomic}
    uintx ReservedCodeCacheSize                    = 251658240                              {pd product} {ergonomic}
     bool SegmentedCodeCache                       = true                                      {product} {ergonomic}
   size_t SoftMaxHeapSize                          = 2147483648                             {manageable} {ergonomic}
     bool UseCompressedClassPointers               = true                           {product lp64_product} {ergonomic}
     bool UseCompressedOops                        = true                           {product lp64_product} {ergonomic}
     bool UseG1GC                                  = true                                      {product} {ergonomic}
     bool UseLargePagesIndividualAllocation        = false                                  {pd product} {ergonomic}

Logging:
Log output configuration:
 #0: stdout all=warning uptime,level,tags
 #1: stderr all=off uptime,level,tags

Environment Variables:
JAVA_HOME=C:\Program Files\Eclipse Adoptium\jdk-17.0.16.8-hotspot\
PATH=C:\Users\dell\Desktop\SWIPS\samwega-pos-bare\node_modules\.bin;C:\Users\dell\Desktop\SWIPS\samwega-pos-bare\node_modules\.bin;C:\Users\dell\Desktop\SWIPS\node_modules\.bin;C:\Users\dell\Desktop\node_modules\.bin;C:\Users\dell\node_modules\.bin;C:\Users\node_modules\.bin;C:\node_modules\.bin;C:\Users\dell\AppData\Roaming\npm\node_modules\npm\node_modules\@npmcli\run-script\lib\node-gyp-bin;C:\Program Files\Eclipse Adoptium\jdk-17.0.16.8-hotspot\bin;C:\WINDOWS\system32;C:\WINDOWS;C:\WINDOWS\System32\Wbem;C:\WINDOWS\System32\WindowsPowerShell\v1.0\;C:\WINDOWS\System32\OpenSSH\;C:\Program Files\nodejs\;C:\Program Files\Git\cmd;C:\Program Files\Gammu 1.42.0\bin;C:\Users\dell\.cargo\bin;C:\Users\dell\AppData\Local\Programs\Python\Python313\Scripts\;C:\Users\dell\AppData\Local\Programs\Python\Python313\;C:\Users\dell\AppData\Local\Programs\Python\Launcher\;C:\Users\dell\AppData\Local\Microsoft\WindowsApps;C:\Users\dell\AppData\Roaming\npm;C:\Users\dell\AppData\Local\Programs\Microsoft VS Code\bin;C:\Users\dell\.cargo\bin;C:\Android\sdk\platform-tools;C:\Users\dell\AppData\Local\Programs\Antigravity\bin
USERNAME=dell
OS=Windows_NT
PROCESSOR_IDENTIFIER=Intel64 Family 6 Model 142 Stepping 12, GenuineIntel
TMP=C:\Users\dell\AppData\Local\Temp
TEMP=C:\Users\dell\AppData\Local\Temp



Periodic native trim disabled


---------------  S Y S T E M  ---------------

OS:
 Windows 11 , 64 bit Build 26100 (10.0.26100.7705)
OS uptime: 10 days 4:20 hours
Hyper-V role detected

CPU: total 8 (initial active 8) (4 cores per cpu, 2 threads per core) family 6 model 142 stepping 12 microcode 0xfc, cx8, cmov, fxsr, ht, mmx, 3dnowpref, sse, sse2, sse3, ssse3, sse4.1, sse4.2, popcnt, lzcnt, tsc, tscinvbit, avx, avx2, aes, erms, clmul, bmi1, bmi2, adx, fma, vzeroupper, clflush, clflushopt, hv
Processor Information for all 8 processors :
  Max Mhz: 1800, Current Mhz: 1600, Mhz Limit: 1584

Memory: 4k page, system-wide physical 8012M (772M free)
TotalPageFile size 30025M (AvailPageFile size 0M)
current process WorkingSet (physical memory assigned to process): 1598M, peak: 1761M
current process commit charge ("private bytes"): 2386M, peak: 2398M

vm_info: OpenJDK 64-Bit Server VM (17.0.16+8) for windows-amd64 JRE (17.0.16+8), built on Jul 16 2025 10:37:56 by "admin" with MS VC++ 17.7 (VS2022)

END.
