#
# There is insufficient memory for the Java Runtime Environment to continue.
# Native memory allocation (malloc) failed to allocate 1589472 bytes. Error detail: Chunk::new
# Possible reasons:
#   The system is out of physical RAM or swap space
#   This process is running with CompressedOops enabled, and the Java Heap may be blocking the growth of the native heap
# Possible solutions:
#   Reduce memory load on the system
#   Increase physical memory or swap space
#   Check if swap backing store is full
#   Decrease Java heap size (-Xmx/-Xms)
#   Decrease number of Java threads
#   Decrease Java thread stack sizes (-Xss)
#   Set larger code cache with -XX:ReservedCodeCacheSize=
#   JVM is running with Unscaled Compressed Oops mode in which the Java heap is
#     placed in the first 4GB address space. The Java Heap base address is the
#     maximum limit for the native heap growth. Please use -XX:HeapBaseMinAddress
#     to set the Java Heap base and to place the Java Heap above 4GB virtual address.
# This output file may be truncated or incomplete.
#
#  Out of Memory Error (arena.cpp:191), pid=12184, tid=16036
#
# JRE version: OpenJDK Runtime Environment Temurin-17.0.16+8 (17.0.16+8) (build 17.0.16+8)
# Java VM: OpenJDK 64-Bit Server VM Temurin-17.0.16+8 (17.0.16+8, mixed mode, sharing, tiered, compressed oops, compressed class ptrs, g1 gc, windows-amd64)
# No core dump will be written. Minidumps are not enabled by default on client versions of Windows
#

---------------  S U M M A R Y ------------

Command Line: --add-opens=java.base/java.lang=ALL-UNNAMED --add-opens=java.base/java.lang.invoke=ALL-UNNAMED --add-opens=java.base/java.util=ALL-UNNAMED --add-opens=java.prefs/java.util.prefs=ALL-UNNAMED --add-exports=jdk.compiler/com.sun.tools.javac.api=ALL-UNNAMED --add-exports=jdk.compiler/com.sun.tools.javac.util=ALL-UNNAMED --add-opens=java.base/java.util=ALL-UNNAMED --add-opens=java.prefs/java.util.prefs=ALL-UNNAMED --add-opens=java.base/java.nio.charset=ALL-UNNAMED --add-opens=java.base/java.net=ALL-UNNAMED --add-opens=java.base/java.util.concurrent=ALL-UNNAMED --add-opens=java.base/java.util.concurrent.atomic=ALL-UNNAMED --add-opens=java.xml/javax.xml.namespace=ALL-UNNAMED -XX:MaxMetaspaceSize=512m -Xmx2048m -Dfile.encoding=windows-1252 -Duser.country=US -Duser.language=en -Duser.variant -javaagent:C:\Users\dell\.gradle\wrapper\dists\gradle-9.0.0-bin\d6wjpkvcgsg3oed0qlfss3wgl\gradle-9.0.0\lib\agents\gradle-instrumentation-agent-9.0.0.jar org.gradle.launcher.daemon.bootstrap.GradleDaemon 9.0.0

Host: Intel(R) Core(TM) i5-8265U CPU @ 1.60GHz, 8 cores, 7G,  Windows 11 , 64 bit Build 26100 (10.0.26100.7920)
Time: Tue Apr  7 10:29:18 2026 E. Africa Standard Time elapsed time: 234.222314 seconds (0d 0h 3m 54s)

---------------  T H R E A D  ---------------

Current thread (0x0000029969dcc7f0):  JavaThread "C2 CompilerThread0" daemon [_thread_in_native, id=16036, stack(0x000000b2fc900000,0x000000b2fca00000)]


Current CompileTask:
C2: 234222 33008 %     4       javax.management.ObjectName::construct @ 448 (1135 bytes)

Stack: [0x000000b2fc900000,0x000000b2fca00000]
Native frames: (J=compiled Java code, j=interpreted, Vv=VM code, C=native code)
V  [jvm.dll+0x683169]
V  [jvm.dll+0x839ac8]
V  [jvm.dll+0x83b573]
V  [jvm.dll+0x83bbe3]
V  [jvm.dll+0x2473ff]
V  [jvm.dll+0xace94]
V  [jvm.dll+0xad52c]
V  [jvm.dll+0x365e0e]
V  [jvm.dll+0x32fff8]
V  [jvm.dll+0x32f47a]
V  [jvm.dll+0x21831f]
V  [jvm.dll+0x21775f]
V  [jvm.dll+0x1a32a0]
V  [jvm.dll+0x227b3c]
V  [jvm.dll+0x225ccb]
V  [jvm.dll+0x7ef2d8]
V  [jvm.dll+0x7e979c]
V  [jvm.dll+0x682047]
C  [ucrtbase.dll+0x37b0]
C  [KERNEL32.DLL+0x2e8d7]
C  [ntdll.dll+0x8c48c]


---------------  P R O C E S S  ---------------

Threads class SMR info:
_java_thread_list=0x000002997d4bd1e0, length=178, elements={
0x000002994b8ccec0, 0x0000029969dadab0, 0x0000029969daf680, 0x0000029969dc8ab0,
0x0000029969dc9670, 0x0000029969dca130, 0x0000029969dcaaf0, 0x0000029969dcc7f0,
0x0000029969dcd2a0, 0x000002996e016870, 0x000002996e11d300, 0x000002996e224fb0,
0x000002996f7905c0, 0x000002996f0fbae0, 0x000002996f590880, 0x000002996e06b1c0,
0x000002996e06b6a0, 0x000002996e1d6130, 0x000002996e1d6640, 0x000002996e1d5710,
0x000002996e1d6b50, 0x000002996e1d84a0, 0x000002996e1d4cf0, 0x000002996e1d7a80,
0x000002996e1d7f90, 0x000002997061e290, 0x000002997061ba10, 0x000002997061d870,
0x000002997061ce50, 0x000002997061b500, 0x000002997061dd80, 0x000002997061c430,
0x000002997061e7a0, 0x00000299701e2340, 0x00000299701e3780, 0x00000299701e46b0,
0x00000299701e3c90, 0x00000299701e2850, 0x00000299701e2d60, 0x00000299701e50d0,
0x00000299701e41a0, 0x00000299701e7e60, 0x00000299701e6f30, 0x00000299701e4bc0,
0x00000299701e8370, 0x00000299701e7440, 0x00000299701e8880, 0x00000299701e8d90,
0x00000299701e6a20, 0x00000299701e5af0, 0x00000299701e92a0, 0x00000299701e97b0,
0x00000299701e6000, 0x00000299701e6510, 0x000002997061aff0, 0x0000029972ae19a0,
0x0000029972ae0f80, 0x0000029972ae0560, 0x0000029972adfb40, 0x0000029972ae1490,
0x0000029972adf120, 0x0000029972adf630, 0x0000029972ae1eb0, 0x0000029972ae0050,
0x0000029972ae6080, 0x0000029972ae5660, 0x0000029972ae4220, 0x0000029972ae32f0,
0x0000029972ae28d0, 0x0000029972ae2de0, 0x0000029972ae3800, 0x0000029972ae3d10,
0x000002996e836f90, 0x000002996e836a80, 0x000002996e837ec0, 0x000002996e8374a0,
0x000002996e8379b0, 0x000002996e8383d0, 0x000002996e836570, 0x000002996e8388e0,
0x000002996e838df0, 0x000002996e839300, 0x000002996e839810, 0x000002996e836060,
0x0000029971a09ec0, 0x0000029971a0a3d0, 0x0000029971a08570, 0x0000029971a0a8e0,
0x0000029971a0adf0, 0x0000029971a0b810, 0x0000029971a08a80, 0x0000029971a0b300,
0x0000029971a08060, 0x0000029971a094a0, 0x0000029971a099b0, 0x0000029971a0bd20,
0x0000029971a08f90, 0x0000029971a0c230, 0x0000029971a0d670, 0x0000029971a0eab0,
0x0000029971a0c740, 0x0000029971a0e090, 0x0000029971a0db80, 0x0000029971a0f4d0,
0x0000029971a0efc0, 0x0000029971a0e5a0, 0x0000029971a0cc50, 0x0000029971a0f9e0,
0x00000299719ec5a0, 0x00000299719ea230, 0x00000299719e9d20, 0x00000299719ec090,
0x00000299719eb160, 0x00000299719ea740, 0x00000299719ecab0, 0x00000299719e9810,
0x00000299719ecfc0, 0x00000299719ee400, 0x00000299719eac50, 0x00000299719edef0,
0x00000299719ed4d0, 0x00000299719ee910, 0x00000299719eb670, 0x00000299719ed9e0,
0x00000299719ef330, 0x00000299719eee20, 0x00000299719ebb80, 0x00000299719efd50,
0x00000299719f1190, 0x00000299719f0260, 0x0000029973c73920, 0x0000029973c761a0,
0x0000029973c76bc0, 0x0000029973c74340, 0x0000029973c775e0, 0x0000029973c75780,
0x0000029973c74850, 0x0000029973c78510, 0x000002996e1d7060, 0x000002997061bf20,
0x000002997bf6e690, 0x000002997ab8ed60, 0x0000029974f215e0, 0x000002997032da00,
0x000002997032df10, 0x000002997bf6dc70, 0x000002997561cf40, 0x0000029974a86ea0,
0x0000029974a85f70, 0x0000029974a873b0, 0x0000029974a86990, 0x000002997c4eee00,
0x000002997c4ed4b0, 0x000002997c4ecfa0, 0x000002997bf6eba0, 0x000002997032cfe0,
0x000002997032d4f0, 0x000002997a2726e0, 0x000002997a26f440, 0x000002997032ac70,
0x00000299754aade0, 0x000002997bf6f0b0, 0x000002997032e930, 0x000002997032b180,
0x000002997b4b96c0, 0x000002997c4eded0, 0x000002997bf6f5c0, 0x000002997a270880,
0x000002997b45cdd0, 0x000002997032cad0, 0x000002997032e420, 0x00000299754a9eb0,
0x00000299754aa8d0, 0x000002997561bb00, 0x000002997561ca30, 0x00000299752f3040,
0x000002997561c010, 0x000002997c4d70c0
}

Java Threads: ( => current thread )
  0x000002994b8ccec0 JavaThread "main" [_thread_blocked, id=17472, stack(0x000000b2fbc00000,0x000000b2fbd00000)]
  0x0000029969dadab0 JavaThread "Reference Handler" daemon [_thread_blocked, id=6092, stack(0x000000b2fc300000,0x000000b2fc400000)]
  0x0000029969daf680 JavaThread "Finalizer" daemon [_thread_blocked, id=8624, stack(0x000000b2fc400000,0x000000b2fc500000)]
  0x0000029969dc8ab0 JavaThread "Signal Dispatcher" daemon [_thread_blocked, id=16672, stack(0x000000b2fc500000,0x000000b2fc600000)]
  0x0000029969dc9670 JavaThread "Attach Listener" daemon [_thread_blocked, id=2036, stack(0x000000b2fc600000,0x000000b2fc700000)]
  0x0000029969dca130 JavaThread "Service Thread" daemon [_thread_blocked, id=16348, stack(0x000000b2fc700000,0x000000b2fc800000)]
  0x0000029969dcaaf0 JavaThread "Monitor Deflation Thread" daemon [_thread_blocked, id=2264, stack(0x000000b2fc800000,0x000000b2fc900000)]
=>0x0000029969dcc7f0 JavaThread "C2 CompilerThread0" daemon [_thread_in_native, id=16036, stack(0x000000b2fc900000,0x000000b2fca00000)]
  0x0000029969dcd2a0 JavaThread "C1 CompilerThread0" daemon [_thread_blocked, id=17600, stack(0x000000b2fca00000,0x000000b2fcb00000)]
  0x000002996e016870 JavaThread "Sweeper thread" daemon [_thread_blocked, id=4020, stack(0x000000b2fcb00000,0x000000b2fcc00000)]
  0x000002996e11d300 JavaThread "Common-Cleaner" daemon [_thread_blocked, id=15668, stack(0x000000b2fcc00000,0x000000b2fcd00000)]
  0x000002996e224fb0 JavaThread "Notification Thread" daemon [_thread_blocked, id=17528, stack(0x000000b2fcd00000,0x000000b2fce00000)]
  0x000002996f7905c0 JavaThread "Daemon health stats" [_thread_blocked, id=7300, stack(0x000000b2fd300000,0x000000b2fd400000)]
  0x000002996f0fbae0 JavaThread "Incoming local TCP Connector on port 56288" [_thread_in_native, id=3884, stack(0x000000b2fd400000,0x000000b2fd500000)]
  0x000002996f590880 JavaThread "Daemon periodic checks" [_thread_blocked, id=12600, stack(0x000000b2fd500000,0x000000b2fd600000)]
  0x000002996e06b1c0 JavaThread "Daemon" [_thread_blocked, id=5736, stack(0x000000b2fd600000,0x000000b2fd700000)]
  0x000002996e06b6a0 JavaThread "Handler for socket connection from /127.0.0.1:56288 to /127.0.0.1:56289" [_thread_in_native, id=11708, stack(0x000000b2fd700000,0x000000b2fd800000)]
  0x000002996e1d6130 JavaThread "Cancel handler" [_thread_blocked, id=16896, stack(0x000000b2fd800000,0x000000b2fd900000)]
  0x000002996e1d6640 JavaThread "Daemon worker" [_thread_blocked, id=15968, stack(0x000000b2fd900000,0x000000b2fda00000)]
  0x000002996e1d5710 JavaThread "Asynchronous log dispatcher for DefaultDaemonConnection: socket connection from /127.0.0.1:56288 to /127.0.0.1:56289" [_thread_blocked, id=9972, stack(0x000000b2fda00000,0x000000b2fdb00000)]
  0x000002996e1d6b50 JavaThread "Stdin handler" [_thread_blocked, id=9692, stack(0x000000b2fdb00000,0x000000b2fdc00000)]
  0x000002996e1d84a0 JavaThread "Daemon client event forwarder" [_thread_blocked, id=17160, stack(0x000000b2fdc00000,0x000000b2fdd00000)]
  0x000002996e1d4cf0 JavaThread "Cache worker for journal cache (C:\Users\dell\.gradle\caches\journal-1)" [_thread_blocked, id=17036, stack(0x000000b2fdd00000,0x000000b2fde00000)]
  0x000002996e1d7a80 JavaThread "File lock request listener" [_thread_in_native, id=17196, stack(0x000000b2fdf00000,0x000000b2fe000000)]
  0x000002996e1d7f90 JavaThread "Cache worker for file hash cache (C:\Users\dell\.gradle\caches\9.0.0\fileHashes)" [_thread_blocked, id=18364, stack(0x000000b2fe000000,0x000000b2fe100000)]
  0x000002997061e290 JavaThread "Cache worker for file hash cache (C:\Users\dell\Desktop\SWIPS\samwega-pos-bare\android\.gradle\9.0.0\fileHashes)" [_thread_blocked, id=15316, stack(0x000000b2fe500000,0x000000b2fe600000)]
  0x000002997061ba10 JavaThread "Cache worker for Build Output Cleanup Cache (C:\Users\dell\Desktop\SWIPS\samwega-pos-bare\android\.gradle\buildOutputCleanup)" [_thread_blocked, id=1928, stack(0x000000b2fe600000,0x000000b2fe700000)]
  0x000002997061d870 JavaThread "File watcher server" daemon [_thread_in_native, id=17840, stack(0x000000b2fe700000,0x000000b2fe800000)]
  0x000002997061ce50 JavaThread "File watcher consumer" daemon [_thread_in_Java, id=8936, stack(0x000000b2fe800000,0x000000b2fe900000)]
  0x000002997061b500 JavaThread "Cache worker for checksums cache (C:\Users\dell\Desktop\SWIPS\samwega-pos-bare\android\.gradle\9.0.0\checksums)" [_thread_blocked, id=7620, stack(0x000000b2fe300000,0x000000b2fe400000)]
  0x000002997061dd80 JavaThread "Cache worker for file content cache (C:\Users\dell\.gradle\caches\9.0.0\fileContent)" [_thread_blocked, id=17312, stack(0x000000b2fe900000,0x000000b2fea00000)]
  0x000002997061c430 JavaThread "Cache worker for cache directory md-supplier (C:\Users\dell\.gradle\caches\9.0.0\md-supplier)" [_thread_blocked, id=1780, stack(0x000000b2feb00000,0x000000b2fec00000)]
  0x000002997061e7a0 JavaThread "Cache worker for cache directory md-rule (C:\Users\dell\.gradle\caches\9.0.0\md-rule)" [_thread_blocked, id=12444, stack(0x000000b2fec00000,0x000000b2fed00000)]
  0x00000299701e2340 JavaThread "jar transforms" [_thread_blocked, id=9748, stack(0x000000b2fed00000,0x000000b2fee00000)]
  0x00000299701e3780 JavaThread "Cache worker for Build Output Cleanup Cache (C:\Users\dell\Desktop\SWIPS\samwega-pos-bare\node_modules\@react-native\gradle-plugin\.gradle\buildOutputCleanup)" [_thread_blocked, id=6656, stack(0x000000b2fee00000,0x000000b2fef00000)]
  0x00000299701e46b0 JavaThread "Unconstrained build operations" [_thread_blocked, id=3068, stack(0x000000b2fef00000,0x000000b2ff000000)]
  0x00000299701e3c90 JavaThread "Unconstrained build operations Thread 2" [_thread_blocked, id=16016, stack(0x000000b2ff000000,0x000000b2ff100000)]
  0x00000299701e2850 JavaThread "Unconstrained build operations Thread 3" [_thread_blocked, id=16708, stack(0x000000b2ff100000,0x000000b2ff200000)]
  0x00000299701e2d60 JavaThread "Unconstrained build operations Thread 4" [_thread_blocked, id=10140, stack(0x000000b2ff200000,0x000000b2ff300000)]
  0x00000299701e50d0 JavaThread "Unconstrained build operations Thread 5" [_thread_blocked, id=10040, stack(0x000000b2ff300000,0x000000b2ff400000)]
  0x00000299701e41a0 JavaThread "Unconstrained build operations Thread 6" [_thread_blocked, id=16640, stack(0x000000b2ff400000,0x000000b2ff500000)]
  0x00000299701e7e60 JavaThread "Unconstrained build operations Thread 7" [_thread_blocked, id=4208, stack(0x000000b2ff600000,0x000000b2ff700000)]
  0x00000299701e6f30 JavaThread "Unconstrained build operations Thread 8" [_thread_blocked, id=6660, stack(0x000000b2ff700000,0x000000b2ff800000)]
  0x00000299701e4bc0 JavaThread "Unconstrained build operations Thread 9" [_thread_blocked, id=2940, stack(0x000000b2ff800000,0x000000b2ff900000)]
  0x00000299701e8370 JavaThread "Unconstrained build operations Thread 10" [_thread_blocked, id=268, stack(0x000000b2ff900000,0x000000b2ffa00000)]
  0x00000299701e7440 JavaThread "Unconstrained build operations Thread 11" [_thread_blocked, id=12384, stack(0x000000b2ffa00000,0x000000b2ffb00000)]
  0x00000299701e8880 JavaThread "Unconstrained build operations Thread 12" [_thread_blocked, id=16668, stack(0x000000b2ffb00000,0x000000b2ffc00000)]
  0x00000299701e8d90 JavaThread "Unconstrained build operations Thread 13" [_thread_blocked, id=12388, stack(0x000000b2ffc00000,0x000000b2ffd00000)]
  0x00000299701e6a20 JavaThread "Unconstrained build operations Thread 14" [_thread_blocked, id=4728, stack(0x000000b2ff500000,0x000000b2ff600000)]
  0x00000299701e5af0 JavaThread "Unconstrained build operations Thread 15" [_thread_blocked, id=6032, stack(0x000000b2ffd00000,0x000000b2ffe00000)]
  0x00000299701e92a0 JavaThread "Unconstrained build operations Thread 16" [_thread_blocked, id=17644, stack(0x000000b2ffe00000,0x000000b2fff00000)]
  0x00000299701e97b0 JavaThread "Unconstrained build operations Thread 17" [_thread_blocked, id=17552, stack(0x000000b2fff00000,0x000000b300000000)]
  0x00000299701e6000 JavaThread "Unconstrained build operations Thread 18" [_thread_blocked, id=11756, stack(0x000000b280000000,0x000000b280100000)]
  0x00000299701e6510 JavaThread "Unconstrained build operations Thread 19" [_thread_blocked, id=14976, stack(0x000000b280100000,0x000000b280200000)]
  0x000002997061aff0 JavaThread "Unconstrained build operations Thread 20" [_thread_blocked, id=11416, stack(0x000000b280200000,0x000000b280300000)]
  0x0000029972ae19a0 JavaThread "Unconstrained build operations Thread 21" [_thread_blocked, id=5268, stack(0x000000b280300000,0x000000b280400000)]
  0x0000029972ae0f80 JavaThread "Unconstrained build operations Thread 22" [_thread_blocked, id=6380, stack(0x000000b280400000,0x000000b280500000)]
  0x0000029972ae0560 JavaThread "Unconstrained build operations Thread 23" [_thread_blocked, id=3540, stack(0x000000b280500000,0x000000b280600000)]
  0x0000029972adfb40 JavaThread "Unconstrained build operations Thread 24" [_thread_blocked, id=17128, stack(0x000000b280600000,0x000000b280700000)]
  0x0000029972ae1490 JavaThread "Unconstrained build operations Thread 25" [_thread_blocked, id=16600, stack(0x000000b280700000,0x000000b280800000)]
  0x0000029972adf120 JavaThread "Unconstrained build operations Thread 26" [_thread_blocked, id=10084, stack(0x000000b280800000,0x000000b280900000)]
  0x0000029972adf630 JavaThread "Unconstrained build operations Thread 27" [_thread_blocked, id=7200, stack(0x000000b280900000,0x000000b280a00000)]
  0x0000029972ae1eb0 JavaThread "build event listener" [_thread_blocked, id=17572, stack(0x000000b280a00000,0x000000b280b00000)]
  0x0000029972ae0050 JavaThread "Memory manager" [_thread_blocked, id=15740, stack(0x000000b280c00000,0x000000b280d00000)]
  0x0000029972ae6080 JavaThread "ForkJoinPool.commonPool-worker-1" daemon [_thread_blocked, id=15800, stack(0x000000b280f00000,0x000000b281000000)]
  0x0000029972ae5660 JavaThread "ForkJoinPool.commonPool-worker-2" daemon [_thread_blocked, id=10652, stack(0x000000b281000000,0x000000b281100000)]
  0x0000029972ae4220 JavaThread "ForkJoinPool.commonPool-worker-3" daemon [_thread_blocked, id=12884, stack(0x000000b281100000,0x000000b281200000)]
  0x0000029972ae32f0 JavaThread "ForkJoinPool.commonPool-worker-5" daemon [_thread_blocked, id=7108, stack(0x000000b281300000,0x000000b281400000)]
  0x0000029972ae28d0 JavaThread "ForkJoinPool.commonPool-worker-6" daemon [_thread_blocked, id=17768, stack(0x000000b281400000,0x000000b281500000)]
  0x0000029972ae2de0 JavaThread "included builds" [_thread_blocked, id=10548, stack(0x000000b281600000,0x000000b281700000)]
  0x0000029972ae3800 JavaThread "Execution worker" [_thread_blocked, id=6988, stack(0x000000b281700000,0x000000b281800000)]
  0x0000029972ae3d10 JavaThread "Execution worker Thread 2" [_thread_blocked, id=14768, stack(0x000000b281800000,0x000000b281900000)]
  0x000002996e836f90 JavaThread "Execution worker Thread 3" [_thread_blocked, id=3772, stack(0x000000b281900000,0x000000b281a00000)]
  0x000002996e836a80 JavaThread "Execution worker Thread 4" [_thread_blocked, id=5888, stack(0x000000b281a00000,0x000000b281b00000)]
  0x000002996e837ec0 JavaThread "Execution worker Thread 5" [_thread_blocked, id=16684, stack(0x000000b281b00000,0x000000b281c00000)]
  0x000002996e8374a0 JavaThread "Execution worker Thread 6" [_thread_blocked, id=9180, stack(0x000000b281c00000,0x000000b281d00000)]
  0x000002996e8379b0 JavaThread "Execution worker Thread 7" [_thread_blocked, id=17220, stack(0x000000b281d00000,0x000000b281e00000)]
  0x000002996e8383d0 JavaThread "Cache worker for execution history cache (C:\Users\dell\Desktop\SWIPS\samwega-pos-bare\node_modules\@react-native\gradle-plugin\.gradle\9.0.0\executionHistory)" [_thread_blocked, id=5908, stack(0x000000b281e00000,0x000000b281f00000)]
  0x000002996e836570 JavaThread "Unconstrained build operations Thread 28" [_thread_blocked, id=4732, stack(0x000000b280b00000,0x000000b280c00000)]
  0x000002996e8388e0 JavaThread "Unconstrained build operations Thread 29" [_thread_blocked, id=1896, stack(0x000000b281f00000,0x000000b282000000)]
  0x000002996e838df0 JavaThread "Unconstrained build operations Thread 30" [_thread_blocked, id=6500, stack(0x000000b282000000,0x000000b282100000)]
  0x000002996e839300 JavaThread "Unconstrained build operations Thread 31" [_thread_blocked, id=15320, stack(0x000000b282100000,0x000000b282200000)]
  0x000002996e839810 JavaThread "Unconstrained build operations Thread 32" [_thread_blocked, id=14764, stack(0x000000b282200000,0x000000b282300000)]
  0x000002996e836060 JavaThread "Unconstrained build operations Thread 33" [_thread_blocked, id=4564, stack(0x000000b282300000,0x000000b282400000)]
  0x0000029971a09ec0 JavaThread "Unconstrained build operations Thread 34" [_thread_blocked, id=14412, stack(0x000000b282400000,0x000000b282500000)]
  0x0000029971a0a3d0 JavaThread "Unconstrained build operations Thread 35" [_thread_blocked, id=7860, stack(0x000000b282500000,0x000000b282600000)]
  0x0000029971a08570 JavaThread "Unconstrained build operations Thread 36" [_thread_blocked, id=16832, stack(0x000000b282600000,0x000000b282700000)]
  0x0000029971a0a8e0 JavaThread "Unconstrained build operations Thread 37" [_thread_blocked, id=13416, stack(0x000000b282700000,0x000000b282800000)]
  0x0000029971a0adf0 JavaThread "Unconstrained build operations Thread 38" [_thread_blocked, id=15680, stack(0x000000b282800000,0x000000b282900000)]
  0x0000029971a0b810 JavaThread "Unconstrained build operations Thread 39" [_thread_blocked, id=15476, stack(0x000000b282900000,0x000000b282a00000)]
  0x0000029971a08a80 JavaThread "Unconstrained build operations Thread 40" [_thread_blocked, id=1284, stack(0x000000b282a00000,0x000000b282b00000)]
  0x0000029971a0b300 JavaThread "Unconstrained build operations Thread 41" [_thread_blocked, id=8756, stack(0x000000b282b00000,0x000000b282c00000)]
  0x0000029971a08060 JavaThread "Unconstrained build operations Thread 42" [_thread_blocked, id=17108, stack(0x000000b282c00000,0x000000b282d00000)]
  0x0000029971a094a0 JavaThread "Unconstrained build operations Thread 43" [_thread_blocked, id=16572, stack(0x000000b282d00000,0x000000b282e00000)]
  0x0000029971a099b0 JavaThread "Unconstrained build operations Thread 44" [_thread_blocked, id=10116, stack(0x000000b282e00000,0x000000b282f00000)]
  0x0000029971a0bd20 JavaThread "Unconstrained build operations Thread 45" [_thread_blocked, id=6268, stack(0x000000b282f00000,0x000000b283000000)]
  0x0000029971a08f90 JavaThread "Unconstrained build operations Thread 46" [_thread_blocked, id=9464, stack(0x000000b283000000,0x000000b283100000)]
  0x0000029971a0c230 JavaThread "Unconstrained build operations Thread 47" [_thread_blocked, id=6372, stack(0x000000b283100000,0x000000b283200000)]
  0x0000029971a0d670 JavaThread "Unconstrained build operations Thread 48" [_thread_blocked, id=12336, stack(0x000000b283200000,0x000000b283300000)]
  0x0000029971a0eab0 JavaThread "Unconstrained build operations Thread 49" [_thread_blocked, id=6992, stack(0x000000b283400000,0x000000b283500000)]
  0x0000029971a0c740 JavaThread "Unconstrained build operations Thread 50" [_thread_blocked, id=6744, stack(0x000000b283500000,0x000000b283600000)]
  0x0000029971a0e090 JavaThread "Unconstrained build operations Thread 51" [_thread_blocked, id=17484, stack(0x000000b283600000,0x000000b283700000)]
  0x0000029971a0db80 JavaThread "Unconstrained build operations Thread 52" [_thread_blocked, id=14512, stack(0x000000b283700000,0x000000b283800000)]
  0x0000029971a0f4d0 JavaThread "Unconstrained build operations Thread 53" [_thread_blocked, id=17620, stack(0x000000b283800000,0x000000b283900000)]
  0x0000029971a0efc0 JavaThread "Unconstrained build operations Thread 54" [_thread_blocked, id=12820, stack(0x000000b283900000,0x000000b283a00000)]
  0x0000029971a0e5a0 JavaThread "Unconstrained build operations Thread 55" [_thread_blocked, id=8000, stack(0x000000b283a00000,0x000000b283b00000)]
  0x0000029971a0cc50 JavaThread "Unconstrained build operations Thread 56" [_thread_blocked, id=10248, stack(0x000000b283b00000,0x000000b283c00000)]
  0x0000029971a0f9e0 JavaThread "Unconstrained build operations Thread 57" [_thread_blocked, id=14992, stack(0x000000b283c00000,0x000000b283d00000)]
  0x00000299719ec5a0 JavaThread "Unconstrained build operations Thread 58" [_thread_blocked, id=15996, stack(0x000000b283d00000,0x000000b283e00000)]
  0x00000299719ea230 JavaThread "Unconstrained build operations Thread 59" [_thread_blocked, id=17524, stack(0x000000b283e00000,0x000000b283f00000)]
  0x00000299719e9d20 JavaThread "Unconstrained build operations Thread 60" [_thread_blocked, id=6704, stack(0x000000b283f00000,0x000000b284000000)]
  0x00000299719ec090 JavaThread "Unconstrained build operations Thread 61" [_thread_blocked, id=4496, stack(0x000000b284000000,0x000000b284100000)]
  0x00000299719eb160 JavaThread "Unconstrained build operations Thread 62" [_thread_blocked, id=18264, stack(0x000000b284100000,0x000000b284200000)]
  0x00000299719ea740 JavaThread "Unconstrained build operations Thread 63" [_thread_blocked, id=1648, stack(0x000000b284200000,0x000000b284300000)]
  0x00000299719ecab0 JavaThread "Unconstrained build operations Thread 64" [_thread_blocked, id=10420, stack(0x000000b284300000,0x000000b284400000)]
  0x00000299719e9810 JavaThread "Unconstrained build operations Thread 65" [_thread_blocked, id=15420, stack(0x000000b284400000,0x000000b284500000)]
  0x00000299719ecfc0 JavaThread "Unconstrained build operations Thread 66" [_thread_blocked, id=6904, stack(0x000000b284500000,0x000000b284600000)]
  0x00000299719ee400 JavaThread "Unconstrained build operations Thread 67" [_thread_blocked, id=17044, stack(0x000000b284600000,0x000000b284700000)]
  0x00000299719eac50 JavaThread "Unconstrained build operations Thread 68" [_thread_blocked, id=16624, stack(0x000000b284700000,0x000000b284800000)]
  0x00000299719edef0 JavaThread "Unconstrained build operations Thread 69" [_thread_blocked, id=16764, stack(0x000000b284800000,0x000000b284900000)]
  0x00000299719ed4d0 JavaThread "Unconstrained build operations Thread 70" [_thread_blocked, id=17280, stack(0x000000b284900000,0x000000b284a00000)]
  0x00000299719ee910 JavaThread "Unconstrained build operations Thread 71" [_thread_blocked, id=17912, stack(0x000000b284a00000,0x000000b284b00000)]
  0x00000299719eb670 JavaThread "Unconstrained build operations Thread 72" [_thread_blocked, id=9620, stack(0x000000b284b00000,0x000000b284c00000)]
  0x00000299719ed9e0 JavaThread "Unconstrained build operations Thread 73" [_thread_blocked, id=6752, stack(0x000000b284c00000,0x000000b284d00000)]
  0x00000299719ef330 JavaThread "Unconstrained build operations Thread 74" [_thread_blocked, id=12340, stack(0x000000b284d00000,0x000000b284e00000)]
  0x00000299719eee20 JavaThread "Unconstrained build operations Thread 75" [_thread_blocked, id=13152, stack(0x000000b284e00000,0x000000b284f00000)]
  0x00000299719ebb80 JavaThread "Unconstrained build operations Thread 76" [_thread_blocked, id=17068, stack(0x000000b284f00000,0x000000b285000000)]
  0x00000299719efd50 JavaThread "Unconstrained build operations Thread 77" [_thread_blocked, id=328, stack(0x000000b285000000,0x000000b285100000)]
  0x00000299719f1190 JavaThread "jar transforms Thread 2" [_thread_blocked, id=8256, stack(0x000000b285100000,0x000000b285200000)]
  0x00000299719f0260 JavaThread "jar transforms Thread 3" [_thread_blocked, id=5396, stack(0x000000b285200000,0x000000b285300000)]
  0x0000029973c73920 JavaThread "Unconstrained build operations Thread 78" [_thread_blocked, id=2068, stack(0x000000b285300000,0x000000b285400000)]
  0x0000029973c761a0 JavaThread "Unconstrained build operations Thread 79" [_thread_blocked, id=17872, stack(0x000000b285400000,0x000000b285500000)]
  0x0000029973c76bc0 JavaThread "Unconstrained build operations Thread 80" [_thread_blocked, id=18236, stack(0x000000b285500000,0x000000b285600000)]
  0x0000029973c74340 JavaThread "jar transforms Thread 4" [_thread_blocked, id=16044, stack(0x000000b285700000,0x000000b285800000)]
  0x0000029973c775e0 JavaThread "jar transforms Thread 5" [_thread_blocked, id=15552, stack(0x000000b283300000,0x000000b283400000)]
  0x0000029973c75780 JavaThread "jar transforms Thread 6" [_thread_blocked, id=5912, stack(0x000000b285600000,0x000000b285700000)]
  0x0000029973c74850 JavaThread "build event listener" [_thread_blocked, id=2720, stack(0x000000b285a00000,0x000000b285b00000)]
  0x0000029973c78510 JavaThread "Problems report writer" [_thread_blocked, id=8564, stack(0x000000b285900000,0x000000b285a00000)]
  0x000002996e1d7060 JavaThread "jar transforms Thread 7" [_thread_blocked, id=3088, stack(0x000000b285c00000,0x000000b285d00000)]
  0x000002997061bf20 JavaThread "jar transforms Thread 8" [_thread_blocked, id=12544, stack(0x000000b285d00000,0x000000b285e00000)]
  0x000002997bf6e690 JavaThread "Cache worker for execution history cache (C:\Users\dell\Desktop\SWIPS\samwega-pos-bare\android\.gradle\9.0.0\executionHistory)" [_thread_blocked, id=7420, stack(0x000000b285e00000,0x000000b285f00000)]
  0x000002997ab8ed60 JavaThread "WorkerExecutor Queue Thread 2" [_thread_blocked, id=17792, stack(0x000000b286000000,0x000000b286100000)]
  0x0000029974f215e0 JavaThread "WorkerExecutor Queue Thread 3" [_thread_blocked, id=18052, stack(0x000000b286100000,0x000000b286200000)]
  0x000002997032da00 JavaThread "WorkerExecutor Queue Thread 4" [_thread_in_native, id=17212, stack(0x000000b286200000,0x000000b286300000)]
  0x000002997032df10 JavaThread "WorkerExecutor Queue Thread 6" [_thread_blocked, id=6888, stack(0x000000b285b00000,0x000000b285c00000)]
  0x000002997bf6dc70 JavaThread "WorkerExecutor Queue Thread 8" [_thread_blocked, id=12120, stack(0x000000b286b00000,0x000000b286c00000)]
  0x000002997561cf40 JavaThread "Cache worker for Java compile cache (C:\Users\dell\.gradle\caches\9.0.0\javaCompile)" [_thread_blocked, id=17284, stack(0x000000b286c00000,0x000000b286d00000)]
  0x0000029974a86ea0 JavaThread "Build operations" [_thread_blocked, id=5168, stack(0x000000b286400000,0x000000b286500000)]
  0x0000029974a85f70 JavaThread "Build operations Thread 2" [_thread_blocked, id=17796, stack(0x000000b286500000,0x000000b286600000)]
  0x0000029974a873b0 JavaThread "Build operations Thread 3" [_thread_blocked, id=18044, stack(0x000000b286d00000,0x000000b286e00000)]
  0x0000029974a86990 JavaThread "Build operations Thread 4" [_thread_blocked, id=7972, stack(0x000000b286e00000,0x000000b286f00000)]
  0x000002997c4eee00 JavaThread "Build operations Thread 5" [_thread_blocked, id=18148, stack(0x000000b286f00000,0x000000b287000000)]
  0x000002997c4ed4b0 JavaThread "Build operations Thread 6" [_thread_blocked, id=11568, stack(0x000000b287000000,0x000000b287100000)]
  0x000002997c4ecfa0 JavaThread "Build operations Thread 7" [_thread_blocked, id=15032, stack(0x000000b287100000,0x000000b287200000)]
  0x000002997bf6eba0 JavaThread "pool-3-thread-1" [_thread_blocked, id=16892, stack(0x000000b287400000,0x000000b287500000)]
  0x000002997032cfe0 JavaThread "stderr" [_thread_in_native, id=16116, stack(0x000000b287300000,0x000000b287400000)]
  0x000002997032d4f0 JavaThread "stdout" [_thread_in_native, id=12464, stack(0x000000b287500000,0x000000b287600000)]
  0x000002997a2726e0 JavaThread "Build operations Thread 8" [_thread_blocked, id=8412, stack(0x000000b287600000,0x000000b287700000)]
  0x000002997a26f440 JavaThread "RMI Scheduler(0)" daemon [_thread_blocked, id=10196, stack(0x000000b287200000,0x000000b287300000)]
  0x000002997032ac70 JavaThread "RMI RenewClean-[127.0.0.1:17990,org.jetbrains.kotlin.daemon.common.LoopbackNetworkInterface$ClientLoopbackSocketFactory@61036ade]" daemon [_thread_blocked, id=17424, stack(0x000000b287700000,0x000000b287800000)]
  0x00000299754aade0 JavaThread "RMI GC Daemon" daemon [_thread_blocked, id=15716, stack(0x000000b287800000,0x000000b287900000)]
  0x000002997bf6f0b0 JavaThread "RMI RenewClean-[127.0.0.1:17990,org.jetbrains.kotlin.daemon.common.LoopbackNetworkInterface$ClientLoopbackSocketFactory@1960b2c8]" daemon [_thread_blocked, id=17740, stack(0x000000b287b00000,0x000000b287c00000)]
  0x000002997032e930 JavaThread "RMI TCP Accept-0" daemon [_thread_in_native, id=15392, stack(0x000000b287c00000,0x000000b287d00000)]
  0x000002997032b180 JavaThread "RMI Reaper" [_thread_blocked, id=12224, stack(0x000000b287d00000,0x000000b287e00000)]
  0x000002997b4b96c0 JavaThread "RMI TCP Connection(idle)" daemon [_thread_blocked, id=4276, stack(0x000000b287f00000,0x000000b288000000)]
  0x000002997c4eded0 JavaThread "WorkerExecutor Queue Thread 9" [_thread_blocked, id=16776, stack(0x000000b288000000,0x000000b288100000)]
  0x000002997bf6f5c0 JavaThread "WorkerExecutor Queue Thread 10" [_thread_blocked, id=7256, stack(0x000000b287900000,0x000000b287a00000)]
  0x000002997a270880 JavaThread "ForkJoinPool-1-worker-1" daemon [_thread_blocked, id=16180, stack(0x000000b281200000,0x000000b281300000)]
  0x000002997b45cdd0 JavaThread "ForkJoinPool-1-worker-2" daemon [_thread_blocked, id=16188, stack(0x000000b285f00000,0x000000b286000000)]
  0x000002997032cad0 JavaThread "ForkJoinPool-1-worker-3" daemon [_thread_blocked, id=13184, stack(0x000000b286a00000,0x000000b286b00000)]
  0x000002997032e420 JavaThread "ForkJoinPool-1-worker-4" daemon [_thread_blocked, id=11132, stack(0x000000b287a00000,0x000000b287b00000)]
  0x00000299754a9eb0 JavaThread "ForkJoinPool-1-worker-5" daemon [_thread_blocked, id=10608, stack(0x000000b288100000,0x000000b288200000)]
  0x00000299754aa8d0 JavaThread "ForkJoinPool-1-worker-6" daemon [_thread_blocked, id=15140, stack(0x000000b288200000,0x000000b288300000)]
  0x000002997561bb00 JavaThread "ForkJoinPool-1-worker-7" daemon [_thread_blocked, id=14384, stack(0x000000b288300000,0x000000b288400000)]
  0x000002997561ca30 JavaThread "ForkJoinPool-1-worker-8" daemon [_thread_blocked, id=16632, stack(0x000000b288400000,0x000000b288500000)]
  0x00000299752f3040 JavaThread "Exec process" [_thread_blocked, id=10828, stack(0x000000b280d00000,0x000000b280e00000)]
  0x000002997561c010 JavaThread "Exec process Thread 2" [_thread_in_native, id=7332, stack(0x000000b285800000,0x000000b285900000)]
  0x000002997c4d70c0 JavaThread "Exec process Thread 3" [_thread_in_native, id=11752, stack(0x000000b288500000,0x000000b288600000)]

Other Threads:
  0x0000029969da29a0 VMThread "VM Thread" [stack: 0x000000b2fc200000,0x000000b2fc300000] [id=4172]
  0x000002996e225490 WatcherThread [stack: 0x000000b2fce00000,0x000000b2fcf00000] [id=17608]
  0x000002994b92bcc0 GCTaskThread "GC Thread#0" [stack: 0x000000b2fbd00000,0x000000b2fbe00000] [id=18304]
  0x000002996e4651b0 GCTaskThread "GC Thread#1" [stack: 0x000000b2fd000000,0x000000b2fd100000] [id=17884]
  0x000002996e45b080 GCTaskThread "GC Thread#2" [stack: 0x000000b2fd100000,0x000000b2fd200000] [id=4100]
  0x000002996ee73380 GCTaskThread "GC Thread#3" [stack: 0x000000b2fcf00000,0x000000b2fd000000] [id=17360]
  0x000002996e96a2e0 GCTaskThread "GC Thread#4" [stack: 0x000000b2fd200000,0x000000b2fd300000] [id=16324]
  0x0000029970b59410 GCTaskThread "GC Thread#5" [stack: 0x000000b2fde00000,0x000000b2fdf00000] [id=4892]
  0x000002997009b870 GCTaskThread "GC Thread#6" [stack: 0x000000b2fe100000,0x000000b2fe200000] [id=7968]
  0x0000029970b2ec50 GCTaskThread "GC Thread#7" [stack: 0x000000b2fe200000,0x000000b2fe300000] [id=12568]
  0x000002994b93cc10 ConcurrentGCThread "G1 Main Marker" [stack: 0x000000b2fbe00000,0x000000b2fbf00000] [id=4924]
  0x000002994b93d630 ConcurrentGCThread "G1 Conc#0" [stack: 0x000000b2fbf00000,0x000000b2fc000000] [id=2588]
  0x0000029971589ae0 ConcurrentGCThread "G1 Conc#1" [stack: 0x000000b2fe400000,0x000000b2fe500000] [id=7796]
  0x000002994b97e830 ConcurrentGCThread "G1 Refine#0" [stack: 0x000000b2fc000000,0x000000b2fc100000] [id=5652]
  0x000002997bc1c030 ConcurrentGCThread "G1 Refine#1" [stack: 0x000000b286600000,0x000000b286700000] [id=17832]
  0x000002997bc1a5c0 ConcurrentGCThread "G1 Refine#2" [stack: 0x000000b286700000,0x000000b286800000] [id=8400]
  0x000002997bc19130 ConcurrentGCThread "G1 Refine#3" [stack: 0x000000b286800000,0x000000b286900000] [id=14788]
  0x000002997bc19710 ConcurrentGCThread "G1 Refine#4" [stack: 0x000000b286900000,0x000000b286a00000] [id=2696]
  0x000002997bc1a8b0 ConcurrentGCThread "G1 Refine#5" [stack: 0x000000b288600000,0x000000b288700000] [id=144]
  0x000002997b18b050 ConcurrentGCThread "G1 Refine#6" [stack: 0x000000b288700000,0x000000b288800000] [id=15152]
  0x000002997a8ea7c0 ConcurrentGCThread "G1 Refine#7" [stack: 0x000000b288800000,0x000000b288900000] [id=8648]
  0x0000029969c601f0 ConcurrentGCThread "G1 Service" [stack: 0x000000b2fc100000,0x000000b2fc200000] [id=18060]

Threads with active compile tasks:
C2 CompilerThread0   234302 33008 %     4       javax.management.ObjectName::construct @ 448 (1135 bytes)

VM state: not at safepoint (normal execution)

VM Mutex/Monitor currently owned by a thread: None

Heap address: 0x0000000080000000, size: 2048 MB, Compressed Oops mode: 32-bit

CDS archive(s) mapped at: [0x0000029900000000-0x0000029900bb0000-0x0000029900bb0000), size 12255232, SharedBaseAddress: 0x0000029900000000, ArchiveRelocationMode: 1.
Compressed class space mapped at: 0x0000029901000000-0x000002991b000000, reserved size: 436207616
Narrow klass base: 0x0000029900000000, Narrow klass shift: 0, Narrow klass range: 0x100000000

GC Precious Log:
 CPUs: 8 total, 8 available
 Memory: 8012M
 Large Page Support: Disabled
 NUMA Support: Disabled
 Compressed Oops: Enabled (32-bit)
 Heap Region Size: 1M
 Heap Min Capacity: 8M
 Heap Initial Capacity: 126M
 Heap Max Capacity: 2G
 Pre-touch: Disabled
 Parallel Workers: 8
 Concurrent Workers: 2
 Concurrent Refinement Workers: 8
 Periodic GC: Disabled

Heap:
 garbage-first heap   total 798720K, used 588145K [0x0000000080000000, 0x0000000100000000)
  region size 1024K, 109 young (111616K), 9 survivors (9216K)
 Metaspace       used 166112K, committed 167936K, reserved 622592K
  class space    used 22478K, committed 23360K, reserved 425984K

Heap Regions: E=young(eden), S=young(survivor), O=old, HS=humongous(starts), HC=humongous(continues), CS=collection set, F=free, OA=open archive, CA=closed archive, TAMS=top-at-mark-start (previous, next)
|   0|0x0000000080000000, 0x0000000080100000, 0x0000000080100000|100%|HS|  |TAMS 0x0000000080100000, 0x0000000080000000| Complete 
|   1|0x0000000080100000, 0x0000000080200000, 0x0000000080200000|100%|HC|  |TAMS 0x0000000080200000, 0x0000000080100000| Complete 
|   2|0x0000000080200000, 0x0000000080300000, 0x0000000080300000|100%|HC|  |TAMS 0x0000000080300000, 0x0000000080200000| Complete 
|   3|0x0000000080300000, 0x0000000080400000, 0x0000000080400000|100%| O|  |TAMS 0x0000000080400000, 0x0000000080300000| Untracked 
|   4|0x0000000080400000, 0x0000000080500000, 0x0000000080500000|100%| O|  |TAMS 0x0000000080500000, 0x0000000080400000| Untracked 
|   5|0x0000000080500000, 0x0000000080600000, 0x0000000080600000|100%| O|  |TAMS 0x0000000080600000, 0x0000000080500000| Untracked 
|   6|0x0000000080600000, 0x0000000080700000, 0x0000000080700000|100%|HS|  |TAMS 0x0000000080700000, 0x0000000080600000| Complete 
|   7|0x0000000080700000, 0x0000000080800000, 0x0000000080800000|100%| O|  |TAMS 0x0000000080800000, 0x0000000080700000| Untracked 
|   8|0x0000000080800000, 0x0000000080900000, 0x0000000080900000|100%| O|  |TAMS 0x0000000080900000, 0x0000000080800000| Untracked 
|   9|0x0000000080900000, 0x0000000080a00000, 0x0000000080a00000|100%| O|  |TAMS 0x0000000080a00000, 0x0000000080900000| Untracked 
|  10|0x0000000080a00000, 0x0000000080b00000, 0x0000000080b00000|100%| O|  |TAMS 0x0000000080b00000, 0x0000000080a00000| Untracked 
|  11|0x0000000080b00000, 0x0000000080c00000, 0x0000000080c00000|100%| O|  |TAMS 0x0000000080c00000, 0x0000000080b00000| Untracked 
|  12|0x0000000080c00000, 0x0000000080d00000, 0x0000000080d00000|100%| O|  |TAMS 0x0000000080d00000, 0x0000000080c00000| Untracked 
|  13|0x0000000080d00000, 0x0000000080e00000, 0x0000000080e00000|100%| O|  |TAMS 0x0000000080e00000, 0x0000000080d00000| Untracked 
|  14|0x0000000080e00000, 0x0000000080f00000, 0x0000000080f00000|100%| O|  |TAMS 0x0000000080f00000, 0x0000000080e00000| Untracked 
|  15|0x0000000080f00000, 0x0000000081000000, 0x0000000081000000|100%| O|  |TAMS 0x0000000081000000, 0x0000000080f00000| Untracked 
|  16|0x0000000081000000, 0x0000000081100000, 0x0000000081100000|100%| O|  |TAMS 0x0000000081100000, 0x0000000081000000| Untracked 
|  17|0x0000000081100000, 0x0000000081200000, 0x0000000081200000|100%| O|  |TAMS 0x0000000081200000, 0x0000000081100000| Untracked 
|  18|0x0000000081200000, 0x0000000081300000, 0x0000000081300000|100%| O|  |TAMS 0x0000000081300000, 0x0000000081200000| Untracked 
|  19|0x0000000081300000, 0x0000000081400000, 0x0000000081400000|100%| O|  |TAMS 0x0000000081400000, 0x0000000081300000| Untracked 
|  20|0x0000000081400000, 0x0000000081500000, 0x0000000081500000|100%| O|  |TAMS 0x0000000081500000, 0x0000000081400000| Untracked 
|  21|0x0000000081500000, 0x0000000081600000, 0x0000000081600000|100%| O|  |TAMS 0x0000000081600000, 0x0000000081500000| Untracked 
|  22|0x0000000081600000, 0x0000000081700000, 0x0000000081700000|100%| O|  |TAMS 0x0000000081700000, 0x0000000081600000| Untracked 
|  23|0x0000000081700000, 0x0000000081800000, 0x0000000081800000|100%| O|  |TAMS 0x0000000081800000, 0x0000000081700000| Untracked 
|  24|0x0000000081800000, 0x0000000081900000, 0x0000000081900000|100%| O|  |TAMS 0x0000000081900000, 0x0000000081800000| Untracked 
|  25|0x0000000081900000, 0x0000000081a00000, 0x0000000081a00000|100%| O|  |TAMS 0x0000000081a00000, 0x0000000081900000| Untracked 
|  26|0x0000000081a00000, 0x0000000081b00000, 0x0000000081b00000|100%| O|  |TAMS 0x0000000081b00000, 0x0000000081a00000| Untracked 
|  27|0x0000000081b00000, 0x0000000081c00000, 0x0000000081c00000|100%| O|  |TAMS 0x0000000081c00000, 0x0000000081b00000| Untracked 
|  28|0x0000000081c00000, 0x0000000081d00000, 0x0000000081d00000|100%| O|  |TAMS 0x0000000081d00000, 0x0000000081c00000| Untracked 
|  29|0x0000000081d00000, 0x0000000081e00000, 0x0000000081e00000|100%| O|  |TAMS 0x0000000081e00000, 0x0000000081d00000| Untracked 
|  30|0x0000000081e00000, 0x0000000081f00000, 0x0000000081f00000|100%| O|  |TAMS 0x0000000081f00000, 0x0000000081e00000| Untracked 
|  31|0x0000000081f00000, 0x0000000082000000, 0x0000000082000000|100%| O|  |TAMS 0x0000000082000000, 0x0000000081f00000| Untracked 
|  32|0x0000000082000000, 0x0000000082100000, 0x0000000082100000|100%| O|  |TAMS 0x0000000082100000, 0x0000000082000000| Untracked 
|  33|0x0000000082100000, 0x0000000082200000, 0x0000000082200000|100%| O|  |TAMS 0x0000000082200000, 0x0000000082100000| Untracked 
|  34|0x0000000082200000, 0x0000000082300000, 0x0000000082300000|100%| O|  |TAMS 0x0000000082300000, 0x0000000082200000| Untracked 
|  35|0x0000000082300000, 0x0000000082400000, 0x0000000082400000|100%| O|  |TAMS 0x0000000082400000, 0x0000000082300000| Complete 
|  36|0x0000000082400000, 0x0000000082500000, 0x0000000082500000|100%|HS|  |TAMS 0x0000000082500000, 0x0000000082400000| Complete 
|  37|0x0000000082500000, 0x0000000082600000, 0x0000000082600000|100%| O|  |TAMS 0x0000000082600000, 0x0000000082500000| Untracked 
|  38|0x0000000082600000, 0x0000000082700000, 0x0000000082700000|100%| O|  |TAMS 0x0000000082700000, 0x0000000082600000| Untracked 
|  39|0x0000000082700000, 0x0000000082800000, 0x0000000082800000|100%| O|  |TAMS 0x0000000082800000, 0x0000000082700000| Untracked 
|  40|0x0000000082800000, 0x0000000082900000, 0x0000000082900000|100%|HS|  |TAMS 0x0000000082900000, 0x0000000082800000| Complete 
|  41|0x0000000082900000, 0x0000000082a00000, 0x0000000082a00000|100%|HS|  |TAMS 0x0000000082a00000, 0x0000000082900000| Complete 
|  42|0x0000000082a00000, 0x0000000082b00000, 0x0000000082b00000|100%|HC|  |TAMS 0x0000000082b00000, 0x0000000082a00000| Complete 
|  43|0x0000000082b00000, 0x0000000082c00000, 0x0000000082c00000|100%|HC|  |TAMS 0x0000000082c00000, 0x0000000082b00000| Complete 
|  44|0x0000000082c00000, 0x0000000082d00000, 0x0000000082d00000|100%| O|  |TAMS 0x0000000082d00000, 0x0000000082c00000| Untracked 
|  45|0x0000000082d00000, 0x0000000082e00000, 0x0000000082e00000|100%| O|  |TAMS 0x0000000082e00000, 0x0000000082d00000| Untracked 
|  46|0x0000000082e00000, 0x0000000082f00000, 0x0000000082f00000|100%| O|  |TAMS 0x0000000082f00000, 0x0000000082e00000| Untracked 
|  47|0x0000000082f00000, 0x0000000083000000, 0x0000000083000000|100%| O|  |TAMS 0x0000000083000000, 0x0000000082f00000| Untracked 
|  48|0x0000000083000000, 0x0000000083100000, 0x0000000083100000|100%|HS|  |TAMS 0x0000000083100000, 0x0000000083000000| Complete 
|  49|0x0000000083100000, 0x0000000083200000, 0x0000000083200000|100%|HC|  |TAMS 0x0000000083200000, 0x0000000083100000| Complete 
|  50|0x0000000083200000, 0x0000000083300000, 0x0000000083300000|100%|HC|  |TAMS 0x0000000083300000, 0x0000000083200000| Complete 
|  51|0x0000000083300000, 0x0000000083400000, 0x0000000083400000|100%| O|  |TAMS 0x0000000083400000, 0x0000000083300000| Untracked 
|  52|0x0000000083400000, 0x0000000083500000, 0x0000000083500000|100%| O|  |TAMS 0x0000000083500000, 0x0000000083400000| Untracked 
|  53|0x0000000083500000, 0x0000000083600000, 0x0000000083600000|100%| O|  |TAMS 0x0000000083600000, 0x0000000083500000| Untracked 
|  54|0x0000000083600000, 0x0000000083700000, 0x0000000083700000|100%| O|  |TAMS 0x0000000083700000, 0x0000000083600000| Untracked 
|  55|0x0000000083700000, 0x0000000083800000, 0x0000000083800000|100%| O|  |TAMS 0x0000000083800000, 0x0000000083700000| Untracked 
|  56|0x0000000083800000, 0x0000000083900000, 0x0000000083900000|100%| O|  |TAMS 0x0000000083900000, 0x0000000083800000| Untracked 
|  57|0x0000000083900000, 0x0000000083a00000, 0x0000000083a00000|100%| O|  |TAMS 0x0000000083a00000, 0x0000000083900000| Untracked 
|  58|0x0000000083a00000, 0x0000000083b00000, 0x0000000083b00000|100%| O|  |TAMS 0x0000000083b00000, 0x0000000083a00000| Untracked 
|  59|0x0000000083b00000, 0x0000000083c00000, 0x0000000083c00000|100%| O|  |TAMS 0x0000000083c00000, 0x0000000083b00000| Untracked 
|  60|0x0000000083c00000, 0x0000000083d00000, 0x0000000083d00000|100%| O|  |TAMS 0x0000000083d00000, 0x0000000083c00000| Untracked 
|  61|0x0000000083d00000, 0x0000000083e00000, 0x0000000083e00000|100%| O|  |TAMS 0x0000000083e00000, 0x0000000083d00000| Untracked 
|  62|0x0000000083e00000, 0x0000000083f00000, 0x0000000083f00000|100%|HS|  |TAMS 0x0000000083f00000, 0x0000000083e00000| Complete 
|  63|0x0000000083f00000, 0x0000000084000000, 0x0000000084000000|100%| O|  |TAMS 0x0000000084000000, 0x0000000083f00000| Untracked 
|  64|0x0000000084000000, 0x0000000084100000, 0x0000000084100000|100%| O|  |TAMS 0x0000000084100000, 0x0000000084000000| Untracked 
|  65|0x0000000084100000, 0x0000000084200000, 0x0000000084200000|100%| O|  |TAMS 0x0000000084200000, 0x0000000084100000| Untracked 
|  66|0x0000000084200000, 0x0000000084300000, 0x0000000084300000|100%| O|  |TAMS 0x0000000084300000, 0x0000000084200000| Untracked 
|  67|0x0000000084300000, 0x0000000084400000, 0x0000000084400000|100%| O|  |TAMS 0x0000000084400000, 0x0000000084300000| Complete 
|  68|0x0000000084400000, 0x0000000084500000, 0x0000000084500000|100%| O|  |TAMS 0x0000000084500000, 0x0000000084400000| Untracked 
|  69|0x0000000084500000, 0x0000000084600000, 0x0000000084600000|100%|HS|  |TAMS 0x0000000084600000, 0x0000000084500000| Complete 
|  70|0x0000000084600000, 0x0000000084700000, 0x0000000084700000|100%|HS|  |TAMS 0x0000000084700000, 0x0000000084600000| Complete 
|  71|0x0000000084700000, 0x0000000084800000, 0x0000000084800000|100%|HS|  |TAMS 0x0000000084800000, 0x0000000084700000| Complete 
|  72|0x0000000084800000, 0x0000000084900000, 0x0000000084900000|100%| O|  |TAMS 0x0000000084900000, 0x0000000084800000| Untracked 
|  73|0x0000000084900000, 0x0000000084a00000, 0x0000000084a00000|100%| O|  |TAMS 0x0000000084a00000, 0x0000000084900000| Untracked 
|  74|0x0000000084a00000, 0x0000000084b00000, 0x0000000084b00000|100%| O|  |TAMS 0x0000000084b00000, 0x0000000084a00000| Untracked 
|  75|0x0000000084b00000, 0x0000000084c00000, 0x0000000084c00000|100%| O|  |TAMS 0x0000000084c00000, 0x0000000084b00000| Untracked 
|  76|0x0000000084c00000, 0x0000000084d00000, 0x0000000084d00000|100%|HS|  |TAMS 0x0000000084d00000, 0x0000000084c00000| Complete 
|  77|0x0000000084d00000, 0x0000000084e00000, 0x0000000084e00000|100%|HS|  |TAMS 0x0000000084e00000, 0x0000000084d00000| Complete 
|  78|0x0000000084e00000, 0x0000000084f00000, 0x0000000084f00000|100%|HC|  |TAMS 0x0000000084f00000, 0x0000000084e00000| Complete 
|  79|0x0000000084f00000, 0x0000000085000000, 0x0000000085000000|100%| O|  |TAMS 0x0000000085000000, 0x0000000084f00000| Untracked 
|  80|0x0000000085000000, 0x0000000085100000, 0x0000000085100000|100%| O|  |TAMS 0x0000000085100000, 0x0000000085000000| Untracked 
|  81|0x0000000085100000, 0x0000000085200000, 0x0000000085200000|100%|HS|  |TAMS 0x0000000085200000, 0x0000000085100000| Complete 
|  82|0x0000000085200000, 0x0000000085300000, 0x0000000085300000|100%|HS|  |TAMS 0x0000000085300000, 0x0000000085200000| Complete 
|  83|0x0000000085300000, 0x0000000085400000, 0x0000000085400000|100%|HS|  |TAMS 0x0000000085400000, 0x0000000085300000| Complete 
|  84|0x0000000085400000, 0x0000000085500000, 0x0000000085500000|100%|HC|  |TAMS 0x0000000085500000, 0x0000000085400000| Complete 
|  85|0x0000000085500000, 0x0000000085600000, 0x0000000085600000|100%|HC|  |TAMS 0x0000000085600000, 0x0000000085500000| Complete 
|  86|0x0000000085600000, 0x0000000085700000, 0x0000000085700000|100%| O|  |TAMS 0x0000000085700000, 0x0000000085600000| Untracked 
|  87|0x0000000085700000, 0x0000000085800000, 0x0000000085800000|100%|HS|  |TAMS 0x0000000085800000, 0x0000000085700000| Complete 
|  88|0x0000000085800000, 0x0000000085900000, 0x0000000085900000|100%| O|  |TAMS 0x0000000085900000, 0x0000000085800000| Untracked 
|  89|0x0000000085900000, 0x0000000085a00000, 0x0000000085a00000|100%| O|  |TAMS 0x0000000085a00000, 0x0000000085900000| Untracked 
|  90|0x0000000085a00000, 0x0000000085b00000, 0x0000000085b00000|100%| O|  |TAMS 0x0000000085b00000, 0x0000000085a00000| Untracked 
|  91|0x0000000085b00000, 0x0000000085c00000, 0x0000000085c00000|100%| O|  |TAMS 0x0000000085c00000, 0x0000000085b00000| Untracked 
|  92|0x0000000085c00000, 0x0000000085c00000, 0x0000000085d00000|  0%| F|  |TAMS 0x0000000085c00000, 0x0000000085c00000| Untracked 
|  93|0x0000000085d00000, 0x0000000085e00000, 0x0000000085e00000|100%| O|  |TAMS 0x0000000085e00000, 0x0000000085d00000| Complete 
|  94|0x0000000085e00000, 0x0000000085f00000, 0x0000000085f00000|100%| O|  |TAMS 0x0000000085f00000, 0x0000000085e00000| Untracked 
|  95|0x0000000085f00000, 0x0000000086000000, 0x0000000086000000|100%| O|  |TAMS 0x0000000086000000, 0x0000000085f00000| Untracked 
|  96|0x0000000086000000, 0x0000000086100000, 0x0000000086100000|100%| O|  |TAMS 0x0000000086100000, 0x0000000086000000| Complete 
|  97|0x0000000086100000, 0x0000000086200000, 0x0000000086200000|100%| O|  |TAMS 0x0000000086200000, 0x0000000086100000| Complete 
|  98|0x0000000086200000, 0x0000000086300000, 0x0000000086300000|100%| O|  |TAMS 0x0000000086300000, 0x0000000086200000| Untracked 
|  99|0x0000000086300000, 0x0000000086400000, 0x0000000086400000|100%| O|  |TAMS 0x0000000086400000, 0x0000000086300000| Untracked 
| 100|0x0000000086400000, 0x0000000086500000, 0x0000000086500000|100%| O|  |TAMS 0x0000000086500000, 0x0000000086400000| Untracked 
| 101|0x0000000086500000, 0x0000000086600000, 0x0000000086600000|100%| O|  |TAMS 0x0000000086600000, 0x0000000086500000| Untracked 
| 102|0x0000000086600000, 0x0000000086700000, 0x0000000086700000|100%| O|  |TAMS 0x0000000086700000, 0x0000000086600000| Untracked 
| 103|0x0000000086700000, 0x0000000086800000, 0x0000000086800000|100%| O|  |TAMS 0x0000000086800000, 0x0000000086700000| Untracked 
| 104|0x0000000086800000, 0x0000000086900000, 0x0000000086900000|100%| O|  |TAMS 0x0000000086900000, 0x0000000086800000| Untracked 
| 105|0x0000000086900000, 0x0000000086a00000, 0x0000000086a00000|100%| O|  |TAMS 0x0000000086a00000, 0x0000000086900000| Untracked 
| 106|0x0000000086a00000, 0x0000000086b00000, 0x0000000086b00000|100%| O|  |TAMS 0x0000000086b00000, 0x0000000086a00000| Untracked 
| 107|0x0000000086b00000, 0x0000000086c00000, 0x0000000086c00000|100%| O|  |TAMS 0x0000000086c00000, 0x0000000086b00000| Untracked 
| 108|0x0000000086c00000, 0x0000000086d00000, 0x0000000086d00000|100%| O|  |TAMS 0x0000000086d00000, 0x0000000086c00000| Untracked 
| 109|0x0000000086d00000, 0x0000000086e00000, 0x0000000086e00000|100%| O|  |TAMS 0x0000000086e00000, 0x0000000086d00000| Untracked 
| 110|0x0000000086e00000, 0x0000000086f00000, 0x0000000086f00000|100%| O|  |TAMS 0x0000000086f00000, 0x0000000086e00000| Untracked 
| 111|0x0000000086f00000, 0x0000000087000000, 0x0000000087000000|100%| O|  |TAMS 0x0000000087000000, 0x0000000086f00000| Untracked 
| 112|0x0000000087000000, 0x0000000087100000, 0x0000000087100000|100%| O|  |TAMS 0x0000000087100000, 0x0000000087000000| Untracked 
| 113|0x0000000087100000, 0x0000000087200000, 0x0000000087200000|100%| O|  |TAMS 0x0000000087200000, 0x0000000087100000| Untracked 
| 114|0x0000000087200000, 0x0000000087300000, 0x0000000087300000|100%| O|  |TAMS 0x0000000087300000, 0x0000000087200000| Untracked 
| 115|0x0000000087300000, 0x0000000087400000, 0x0000000087400000|100%| O|  |TAMS 0x0000000087400000, 0x0000000087300000| Untracked 
| 116|0x0000000087400000, 0x0000000087500000, 0x0000000087500000|100%| O|  |TAMS 0x0000000087500000, 0x0000000087400000| Untracked 
| 117|0x0000000087500000, 0x0000000087600000, 0x0000000087600000|100%| O|  |TAMS 0x0000000087600000, 0x0000000087500000| Untracked 
| 118|0x0000000087600000, 0x0000000087700000, 0x0000000087700000|100%| O|  |TAMS 0x0000000087700000, 0x0000000087600000| Untracked 
| 119|0x0000000087700000, 0x0000000087800000, 0x0000000087800000|100%|HS|  |TAMS 0x0000000087800000, 0x0000000087700000| Complete 
| 120|0x0000000087800000, 0x0000000087900000, 0x0000000087900000|100%|HS|  |TAMS 0x0000000087900000, 0x0000000087800000| Complete 
| 121|0x0000000087900000, 0x0000000087a00000, 0x0000000087a00000|100%| O|  |TAMS 0x0000000087a00000, 0x0000000087900000| Untracked 
| 122|0x0000000087a00000, 0x0000000087b00000, 0x0000000087b00000|100%|HS|  |TAMS 0x0000000087b00000, 0x0000000087a00000| Complete 
| 123|0x0000000087b00000, 0x0000000087c00000, 0x0000000087c00000|100%|HC|  |TAMS 0x0000000087c00000, 0x0000000087b00000| Complete 
| 124|0x0000000087c00000, 0x0000000087d00000, 0x0000000087d00000|100%| O|  |TAMS 0x0000000087d00000, 0x0000000087c00000| Untracked 
| 125|0x0000000087d00000, 0x0000000087e00000, 0x0000000087e00000|100%| O|  |TAMS 0x0000000087e00000, 0x0000000087d00000| Untracked 
| 126|0x0000000087e00000, 0x0000000087f00000, 0x0000000087f00000|100%| O|  |TAMS 0x0000000087f00000, 0x0000000087e00000| Untracked 
| 127|0x0000000087f00000, 0x0000000088000000, 0x0000000088000000|100%| O|  |TAMS 0x0000000088000000, 0x0000000087f00000| Untracked 
| 128|0x0000000088000000, 0x0000000088100000, 0x0000000088100000|100%| O|  |TAMS 0x0000000088100000, 0x0000000088000000| Untracked 
| 129|0x0000000088100000, 0x0000000088200000, 0x0000000088200000|100%| O|  |TAMS 0x0000000088200000, 0x0000000088100000| Untracked 
| 130|0x0000000088200000, 0x0000000088300000, 0x0000000088300000|100%| O|  |TAMS 0x0000000088300000, 0x0000000088200000| Untracked 
| 131|0x0000000088300000, 0x0000000088400000, 0x0000000088400000|100%| O|  |TAMS 0x0000000088400000, 0x0000000088300000| Untracked 
| 132|0x0000000088400000, 0x0000000088500000, 0x0000000088500000|100%| O|  |TAMS 0x0000000088500000, 0x0000000088400000| Untracked 
| 133|0x0000000088500000, 0x0000000088600000, 0x0000000088600000|100%| O|  |TAMS 0x0000000088600000, 0x0000000088500000| Untracked 
| 134|0x0000000088600000, 0x0000000088700000, 0x0000000088700000|100%| O|  |TAMS 0x0000000088700000, 0x0000000088600000| Untracked 
| 135|0x0000000088700000, 0x0000000088800000, 0x0000000088800000|100%| O|  |TAMS 0x0000000088800000, 0x0000000088700000| Untracked 
| 136|0x0000000088800000, 0x0000000088900000, 0x0000000088900000|100%| O|  |TAMS 0x0000000088900000, 0x0000000088800000| Untracked 
| 137|0x0000000088900000, 0x0000000088a00000, 0x0000000088a00000|100%| O|  |TAMS 0x0000000088a00000, 0x0000000088900000| Untracked 
| 138|0x0000000088a00000, 0x0000000088b00000, 0x0000000088b00000|100%| O|  |TAMS 0x0000000088b00000, 0x0000000088a00000| Untracked 
| 139|0x0000000088b00000, 0x0000000088c00000, 0x0000000088c00000|100%| O|  |TAMS 0x0000000088c00000, 0x0000000088b00000| Untracked 
| 140|0x0000000088c00000, 0x0000000088d00000, 0x0000000088d00000|100%| O|  |TAMS 0x0000000088d00000, 0x0000000088c00000| Untracked 
| 141|0x0000000088d00000, 0x0000000088e00000, 0x0000000088e00000|100%| O|  |TAMS 0x0000000088e00000, 0x0000000088d00000| Untracked 
| 142|0x0000000088e00000, 0x0000000088f00000, 0x0000000088f00000|100%| O|  |TAMS 0x0000000088f00000, 0x0000000088e00000| Complete 
| 143|0x0000000088f00000, 0x0000000089000000, 0x0000000089000000|100%| O|  |TAMS 0x0000000089000000, 0x0000000088f00000| Untracked 
| 144|0x0000000089000000, 0x0000000089100000, 0x0000000089100000|100%|HS|  |TAMS 0x0000000089100000, 0x0000000089000000| Complete 
| 145|0x0000000089100000, 0x0000000089200000, 0x0000000089200000|100%|HS|  |TAMS 0x0000000089200000, 0x0000000089100000| Complete 
| 146|0x0000000089200000, 0x0000000089300000, 0x0000000089300000|100%|HS|  |TAMS 0x0000000089300000, 0x0000000089200000| Complete 
| 147|0x0000000089300000, 0x0000000089400000, 0x0000000089400000|100%| O|  |TAMS 0x0000000089400000, 0x0000000089300000| Untracked 
| 148|0x0000000089400000, 0x0000000089500000, 0x0000000089500000|100%| O|  |TAMS 0x0000000089500000, 0x0000000089400000| Untracked 
| 149|0x0000000089500000, 0x0000000089600000, 0x0000000089600000|100%| O|  |TAMS 0x0000000089600000, 0x0000000089500000| Untracked 
| 150|0x0000000089600000, 0x0000000089700000, 0x0000000089700000|100%| O|  |TAMS 0x0000000089700000, 0x0000000089600000| Untracked 
| 151|0x0000000089700000, 0x0000000089800000, 0x0000000089800000|100%| O|  |TAMS 0x0000000089800000, 0x0000000089700000| Untracked 
| 152|0x0000000089800000, 0x0000000089900000, 0x0000000089900000|100%| O|  |TAMS 0x0000000089900000, 0x0000000089800000| Untracked 
| 153|0x0000000089900000, 0x0000000089a00000, 0x0000000089a00000|100%| O|  |TAMS 0x0000000089a00000, 0x0000000089900000| Untracked 
| 154|0x0000000089a00000, 0x0000000089b00000, 0x0000000089b00000|100%| O|  |TAMS 0x0000000089b00000, 0x0000000089a00000| Untracked 
| 155|0x0000000089b00000, 0x0000000089c00000, 0x0000000089c00000|100%| O|  |TAMS 0x0000000089c00000, 0x0000000089b00000| Untracked 
| 156|0x0000000089c00000, 0x0000000089d00000, 0x0000000089d00000|100%| O|  |TAMS 0x0000000089d00000, 0x0000000089c00000| Untracked 
| 157|0x0000000089d00000, 0x0000000089e00000, 0x0000000089e00000|100%| O|  |TAMS 0x0000000089e00000, 0x0000000089d00000| Untracked 
| 158|0x0000000089e00000, 0x0000000089f00000, 0x0000000089f00000|100%| O|  |TAMS 0x0000000089f00000, 0x0000000089e00000| Complete 
| 159|0x0000000089f00000, 0x000000008a000000, 0x000000008a000000|100%| O|  |TAMS 0x000000008a000000, 0x0000000089f00000| Untracked 
| 160|0x000000008a000000, 0x000000008a100000, 0x000000008a100000|100%| O|  |TAMS 0x000000008a100000, 0x000000008a000000| Untracked 
| 161|0x000000008a100000, 0x000000008a200000, 0x000000008a200000|100%| O|  |TAMS 0x000000008a200000, 0x000000008a100000| Untracked 
| 162|0x000000008a200000, 0x000000008a300000, 0x000000008a300000|100%| O|  |TAMS 0x000000008a300000, 0x000000008a200000| Untracked 
| 163|0x000000008a300000, 0x000000008a400000, 0x000000008a400000|100%| O|  |TAMS 0x000000008a400000, 0x000000008a300000| Untracked 
| 164|0x000000008a400000, 0x000000008a500000, 0x000000008a500000|100%| O|  |TAMS 0x000000008a500000, 0x000000008a400000| Untracked 
| 165|0x000000008a500000, 0x000000008a600000, 0x000000008a600000|100%| O|  |TAMS 0x000000008a600000, 0x000000008a500000| Untracked 
| 166|0x000000008a600000, 0x000000008a700000, 0x000000008a700000|100%| O|  |TAMS 0x000000008a700000, 0x000000008a600000| Untracked 
| 167|0x000000008a700000, 0x000000008a800000, 0x000000008a800000|100%| O|  |TAMS 0x000000008a800000, 0x000000008a700000| Untracked 
| 168|0x000000008a800000, 0x000000008a900000, 0x000000008a900000|100%| O|  |TAMS 0x000000008a900000, 0x000000008a800000| Untracked 
| 169|0x000000008a900000, 0x000000008aa00000, 0x000000008aa00000|100%|HS|  |TAMS 0x000000008aa00000, 0x000000008a900000| Complete 
| 170|0x000000008aa00000, 0x000000008ab00000, 0x000000008ab00000|100%| O|  |TAMS 0x000000008ab00000, 0x000000008aa00000| Untracked 
| 171|0x000000008ab00000, 0x000000008ac00000, 0x000000008ac00000|100%| O|  |TAMS 0x000000008ac00000, 0x000000008ab00000| Untracked 
| 172|0x000000008ac00000, 0x000000008ad00000, 0x000000008ad00000|100%| O|  |TAMS 0x000000008ad00000, 0x000000008ac00000| Untracked 
| 173|0x000000008ad00000, 0x000000008ae00000, 0x000000008ae00000|100%| O|  |TAMS 0x000000008ae00000, 0x000000008ad00000| Untracked 
| 174|0x000000008ae00000, 0x000000008af00000, 0x000000008af00000|100%| O|  |TAMS 0x000000008af00000, 0x000000008ae00000| Untracked 
| 175|0x000000008af00000, 0x000000008b000000, 0x000000008b000000|100%| O|  |TAMS 0x000000008b000000, 0x000000008af00000| Untracked 
| 176|0x000000008b000000, 0x000000008b100000, 0x000000008b100000|100%| O|  |TAMS 0x000000008b100000, 0x000000008b000000| Untracked 
| 177|0x000000008b100000, 0x000000008b200000, 0x000000008b200000|100%| O|  |TAMS 0x000000008b200000, 0x000000008b100000| Untracked 
| 178|0x000000008b200000, 0x000000008b300000, 0x000000008b300000|100%| O|  |TAMS 0x000000008b300000, 0x000000008b200000| Untracked 
| 179|0x000000008b300000, 0x000000008b400000, 0x000000008b400000|100%| O|  |TAMS 0x000000008b400000, 0x000000008b300000| Untracked 
| 180|0x000000008b400000, 0x000000008b500000, 0x000000008b500000|100%| O|  |TAMS 0x000000008b500000, 0x000000008b400000| Untracked 
| 181|0x000000008b500000, 0x000000008b600000, 0x000000008b600000|100%| O|  |TAMS 0x000000008b600000, 0x000000008b500000| Untracked 
| 182|0x000000008b600000, 0x000000008b700000, 0x000000008b700000|100%| O|  |TAMS 0x000000008b700000, 0x000000008b600000| Untracked 
| 183|0x000000008b700000, 0x000000008b800000, 0x000000008b800000|100%| O|  |TAMS 0x000000008b800000, 0x000000008b700000| Untracked 
| 184|0x000000008b800000, 0x000000008b900000, 0x000000008b900000|100%| O|  |TAMS 0x000000008b900000, 0x000000008b800000| Untracked 
| 185|0x000000008b900000, 0x000000008ba00000, 0x000000008ba00000|100%|HS|  |TAMS 0x000000008ba00000, 0x000000008b900000| Complete 
| 186|0x000000008ba00000, 0x000000008bb00000, 0x000000008bb00000|100%| O|  |TAMS 0x000000008bb00000, 0x000000008ba00000| Untracked 
| 187|0x000000008bb00000, 0x000000008bc00000, 0x000000008bc00000|100%| O|  |TAMS 0x000000008bc00000, 0x000000008bb00000| Untracked 
| 188|0x000000008bc00000, 0x000000008bd00000, 0x000000008bd00000|100%| O|  |TAMS 0x000000008bd00000, 0x000000008bc00000| Untracked 
| 189|0x000000008bd00000, 0x000000008be00000, 0x000000008be00000|100%| O|  |TAMS 0x000000008be00000, 0x000000008bd00000| Untracked 
| 190|0x000000008be00000, 0x000000008bf00000, 0x000000008bf00000|100%| O|  |TAMS 0x000000008bf00000, 0x000000008be00000| Untracked 
| 191|0x000000008bf00000, 0x000000008c000000, 0x000000008c000000|100%| O|  |TAMS 0x000000008c000000, 0x000000008bf00000| Untracked 
| 192|0x000000008c000000, 0x000000008c100000, 0x000000008c100000|100%| O|  |TAMS 0x000000008c100000, 0x000000008c000000| Untracked 
| 193|0x000000008c100000, 0x000000008c200000, 0x000000008c200000|100%| O|  |TAMS 0x000000008c200000, 0x000000008c100000| Untracked 
| 194|0x000000008c200000, 0x000000008c300000, 0x000000008c300000|100%| O|  |TAMS 0x000000008c300000, 0x000000008c200000| Untracked 
| 195|0x000000008c300000, 0x000000008c400000, 0x000000008c400000|100%| O|  |TAMS 0x000000008c400000, 0x000000008c300000| Untracked 
| 196|0x000000008c400000, 0x000000008c500000, 0x000000008c500000|100%| O|  |TAMS 0x000000008c500000, 0x000000008c400000| Untracked 
| 197|0x000000008c500000, 0x000000008c600000, 0x000000008c600000|100%| O|  |TAMS 0x000000008c600000, 0x000000008c500000| Untracked 
| 198|0x000000008c600000, 0x000000008c700000, 0x000000008c700000|100%| O|  |TAMS 0x000000008c700000, 0x000000008c600000| Untracked 
| 199|0x000000008c700000, 0x000000008c800000, 0x000000008c800000|100%| O|  |TAMS 0x000000008c800000, 0x000000008c700000| Untracked 
| 200|0x000000008c800000, 0x000000008c900000, 0x000000008c900000|100%| O|  |TAMS 0x000000008c900000, 0x000000008c800000| Untracked 
| 201|0x000000008c900000, 0x000000008ca00000, 0x000000008ca00000|100%| O|  |TAMS 0x000000008ca00000, 0x000000008c900000| Untracked 
| 202|0x000000008ca00000, 0x000000008ca00000, 0x000000008cb00000|  0%| F|  |TAMS 0x000000008ca00000, 0x000000008ca00000| Untracked 
| 203|0x000000008cb00000, 0x000000008cc00000, 0x000000008cc00000|100%| O|  |TAMS 0x000000008cc00000, 0x000000008cb00000| Untracked 
| 204|0x000000008cc00000, 0x000000008cd00000, 0x000000008cd00000|100%| O|  |TAMS 0x000000008cd00000, 0x000000008cc00000| Untracked 
| 205|0x000000008cd00000, 0x000000008ce00000, 0x000000008ce00000|100%| O|  |TAMS 0x000000008ce00000, 0x000000008cd00000| Untracked 
| 206|0x000000008ce00000, 0x000000008cf00000, 0x000000008cf00000|100%| O|  |TAMS 0x000000008cf00000, 0x000000008ce00000| Untracked 
| 207|0x000000008cf00000, 0x000000008d000000, 0x000000008d000000|100%| O|  |TAMS 0x000000008d000000, 0x000000008cf00000| Untracked 
| 208|0x000000008d000000, 0x000000008d100000, 0x000000008d100000|100%| O|  |TAMS 0x000000008d100000, 0x000000008d000000| Untracked 
| 209|0x000000008d100000, 0x000000008d200000, 0x000000008d200000|100%| O|  |TAMS 0x000000008d200000, 0x000000008d100000| Untracked 
| 210|0x000000008d200000, 0x000000008d300000, 0x000000008d300000|100%| O|  |TAMS 0x000000008d300000, 0x000000008d200000| Untracked 
| 211|0x000000008d300000, 0x000000008d400000, 0x000000008d400000|100%| O|  |TAMS 0x000000008d400000, 0x000000008d300000| Untracked 
| 212|0x000000008d400000, 0x000000008d500000, 0x000000008d500000|100%| O|  |TAMS 0x000000008d500000, 0x000000008d400000| Untracked 
| 213|0x000000008d500000, 0x000000008d600000, 0x000000008d600000|100%| O|  |TAMS 0x000000008d600000, 0x000000008d500000| Untracked 
| 214|0x000000008d600000, 0x000000008d700000, 0x000000008d700000|100%| O|  |TAMS 0x000000008d700000, 0x000000008d600000| Untracked 
| 215|0x000000008d700000, 0x000000008d800000, 0x000000008d800000|100%| O|  |TAMS 0x000000008d800000, 0x000000008d700000| Untracked 
| 216|0x000000008d800000, 0x000000008d900000, 0x000000008d900000|100%| O|  |TAMS 0x000000008d900000, 0x000000008d800000| Untracked 
| 217|0x000000008d900000, 0x000000008da00000, 0x000000008da00000|100%| O|  |TAMS 0x000000008da00000, 0x000000008d900000| Untracked 
| 218|0x000000008da00000, 0x000000008db00000, 0x000000008db00000|100%| O|  |TAMS 0x000000008db00000, 0x000000008da00000| Untracked 
| 219|0x000000008db00000, 0x000000008dc00000, 0x000000008dc00000|100%| O|  |TAMS 0x000000008dc00000, 0x000000008db00000| Untracked 
| 220|0x000000008dc00000, 0x000000008dd00000, 0x000000008dd00000|100%| O|  |TAMS 0x000000008dd00000, 0x000000008dc00000| Untracked 
| 221|0x000000008dd00000, 0x000000008de00000, 0x000000008de00000|100%| O|  |TAMS 0x000000008de00000, 0x000000008dd00000| Untracked 
| 222|0x000000008de00000, 0x000000008df00000, 0x000000008df00000|100%| O|  |TAMS 0x000000008df00000, 0x000000008de00000| Untracked 
| 223|0x000000008df00000, 0x000000008e000000, 0x000000008e000000|100%| O|  |TAMS 0x000000008e000000, 0x000000008df00000| Untracked 
| 224|0x000000008e000000, 0x000000008e100000, 0x000000008e100000|100%| O|  |TAMS 0x000000008e100000, 0x000000008e000000| Untracked 
| 225|0x000000008e100000, 0x000000008e100000, 0x000000008e200000|  0%| F|  |TAMS 0x000000008e100000, 0x000000008e100000| Untracked 
| 226|0x000000008e200000, 0x000000008e300000, 0x000000008e300000|100%| O|  |TAMS 0x000000008e300000, 0x000000008e200000| Untracked 
| 227|0x000000008e300000, 0x000000008e400000, 0x000000008e400000|100%| O|  |TAMS 0x000000008e400000, 0x000000008e300000| Untracked 
| 228|0x000000008e400000, 0x000000008e500000, 0x000000008e500000|100%| O|  |TAMS 0x000000008e500000, 0x000000008e400000| Untracked 
| 229|0x000000008e500000, 0x000000008e600000, 0x000000008e600000|100%| O|  |TAMS 0x000000008e600000, 0x000000008e500000| Untracked 
| 230|0x000000008e600000, 0x000000008e700000, 0x000000008e700000|100%| O|  |TAMS 0x000000008e700000, 0x000000008e600000| Complete 
| 231|0x000000008e700000, 0x000000008e800000, 0x000000008e800000|100%| O|  |TAMS 0x000000008e800000, 0x000000008e700000| Untracked 
| 232|0x000000008e800000, 0x000000008e900000, 0x000000008e900000|100%| O|  |TAMS 0x000000008e900000, 0x000000008e800000| Untracked 
| 233|0x000000008e900000, 0x000000008ea00000, 0x000000008ea00000|100%| O|  |TAMS 0x000000008ea00000, 0x000000008e900000| Untracked 
| 234|0x000000008ea00000, 0x000000008ea00000, 0x000000008eb00000|  0%| F|  |TAMS 0x000000008ea00000, 0x000000008ea00000| Untracked 
| 235|0x000000008eb00000, 0x000000008ec00000, 0x000000008ec00000|100%| O|  |TAMS 0x000000008ec00000, 0x000000008eb00000| Untracked 
| 236|0x000000008ec00000, 0x000000008ed00000, 0x000000008ed00000|100%| O|  |TAMS 0x000000008ed00000, 0x000000008ec00000| Untracked 
| 237|0x000000008ed00000, 0x000000008ee00000, 0x000000008ee00000|100%| O|  |TAMS 0x000000008ee00000, 0x000000008ed00000| Untracked 
| 238|0x000000008ee00000, 0x000000008ef00000, 0x000000008ef00000|100%| O|  |TAMS 0x000000008ef00000, 0x000000008ee00000| Untracked 
| 239|0x000000008ef00000, 0x000000008f000000, 0x000000008f000000|100%| O|  |TAMS 0x000000008f000000, 0x000000008ef00000| Untracked 
| 240|0x000000008f000000, 0x000000008f100000, 0x000000008f100000|100%| O|  |TAMS 0x000000008f100000, 0x000000008f000000| Untracked 
| 241|0x000000008f100000, 0x000000008f200000, 0x000000008f200000|100%|HS|  |TAMS 0x000000008f200000, 0x000000008f100000| Complete 
| 242|0x000000008f200000, 0x000000008f300000, 0x000000008f300000|100%|HC|  |TAMS 0x000000008f300000, 0x000000008f200000| Complete 
| 243|0x000000008f300000, 0x000000008f400000, 0x000000008f400000|100%| O|  |TAMS 0x000000008f400000, 0x000000008f300000| Untracked 
| 244|0x000000008f400000, 0x000000008f500000, 0x000000008f500000|100%| O|  |TAMS 0x000000008f500000, 0x000000008f400000| Untracked 
| 245|0x000000008f500000, 0x000000008f500000, 0x000000008f600000|  0%| F|  |TAMS 0x000000008f500000, 0x000000008f500000| Untracked 
| 246|0x000000008f600000, 0x000000008f700000, 0x000000008f700000|100%| O|  |TAMS 0x000000008f700000, 0x000000008f600000| Untracked 
| 247|0x000000008f700000, 0x000000008f800000, 0x000000008f800000|100%| O|  |TAMS 0x000000008f800000, 0x000000008f700000| Untracked 
| 248|0x000000008f800000, 0x000000008f900000, 0x000000008f900000|100%| O|  |TAMS 0x000000008f900000, 0x000000008f800000| Complete 
| 249|0x000000008f900000, 0x000000008fa00000, 0x000000008fa00000|100%| O|  |TAMS 0x000000008fa00000, 0x000000008f900000| Untracked 
| 250|0x000000008fa00000, 0x000000008fb00000, 0x000000008fb00000|100%| O|  |TAMS 0x000000008fb00000, 0x000000008fa00000| Untracked 
| 251|0x000000008fb00000, 0x000000008fc00000, 0x000000008fc00000|100%| O|  |TAMS 0x000000008fc00000, 0x000000008fb00000| Untracked 
| 252|0x000000008fc00000, 0x000000008fd00000, 0x000000008fd00000|100%| O|  |TAMS 0x000000008fd00000, 0x000000008fc00000| Untracked 
| 253|0x000000008fd00000, 0x000000008fe00000, 0x000000008fe00000|100%| O|  |TAMS 0x000000008fe00000, 0x000000008fd00000| Untracked 
| 254|0x000000008fe00000, 0x000000008ff00000, 0x000000008ff00000|100%| O|  |TAMS 0x000000008ff00000, 0x000000008fe00000| Untracked 
| 255|0x000000008ff00000, 0x0000000090000000, 0x0000000090000000|100%| O|  |TAMS 0x0000000090000000, 0x000000008ff00000| Untracked 
| 256|0x0000000090000000, 0x0000000090100000, 0x0000000090100000|100%| O|  |TAMS 0x0000000090100000, 0x0000000090000000| Untracked 
| 257|0x0000000090100000, 0x0000000090200000, 0x0000000090200000|100%| O|  |TAMS 0x0000000090200000, 0x0000000090100000| Complete 
| 258|0x0000000090200000, 0x0000000090300000, 0x0000000090300000|100%| O|  |TAMS 0x0000000090300000, 0x0000000090200000| Untracked 
| 259|0x0000000090300000, 0x0000000090400000, 0x0000000090400000|100%| O|  |TAMS 0x0000000090400000, 0x0000000090300000| Untracked 
| 260|0x0000000090400000, 0x0000000090500000, 0x0000000090500000|100%| O|  |TAMS 0x0000000090500000, 0x0000000090400000| Untracked 
| 261|0x0000000090500000, 0x0000000090600000, 0x0000000090600000|100%| O|  |TAMS 0x0000000090600000, 0x0000000090500000| Untracked 
| 262|0x0000000090600000, 0x0000000090700000, 0x0000000090700000|100%| O|  |TAMS 0x0000000090700000, 0x0000000090600000| Untracked 
| 263|0x0000000090700000, 0x0000000090800000, 0x0000000090800000|100%| O|  |TAMS 0x0000000090800000, 0x0000000090700000| Untracked 
| 264|0x0000000090800000, 0x0000000090900000, 0x0000000090900000|100%| O|  |TAMS 0x0000000090900000, 0x0000000090800000| Untracked 
| 265|0x0000000090900000, 0x0000000090a00000, 0x0000000090a00000|100%| O|  |TAMS 0x0000000090a00000, 0x0000000090900000| Untracked 
| 266|0x0000000090a00000, 0x0000000090a00000, 0x0000000090b00000|  0%| F|  |TAMS 0x0000000090a00000, 0x0000000090a00000| Untracked 
| 267|0x0000000090b00000, 0x0000000090c00000, 0x0000000090c00000|100%| O|  |TAMS 0x0000000090c00000, 0x0000000090b00000| Untracked 
| 268|0x0000000090c00000, 0x0000000090d00000, 0x0000000090d00000|100%| O|  |TAMS 0x0000000090d00000, 0x0000000090c00000| Untracked 
| 269|0x0000000090d00000, 0x0000000090e00000, 0x0000000090e00000|100%| O|  |TAMS 0x0000000090e00000, 0x0000000090d00000| Untracked 
| 270|0x0000000090e00000, 0x0000000090f00000, 0x0000000090f00000|100%| O|  |TAMS 0x0000000090f00000, 0x0000000090e00000| Untracked 
| 271|0x0000000090f00000, 0x0000000091000000, 0x0000000091000000|100%| O|  |TAMS 0x0000000091000000, 0x0000000090f00000| Untracked 
| 272|0x0000000091000000, 0x0000000091100000, 0x0000000091100000|100%| O|  |TAMS 0x0000000091100000, 0x0000000091000000| Untracked 
| 273|0x0000000091100000, 0x0000000091200000, 0x0000000091200000|100%| O|  |TAMS 0x0000000091200000, 0x0000000091100000| Untracked 
| 274|0x0000000091200000, 0x0000000091300000, 0x0000000091300000|100%| O|  |TAMS 0x0000000091300000, 0x0000000091200000| Untracked 
| 275|0x0000000091300000, 0x0000000091400000, 0x0000000091400000|100%| O|  |TAMS 0x0000000091400000, 0x0000000091300000| Untracked 
| 276|0x0000000091400000, 0x0000000091500000, 0x0000000091500000|100%| O|  |TAMS 0x0000000091500000, 0x0000000091400000| Untracked 
| 277|0x0000000091500000, 0x0000000091600000, 0x0000000091600000|100%| O|  |TAMS 0x0000000091600000, 0x0000000091500000| Complete 
| 278|0x0000000091600000, 0x0000000091700000, 0x0000000091700000|100%| O|  |TAMS 0x0000000091700000, 0x0000000091600000| Untracked 
| 279|0x0000000091700000, 0x0000000091800000, 0x0000000091800000|100%| O|  |TAMS 0x0000000091800000, 0x0000000091700000| Untracked 
| 280|0x0000000091800000, 0x0000000091900000, 0x0000000091900000|100%| O|  |TAMS 0x0000000091900000, 0x0000000091800000| Untracked 
| 281|0x0000000091900000, 0x0000000091a00000, 0x0000000091a00000|100%| O|  |TAMS 0x0000000091a00000, 0x0000000091900000| Untracked 
| 282|0x0000000091a00000, 0x0000000091b00000, 0x0000000091b00000|100%| O|  |TAMS 0x0000000091b00000, 0x0000000091a00000| Untracked 
| 283|0x0000000091b00000, 0x0000000091c00000, 0x0000000091c00000|100%| O|  |TAMS 0x0000000091c00000, 0x0000000091b00000| Untracked 
| 284|0x0000000091c00000, 0x0000000091c00000, 0x0000000091d00000|  0%| F|  |TAMS 0x0000000091c00000, 0x0000000091c00000| Untracked 
| 285|0x0000000091d00000, 0x0000000091e00000, 0x0000000091e00000|100%| O|  |TAMS 0x0000000091e00000, 0x0000000091d00000| Untracked 
| 286|0x0000000091e00000, 0x0000000091f00000, 0x0000000091f00000|100%| O|  |TAMS 0x0000000091f00000, 0x0000000091e00000| Untracked 
| 287|0x0000000091f00000, 0x0000000092000000, 0x0000000092000000|100%| O|  |TAMS 0x0000000092000000, 0x0000000091f00000| Untracked 
| 288|0x0000000092000000, 0x0000000092100000, 0x0000000092100000|100%| O|  |TAMS 0x0000000092100000, 0x0000000092000000| Untracked 
| 289|0x0000000092100000, 0x0000000092100000, 0x0000000092200000|  0%| F|  |TAMS 0x0000000092100000, 0x0000000092100000| Untracked 
| 290|0x0000000092200000, 0x0000000092300000, 0x0000000092300000|100%|HS|  |TAMS 0x0000000092300000, 0x0000000092200000| Complete 
| 291|0x0000000092300000, 0x0000000092400000, 0x0000000092400000|100%|HC|  |TAMS 0x0000000092400000, 0x0000000092300000| Complete 
| 292|0x0000000092400000, 0x0000000092500000, 0x0000000092500000|100%|HC|  |TAMS 0x0000000092500000, 0x0000000092400000| Complete 
| 293|0x0000000092500000, 0x0000000092600000, 0x0000000092600000|100%|HS|  |TAMS 0x0000000092600000, 0x0000000092500000| Complete 
| 294|0x0000000092600000, 0x0000000092700000, 0x0000000092700000|100%|HC|  |TAMS 0x0000000092700000, 0x0000000092600000| Complete 
| 295|0x0000000092700000, 0x0000000092800000, 0x0000000092800000|100%|HS|  |TAMS 0x0000000092800000, 0x0000000092700000| Complete 
| 296|0x0000000092800000, 0x0000000092900000, 0x0000000092900000|100%|HS|  |TAMS 0x0000000092900000, 0x0000000092800000| Complete 
| 297|0x0000000092900000, 0x0000000092a00000, 0x0000000092a00000|100%|HS|  |TAMS 0x0000000092a00000, 0x0000000092900000| Complete 
| 298|0x0000000092a00000, 0x0000000092b00000, 0x0000000092b00000|100%|HS|  |TAMS 0x0000000092b00000, 0x0000000092a00000| Complete 
| 299|0x0000000092b00000, 0x0000000092c00000, 0x0000000092c00000|100%|HS|  |TAMS 0x0000000092c00000, 0x0000000092b00000| Complete 
| 300|0x0000000092c00000, 0x0000000092d00000, 0x0000000092d00000|100%|HC|  |TAMS 0x0000000092d00000, 0x0000000092c00000| Complete 
| 301|0x0000000092d00000, 0x0000000092e00000, 0x0000000092e00000|100%|HS|  |TAMS 0x0000000092e00000, 0x0000000092d00000| Complete 
| 302|0x0000000092e00000, 0x0000000092f00000, 0x0000000092f00000|100%|HC|  |TAMS 0x0000000092f00000, 0x0000000092e00000| Complete 
| 303|0x0000000092f00000, 0x0000000093000000, 0x0000000093000000|100%|HS|  |TAMS 0x0000000093000000, 0x0000000092f00000| Complete 
| 304|0x0000000093000000, 0x0000000093100000, 0x0000000093100000|100%|HC|  |TAMS 0x0000000093100000, 0x0000000093000000| Complete 
| 305|0x0000000093100000, 0x0000000093200000, 0x0000000093200000|100%|HS|  |TAMS 0x0000000093200000, 0x0000000093100000| Complete 
| 306|0x0000000093200000, 0x0000000093300000, 0x0000000093300000|100%|HC|  |TAMS 0x0000000093300000, 0x0000000093200000| Complete 
| 307|0x0000000093300000, 0x0000000093400000, 0x0000000093400000|100%|HC|  |TAMS 0x0000000093400000, 0x0000000093300000| Complete 
| 308|0x0000000093400000, 0x0000000093500000, 0x0000000093500000|100%| O|  |TAMS 0x0000000093500000, 0x0000000093400000| Untracked 
| 309|0x0000000093500000, 0x0000000093600000, 0x0000000093600000|100%| O|  |TAMS 0x0000000093600000, 0x0000000093500000| Untracked 
| 310|0x0000000093600000, 0x0000000093700000, 0x0000000093700000|100%|HS|  |TAMS 0x0000000093600000, 0x0000000093600000| Complete 
| 311|0x0000000093700000, 0x0000000093800000, 0x0000000093800000|100%|HC|  |TAMS 0x0000000093700000, 0x0000000093700000| Complete 
| 312|0x0000000093800000, 0x0000000093800000, 0x0000000093900000|  0%| F|  |TAMS 0x0000000093800000, 0x0000000093800000| Untracked 
| 313|0x0000000093900000, 0x0000000093a00000, 0x0000000093a00000|100%| O|  |TAMS 0x0000000093a00000, 0x0000000093900000| Untracked 
| 314|0x0000000093a00000, 0x0000000093b00000, 0x0000000093b00000|100%|HS|  |TAMS 0x0000000093a00000, 0x0000000093a00000| Complete 
| 315|0x0000000093b00000, 0x0000000093c00000, 0x0000000093c00000|100%|HC|  |TAMS 0x0000000093b00000, 0x0000000093b00000| Complete 
| 316|0x0000000093c00000, 0x0000000093d00000, 0x0000000093d00000|100%|HS|  |TAMS 0x0000000093d00000, 0x0000000093c00000| Complete 
| 317|0x0000000093d00000, 0x0000000093e00000, 0x0000000093e00000|100%|HS|  |TAMS 0x0000000093e00000, 0x0000000093d00000| Complete 
| 318|0x0000000093e00000, 0x0000000093f00000, 0x0000000093f00000|100%| O|  |TAMS 0x0000000093f00000, 0x0000000093e00000| Untracked 
| 319|0x0000000093f00000, 0x0000000094000000, 0x0000000094000000|100%| O|  |TAMS 0x0000000094000000, 0x0000000093f00000| Untracked 
| 320|0x0000000094000000, 0x0000000094100000, 0x0000000094100000|100%|HS|  |TAMS 0x0000000094100000, 0x0000000094000000| Complete 
| 321|0x0000000094100000, 0x0000000094200000, 0x0000000094200000|100%|HC|  |TAMS 0x0000000094200000, 0x0000000094100000| Complete 
| 322|0x0000000094200000, 0x0000000094300000, 0x0000000094300000|100%|HS|  |TAMS 0x0000000094300000, 0x0000000094200000| Complete 
| 323|0x0000000094300000, 0x0000000094400000, 0x0000000094400000|100%|HS|  |TAMS 0x0000000094400000, 0x0000000094300000| Complete 
| 324|0x0000000094400000, 0x0000000094500000, 0x0000000094500000|100%| O|  |TAMS 0x0000000094500000, 0x0000000094400000| Untracked 
| 325|0x0000000094500000, 0x0000000094600000, 0x0000000094600000|100%| O|  |TAMS 0x0000000094600000, 0x0000000094500000| Untracked 
| 326|0x0000000094600000, 0x0000000094700000, 0x0000000094700000|100%|HS|  |TAMS 0x0000000094700000, 0x0000000094600000| Complete 
| 327|0x0000000094700000, 0x0000000094800000, 0x0000000094800000|100%|HS|  |TAMS 0x0000000094800000, 0x0000000094700000| Complete 
| 328|0x0000000094800000, 0x0000000094900000, 0x0000000094900000|100%|HC|  |TAMS 0x0000000094900000, 0x0000000094800000| Complete 
| 329|0x0000000094900000, 0x0000000094a00000, 0x0000000094a00000|100%|HS|  |TAMS 0x0000000094a00000, 0x0000000094900000| Complete 
| 330|0x0000000094a00000, 0x0000000094a00000, 0x0000000094b00000|  0%| F|  |TAMS 0x0000000094a00000, 0x0000000094a00000| Untracked 
| 331|0x0000000094b00000, 0x0000000094c00000, 0x0000000094c00000|100%|HS|  |TAMS 0x0000000094c00000, 0x0000000094b00000| Complete 
| 332|0x0000000094c00000, 0x0000000094d00000, 0x0000000094d00000|100%| O|  |TAMS 0x0000000094d00000, 0x0000000094c00000| Untracked 
| 333|0x0000000094d00000, 0x0000000094e00000, 0x0000000094e00000|100%| O|  |TAMS 0x0000000094e00000, 0x0000000094d00000| Untracked 
| 334|0x0000000094e00000, 0x0000000094f00000, 0x0000000094f00000|100%| O|  |TAMS 0x0000000094f00000, 0x0000000094e00000| Untracked 
| 335|0x0000000094f00000, 0x0000000095000000, 0x0000000095000000|100%| O|  |TAMS 0x0000000095000000, 0x0000000094f00000| Untracked 
| 336|0x0000000095000000, 0x0000000095100000, 0x0000000095100000|100%| O|  |TAMS 0x0000000095100000, 0x0000000095000000| Untracked 
| 337|0x0000000095100000, 0x0000000095200000, 0x0000000095200000|100%| O|  |TAMS 0x0000000095200000, 0x0000000095100000| Untracked 
| 338|0x0000000095200000, 0x0000000095300000, 0x0000000095300000|100%| O|  |TAMS 0x0000000095300000, 0x0000000095200000| Untracked 
| 339|0x0000000095300000, 0x0000000095400000, 0x0000000095400000|100%|HS|  |TAMS 0x0000000095400000, 0x0000000095300000| Complete 
| 340|0x0000000095400000, 0x0000000095500000, 0x0000000095500000|100%|HS|  |TAMS 0x0000000095500000, 0x0000000095400000| Complete 
| 341|0x0000000095500000, 0x0000000095600000, 0x0000000095600000|100%|HC|  |TAMS 0x0000000095600000, 0x0000000095500000| Complete 
| 342|0x0000000095600000, 0x0000000095700000, 0x0000000095700000|100%|HS|  |TAMS 0x0000000095700000, 0x0000000095600000| Complete 
| 343|0x0000000095700000, 0x0000000095800000, 0x0000000095800000|100%| O|  |TAMS 0x0000000095800000, 0x0000000095700000| Untracked 
| 344|0x0000000095800000, 0x0000000095900000, 0x0000000095900000|100%| O|  |TAMS 0x0000000095900000, 0x0000000095800000| Untracked 
| 345|0x0000000095900000, 0x0000000095a00000, 0x0000000095a00000|100%| O|  |TAMS 0x0000000095a00000, 0x0000000095900000| Untracked 
| 346|0x0000000095a00000, 0x0000000095b00000, 0x0000000095b00000|100%| O|  |TAMS 0x0000000095b00000, 0x0000000095a00000| Untracked 
| 347|0x0000000095b00000, 0x0000000095c00000, 0x0000000095c00000|100%| O|  |TAMS 0x0000000095c00000, 0x0000000095b00000| Untracked 
| 348|0x0000000095c00000, 0x0000000095d00000, 0x0000000095d00000|100%| O|  |TAMS 0x0000000095d00000, 0x0000000095c00000| Untracked 
| 349|0x0000000095d00000, 0x0000000095e00000, 0x0000000095e00000|100%| O|  |TAMS 0x0000000095e00000, 0x0000000095d00000| Untracked 
| 350|0x0000000095e00000, 0x0000000095f00000, 0x0000000095f00000|100%| O|  |TAMS 0x0000000095f00000, 0x0000000095e00000| Untracked 
| 351|0x0000000095f00000, 0x0000000096000000, 0x0000000096000000|100%| O|  |TAMS 0x0000000096000000, 0x0000000095f00000| Untracked 
| 352|0x0000000096000000, 0x0000000096100000, 0x0000000096100000|100%| O|  |TAMS 0x0000000096100000, 0x0000000096000000| Untracked 
| 353|0x0000000096100000, 0x0000000096200000, 0x0000000096200000|100%| O|  |TAMS 0x0000000096200000, 0x0000000096100000| Untracked 
| 354|0x0000000096200000, 0x0000000096300000, 0x0000000096300000|100%| O|  |TAMS 0x0000000096300000, 0x0000000096200000| Untracked 
| 355|0x0000000096300000, 0x0000000096400000, 0x0000000096400000|100%| O|  |TAMS 0x0000000096400000, 0x0000000096300000| Untracked 
| 356|0x0000000096400000, 0x0000000096500000, 0x0000000096500000|100%| O|  |TAMS 0x0000000096500000, 0x0000000096400000| Untracked 
| 357|0x0000000096500000, 0x0000000096600000, 0x0000000096600000|100%| O|  |TAMS 0x0000000096600000, 0x0000000096500000| Untracked 
| 358|0x0000000096600000, 0x0000000096700000, 0x0000000096700000|100%| O|  |TAMS 0x0000000096700000, 0x0000000096600000| Untracked 
| 359|0x0000000096700000, 0x0000000096800000, 0x0000000096800000|100%| O|  |TAMS 0x0000000096800000, 0x0000000096700000| Untracked 
| 360|0x0000000096800000, 0x0000000096900000, 0x0000000096900000|100%| O|  |TAMS 0x0000000096900000, 0x0000000096800000| Untracked 
| 361|0x0000000096900000, 0x0000000096a00000, 0x0000000096a00000|100%| O|  |TAMS 0x0000000096a00000, 0x0000000096900000| Untracked 
| 362|0x0000000096a00000, 0x0000000096b00000, 0x0000000096b00000|100%| O|  |TAMS 0x0000000096b00000, 0x0000000096a00000| Untracked 
| 363|0x0000000096b00000, 0x0000000096c00000, 0x0000000096c00000|100%| O|  |TAMS 0x0000000096c00000, 0x0000000096b00000| Untracked 
| 364|0x0000000096c00000, 0x0000000096d00000, 0x0000000096d00000|100%| O|  |TAMS 0x0000000096d00000, 0x0000000096c00000| Untracked 
| 365|0x0000000096d00000, 0x0000000096e00000, 0x0000000096e00000|100%| O|  |TAMS 0x0000000096e00000, 0x0000000096d00000| Untracked 
| 366|0x0000000096e00000, 0x0000000096f00000, 0x0000000096f00000|100%| O|  |TAMS 0x0000000096f00000, 0x0000000096e00000| Untracked 
| 367|0x0000000096f00000, 0x0000000097000000, 0x0000000097000000|100%| O|  |TAMS 0x0000000097000000, 0x0000000096f00000| Untracked 
| 368|0x0000000097000000, 0x0000000097100000, 0x0000000097100000|100%| O|  |TAMS 0x0000000097100000, 0x0000000097000000| Untracked 
| 369|0x0000000097100000, 0x0000000097200000, 0x0000000097200000|100%| O|  |TAMS 0x0000000097200000, 0x0000000097100000| Untracked 
| 370|0x0000000097200000, 0x0000000097300000, 0x0000000097300000|100%| O|  |TAMS 0x0000000097300000, 0x0000000097200000| Untracked 
| 371|0x0000000097300000, 0x0000000097400000, 0x0000000097400000|100%| O|  |TAMS 0x0000000097400000, 0x0000000097300000| Untracked 
| 372|0x0000000097400000, 0x0000000097500000, 0x0000000097500000|100%| O|  |TAMS 0x0000000097500000, 0x0000000097400000| Untracked 
| 373|0x0000000097500000, 0x0000000097600000, 0x0000000097600000|100%| O|  |TAMS 0x0000000097600000, 0x0000000097500000| Untracked 
| 374|0x0000000097600000, 0x0000000097700000, 0x0000000097700000|100%| O|  |TAMS 0x0000000097700000, 0x0000000097600000| Untracked 
| 375|0x0000000097700000, 0x0000000097800000, 0x0000000097800000|100%| O|  |TAMS 0x0000000097800000, 0x0000000097700000| Untracked 
| 376|0x0000000097800000, 0x0000000097900000, 0x0000000097900000|100%| O|  |TAMS 0x0000000097900000, 0x0000000097800000| Untracked 
| 377|0x0000000097900000, 0x0000000097a00000, 0x0000000097a00000|100%| O|  |TAMS 0x0000000097a00000, 0x0000000097900000| Untracked 
| 378|0x0000000097a00000, 0x0000000097b00000, 0x0000000097b00000|100%| O|  |TAMS 0x0000000097b00000, 0x0000000097a00000| Untracked 
| 379|0x0000000097b00000, 0x0000000097c00000, 0x0000000097c00000|100%| O|  |TAMS 0x0000000097c00000, 0x0000000097b00000| Untracked 
| 380|0x0000000097c00000, 0x0000000097d00000, 0x0000000097d00000|100%| O|  |TAMS 0x0000000097d00000, 0x0000000097c00000| Untracked 
| 381|0x0000000097d00000, 0x0000000097e00000, 0x0000000097e00000|100%| O|  |TAMS 0x0000000097e00000, 0x0000000097d00000| Untracked 
| 382|0x0000000097e00000, 0x0000000097f00000, 0x0000000097f00000|100%| O|  |TAMS 0x0000000097f00000, 0x0000000097e00000| Untracked 
| 383|0x0000000097f00000, 0x0000000098000000, 0x0000000098000000|100%| O|  |TAMS 0x0000000098000000, 0x0000000097f00000| Untracked 
| 384|0x0000000098000000, 0x0000000098100000, 0x0000000098100000|100%| O|  |TAMS 0x0000000098100000, 0x0000000098000000| Untracked 
| 385|0x0000000098100000, 0x0000000098200000, 0x0000000098200000|100%| O|  |TAMS 0x0000000098200000, 0x0000000098100000| Untracked 
| 386|0x0000000098200000, 0x0000000098300000, 0x0000000098300000|100%| O|  |TAMS 0x0000000098300000, 0x0000000098200000| Untracked 
| 387|0x0000000098300000, 0x0000000098400000, 0x0000000098400000|100%| O|  |TAMS 0x0000000098400000, 0x0000000098300000| Untracked 
| 388|0x0000000098400000, 0x0000000098500000, 0x0000000098500000|100%|HS|  |TAMS 0x0000000098400000, 0x0000000098400000| Complete 
| 389|0x0000000098500000, 0x0000000098600000, 0x0000000098600000|100%|HC|  |TAMS 0x0000000098500000, 0x0000000098500000| Complete 
| 390|0x0000000098600000, 0x0000000098700000, 0x0000000098700000|100%| O|  |TAMS 0x0000000098700000, 0x0000000098600000| Untracked 
| 391|0x0000000098700000, 0x0000000098800000, 0x0000000098800000|100%| O|  |TAMS 0x0000000098800000, 0x0000000098700000| Untracked 
| 392|0x0000000098800000, 0x0000000098900000, 0x0000000098900000|100%| O|  |TAMS 0x0000000098900000, 0x0000000098800000| Untracked 
| 393|0x0000000098900000, 0x0000000098a00000, 0x0000000098a00000|100%| O|  |TAMS 0x0000000098a00000, 0x0000000098900000| Untracked 
| 394|0x0000000098a00000, 0x0000000098b00000, 0x0000000098b00000|100%| O|  |TAMS 0x0000000098b00000, 0x0000000098a00000| Untracked 
| 395|0x0000000098b00000, 0x0000000098b00000, 0x0000000098c00000|  0%| F|  |TAMS 0x0000000098b00000, 0x0000000098b00000| Untracked 
| 396|0x0000000098c00000, 0x0000000098d00000, 0x0000000098d00000|100%| O|  |TAMS 0x0000000098d00000, 0x0000000098c00000| Complete 
| 397|0x0000000098d00000, 0x0000000098e00000, 0x0000000098e00000|100%| O|  |TAMS 0x0000000098e00000, 0x0000000098d00000| Untracked 
| 398|0x0000000098e00000, 0x0000000098f00000, 0x0000000098f00000|100%| O|  |TAMS 0x0000000098f00000, 0x0000000098e00000| Untracked 
| 399|0x0000000098f00000, 0x0000000099000000, 0x0000000099000000|100%| O|  |TAMS 0x0000000099000000, 0x0000000098f00000| Untracked 
| 400|0x0000000099000000, 0x0000000099000000, 0x0000000099100000|  0%| F|  |TAMS 0x0000000099000000, 0x0000000099000000| Untracked 
| 401|0x0000000099100000, 0x0000000099200000, 0x0000000099200000|100%| O|  |TAMS 0x0000000099200000, 0x0000000099100000| Complete 
| 402|0x0000000099200000, 0x0000000099300000, 0x0000000099300000|100%| O|  |TAMS 0x0000000099300000, 0x0000000099200000| Untracked 
| 403|0x0000000099300000, 0x0000000099400000, 0x0000000099400000|100%| O|  |TAMS 0x0000000099400000, 0x0000000099300000| Untracked 
| 404|0x0000000099400000, 0x0000000099500000, 0x0000000099500000|100%| O|  |TAMS 0x0000000099500000, 0x0000000099400000| Untracked 
| 405|0x0000000099500000, 0x0000000099600000, 0x0000000099600000|100%| O|  |TAMS 0x0000000099600000, 0x0000000099500000| Untracked 
| 406|0x0000000099600000, 0x0000000099700000, 0x0000000099700000|100%| O|  |TAMS 0x0000000099700000, 0x0000000099600000| Untracked 
| 407|0x0000000099700000, 0x0000000099800000, 0x0000000099800000|100%| O|  |TAMS 0x0000000099800000, 0x0000000099700000| Untracked 
| 408|0x0000000099800000, 0x0000000099900000, 0x0000000099900000|100%| O|  |TAMS 0x0000000099900000, 0x0000000099800000| Untracked 
| 409|0x0000000099900000, 0x0000000099a00000, 0x0000000099a00000|100%| O|  |TAMS 0x0000000099a00000, 0x0000000099900000| Untracked 
| 410|0x0000000099a00000, 0x0000000099a00000, 0x0000000099b00000|  0%| F|  |TAMS 0x0000000099a00000, 0x0000000099a00000| Untracked 
| 411|0x0000000099b00000, 0x0000000099b00000, 0x0000000099c00000|  0%| F|  |TAMS 0x0000000099b00000, 0x0000000099b00000| Untracked 
| 412|0x0000000099c00000, 0x0000000099c00000, 0x0000000099d00000|  0%| F|  |TAMS 0x0000000099c00000, 0x0000000099c00000| Untracked 
| 413|0x0000000099d00000, 0x0000000099d00000, 0x0000000099e00000|  0%| F|  |TAMS 0x0000000099d00000, 0x0000000099d00000| Untracked 
| 414|0x0000000099e00000, 0x0000000099f00000, 0x0000000099f00000|100%| O|  |TAMS 0x0000000099f00000, 0x0000000099e00000| Untracked 
| 415|0x0000000099f00000, 0x000000009a000000, 0x000000009a000000|100%|HS|  |TAMS 0x000000009a000000, 0x0000000099f00000| Complete 
| 416|0x000000009a000000, 0x000000009a100000, 0x000000009a100000|100%|HC|  |TAMS 0x000000009a100000, 0x000000009a000000| Complete 
| 417|0x000000009a100000, 0x000000009a200000, 0x000000009a200000|100%|HS|  |TAMS 0x000000009a200000, 0x000000009a100000| Complete 
| 418|0x000000009a200000, 0x000000009a300000, 0x000000009a300000|100%|HS|  |TAMS 0x000000009a300000, 0x000000009a200000| Complete 
| 419|0x000000009a300000, 0x000000009a400000, 0x000000009a400000|100%|HC|  |TAMS 0x000000009a400000, 0x000000009a300000| Complete 
| 420|0x000000009a400000, 0x000000009a500000, 0x000000009a500000|100%| O|  |TAMS 0x000000009a500000, 0x000000009a400000| Untracked 
| 421|0x000000009a500000, 0x000000009a600000, 0x000000009a600000|100%| O|  |TAMS 0x000000009a600000, 0x000000009a500000| Untracked 
| 422|0x000000009a600000, 0x000000009a700000, 0x000000009a700000|100%| O|  |TAMS 0x000000009a700000, 0x000000009a600000| Untracked 
| 423|0x000000009a700000, 0x000000009a800000, 0x000000009a800000|100%| O|  |TAMS 0x000000009a800000, 0x000000009a700000| Untracked 
| 424|0x000000009a800000, 0x000000009a900000, 0x000000009a900000|100%| O|  |TAMS 0x000000009a900000, 0x000000009a800000| Untracked 
| 425|0x000000009a900000, 0x000000009aa00000, 0x000000009aa00000|100%| O|  |TAMS 0x000000009aa00000, 0x000000009a900000| Untracked 
| 426|0x000000009aa00000, 0x000000009ab00000, 0x000000009ab00000|100%| O|  |TAMS 0x000000009ab00000, 0x000000009aa00000| Untracked 
| 427|0x000000009ab00000, 0x000000009ac00000, 0x000000009ac00000|100%| O|  |TAMS 0x000000009ac00000, 0x000000009ab00000| Untracked 
| 428|0x000000009ac00000, 0x000000009ad00000, 0x000000009ad00000|100%| O|  |TAMS 0x000000009ad00000, 0x000000009ac00000| Untracked 
| 429|0x000000009ad00000, 0x000000009ae00000, 0x000000009ae00000|100%| O|  |TAMS 0x000000009ae00000, 0x000000009ad00000| Untracked 
| 430|0x000000009ae00000, 0x000000009af00000, 0x000000009af00000|100%| O|  |TAMS 0x000000009af00000, 0x000000009ae00000| Complete 
| 431|0x000000009af00000, 0x000000009b000000, 0x000000009b000000|100%| O|  |TAMS 0x000000009b000000, 0x000000009af00000| Complete 
| 432|0x000000009b000000, 0x000000009b100000, 0x000000009b100000|100%| O|  |TAMS 0x000000009b100000, 0x000000009b000000| Complete 
| 433|0x000000009b100000, 0x000000009b200000, 0x000000009b200000|100%| O|  |TAMS 0x000000009b200000, 0x000000009b100000| Untracked 
| 434|0x000000009b200000, 0x000000009b2a0200, 0x000000009b300000| 62%| O|  |TAMS 0x000000009b2a0200, 0x000000009b200000| Untracked 
| 435|0x000000009b300000, 0x000000009b400000, 0x000000009b400000|100%|HS|  |TAMS 0x000000009b400000, 0x000000009b300000| Complete 
| 436|0x000000009b400000, 0x000000009b500000, 0x000000009b500000|100%|HC|  |TAMS 0x000000009b500000, 0x000000009b400000| Complete 
| 437|0x000000009b500000, 0x000000009b600000, 0x000000009b600000|100%|HC|  |TAMS 0x000000009b600000, 0x000000009b500000| Complete 
| 438|0x000000009b600000, 0x000000009b700000, 0x000000009b700000|100%|HC|  |TAMS 0x000000009b700000, 0x000000009b600000| Complete 
| 439|0x000000009b700000, 0x000000009b800000, 0x000000009b800000|100%|HC|  |TAMS 0x000000009b800000, 0x000000009b700000| Complete 
| 440|0x000000009b800000, 0x000000009b900000, 0x000000009b900000|100%|HC|  |TAMS 0x000000009b900000, 0x000000009b800000| Complete 
| 441|0x000000009b900000, 0x000000009ba00000, 0x000000009ba00000|100%|HC|  |TAMS 0x000000009ba00000, 0x000000009b900000| Complete 
| 442|0x000000009ba00000, 0x000000009bb00000, 0x000000009bb00000|100%|HS|  |TAMS 0x000000009bb00000, 0x000000009ba00000| Complete 
| 443|0x000000009bb00000, 0x000000009bc00000, 0x000000009bc00000|100%|HC|  |TAMS 0x000000009bc00000, 0x000000009bb00000| Complete 
| 444|0x000000009bc00000, 0x000000009bd00000, 0x000000009bd00000|100%|HC|  |TAMS 0x000000009bd00000, 0x000000009bc00000| Complete 
| 445|0x000000009bd00000, 0x000000009be00000, 0x000000009be00000|100%|HC|  |TAMS 0x000000009be00000, 0x000000009bd00000| Complete 
| 446|0x000000009be00000, 0x000000009bf00000, 0x000000009bf00000|100%|HC|  |TAMS 0x000000009bf00000, 0x000000009be00000| Complete 
| 447|0x000000009bf00000, 0x000000009c000000, 0x000000009c000000|100%|HC|  |TAMS 0x000000009c000000, 0x000000009bf00000| Complete 
| 448|0x000000009c000000, 0x000000009c100000, 0x000000009c100000|100%|HC|  |TAMS 0x000000009c100000, 0x000000009c000000| Complete 
| 449|0x000000009c100000, 0x000000009c200000, 0x000000009c200000|100%|HC|  |TAMS 0x000000009c200000, 0x000000009c100000| Complete 
| 450|0x000000009c200000, 0x000000009c300000, 0x000000009c300000|100%|HC|  |TAMS 0x000000009c300000, 0x000000009c200000| Complete 
| 451|0x000000009c300000, 0x000000009c400000, 0x000000009c400000|100%|HC|  |TAMS 0x000000009c400000, 0x000000009c300000| Complete 
| 452|0x000000009c400000, 0x000000009c500000, 0x000000009c500000|100%|HS|  |TAMS 0x000000009c400000, 0x000000009c400000| Complete 
| 453|0x000000009c500000, 0x000000009c600000, 0x000000009c600000|100%|HC|  |TAMS 0x000000009c500000, 0x000000009c500000| Complete 
| 454|0x000000009c600000, 0x000000009c700000, 0x000000009c700000|100%|HC|  |TAMS 0x000000009c600000, 0x000000009c600000| Complete 
| 455|0x000000009c700000, 0x000000009c800000, 0x000000009c800000|100%|HC|  |TAMS 0x000000009c700000, 0x000000009c700000| Complete 
| 456|0x000000009c800000, 0x000000009c900000, 0x000000009c900000|100%|HC|  |TAMS 0x000000009c800000, 0x000000009c800000| Complete 
| 457|0x000000009c900000, 0x000000009ca00000, 0x000000009ca00000|100%|HC|  |TAMS 0x000000009c900000, 0x000000009c900000| Complete 
| 458|0x000000009ca00000, 0x000000009cb00000, 0x000000009cb00000|100%|HC|  |TAMS 0x000000009ca00000, 0x000000009ca00000| Complete 
| 459|0x000000009cb00000, 0x000000009cc00000, 0x000000009cc00000|100%|HC|  |TAMS 0x000000009cb00000, 0x000000009cb00000| Complete 
| 460|0x000000009cc00000, 0x000000009cd00000, 0x000000009cd00000|100%|HC|  |TAMS 0x000000009cc00000, 0x000000009cc00000| Complete 
| 461|0x000000009cd00000, 0x000000009ce00000, 0x000000009ce00000|100%|HC|  |TAMS 0x000000009cd00000, 0x000000009cd00000| Complete 
| 462|0x000000009ce00000, 0x000000009cf00000, 0x000000009cf00000|100%|HC|  |TAMS 0x000000009ce00000, 0x000000009ce00000| Complete 
| 463|0x000000009cf00000, 0x000000009d000000, 0x000000009d000000|100%|HC|  |TAMS 0x000000009cf00000, 0x000000009cf00000| Complete 
| 464|0x000000009d000000, 0x000000009d100000, 0x000000009d100000|100%|HC|  |TAMS 0x000000009d000000, 0x000000009d000000| Complete 
| 465|0x000000009d100000, 0x000000009d200000, 0x000000009d200000|100%|HS|  |TAMS 0x000000009d100000, 0x000000009d100000| Complete 
| 466|0x000000009d200000, 0x000000009d300000, 0x000000009d300000|100%|HC|  |TAMS 0x000000009d200000, 0x000000009d200000| Complete 
| 467|0x000000009d300000, 0x000000009d400000, 0x000000009d400000|100%|HC|  |TAMS 0x000000009d300000, 0x000000009d300000| Complete 
| 468|0x000000009d400000, 0x000000009d500000, 0x000000009d500000|100%|HC|  |TAMS 0x000000009d400000, 0x000000009d400000| Complete 
| 469|0x000000009d500000, 0x000000009d600000, 0x000000009d600000|100%|HC|  |TAMS 0x000000009d500000, 0x000000009d500000| Complete 
| 470|0x000000009d600000, 0x000000009d700000, 0x000000009d700000|100%|HC|  |TAMS 0x000000009d600000, 0x000000009d600000| Complete 
| 471|0x000000009d700000, 0x000000009d800000, 0x000000009d800000|100%|HC|  |TAMS 0x000000009d700000, 0x000000009d700000| Complete 
| 472|0x000000009d800000, 0x000000009d900000, 0x000000009d900000|100%|HC|  |TAMS 0x000000009d800000, 0x000000009d800000| Complete 
| 473|0x000000009d900000, 0x000000009da00000, 0x000000009da00000|100%|HC|  |TAMS 0x000000009d900000, 0x000000009d900000| Complete 
| 474|0x000000009da00000, 0x000000009db00000, 0x000000009db00000|100%|HC|  |TAMS 0x000000009da00000, 0x000000009da00000| Complete 
| 475|0x000000009db00000, 0x000000009dc00000, 0x000000009dc00000|100%|HC|  |TAMS 0x000000009db00000, 0x000000009db00000| Complete 
| 476|0x000000009dc00000, 0x000000009dd00000, 0x000000009dd00000|100%|HC|  |TAMS 0x000000009dc00000, 0x000000009dc00000| Complete 
| 477|0x000000009dd00000, 0x000000009de00000, 0x000000009de00000|100%|HC|  |TAMS 0x000000009dd00000, 0x000000009dd00000| Complete 
| 478|0x000000009de00000, 0x000000009df00000, 0x000000009df00000|100%|HC|  |TAMS 0x000000009de00000, 0x000000009de00000| Complete 
| 479|0x000000009df00000, 0x000000009e000000, 0x000000009e000000|100%|HC|  |TAMS 0x000000009df00000, 0x000000009df00000| Complete 
| 480|0x000000009e000000, 0x000000009e100000, 0x000000009e100000|100%|HC|  |TAMS 0x000000009e000000, 0x000000009e000000| Complete 
| 481|0x000000009e100000, 0x000000009e200000, 0x000000009e200000|100%|HC|  |TAMS 0x000000009e100000, 0x000000009e100000| Complete 
| 482|0x000000009e200000, 0x000000009e300000, 0x000000009e300000|100%|HC|  |TAMS 0x000000009e200000, 0x000000009e200000| Complete 
| 483|0x000000009e300000, 0x000000009e400000, 0x000000009e400000|100%|HC|  |TAMS 0x000000009e300000, 0x000000009e300000| Complete 
| 484|0x000000009e400000, 0x000000009e400000, 0x000000009e500000|  0%| F|  |TAMS 0x000000009e400000, 0x000000009e400000| Untracked 
| 485|0x000000009e500000, 0x000000009e500000, 0x000000009e600000|  0%| F|  |TAMS 0x000000009e500000, 0x000000009e500000| Untracked 
| 486|0x000000009e600000, 0x000000009e600000, 0x000000009e700000|  0%| F|  |TAMS 0x000000009e600000, 0x000000009e600000| Untracked 
| 487|0x000000009e700000, 0x000000009e700000, 0x000000009e800000|  0%| F|  |TAMS 0x000000009e700000, 0x000000009e700000| Untracked 
| 488|0x000000009e800000, 0x000000009e800000, 0x000000009e900000|  0%| F|  |TAMS 0x000000009e800000, 0x000000009e800000| Untracked 
| 489|0x000000009e900000, 0x000000009e900000, 0x000000009ea00000|  0%| F|  |TAMS 0x000000009e900000, 0x000000009e900000| Untracked 
| 490|0x000000009ea00000, 0x000000009ea00000, 0x000000009eb00000|  0%| F|  |TAMS 0x000000009ea00000, 0x000000009ea00000| Untracked 
| 491|0x000000009eb00000, 0x000000009eb00000, 0x000000009ec00000|  0%| F|  |TAMS 0x000000009eb00000, 0x000000009eb00000| Untracked 
| 492|0x000000009ec00000, 0x000000009ec00000, 0x000000009ed00000|  0%| F|  |TAMS 0x000000009ec00000, 0x000000009ec00000| Untracked 
| 493|0x000000009ed00000, 0x000000009ed00000, 0x000000009ee00000|  0%| F|  |TAMS 0x000000009ed00000, 0x000000009ed00000| Untracked 
| 494|0x000000009ee00000, 0x000000009ee00000, 0x000000009ef00000|  0%| F|  |TAMS 0x000000009ee00000, 0x000000009ee00000| Untracked 
| 495|0x000000009ef00000, 0x000000009ef00000, 0x000000009f000000|  0%| F|  |TAMS 0x000000009ef00000, 0x000000009ef00000| Untracked 
| 496|0x000000009f000000, 0x000000009f000000, 0x000000009f100000|  0%| F|  |TAMS 0x000000009f000000, 0x000000009f000000| Untracked 
| 497|0x000000009f100000, 0x000000009f100000, 0x000000009f200000|  0%| F|  |TAMS 0x000000009f100000, 0x000000009f100000| Untracked 
| 498|0x000000009f200000, 0x000000009f200000, 0x000000009f300000|  0%| F|  |TAMS 0x000000009f200000, 0x000000009f200000| Untracked 
| 499|0x000000009f300000, 0x000000009f300000, 0x000000009f400000|  0%| F|  |TAMS 0x000000009f300000, 0x000000009f300000| Untracked 
| 500|0x000000009f400000, 0x000000009f400000, 0x000000009f500000|  0%| F|  |TAMS 0x000000009f400000, 0x000000009f400000| Untracked 
| 501|0x000000009f500000, 0x000000009f500000, 0x000000009f600000|  0%| F|  |TAMS 0x000000009f500000, 0x000000009f500000| Untracked 
| 502|0x000000009f600000, 0x000000009f600000, 0x000000009f700000|  0%| F|  |TAMS 0x000000009f600000, 0x000000009f600000| Untracked 
| 503|0x000000009f700000, 0x000000009f700000, 0x000000009f800000|  0%| F|  |TAMS 0x000000009f700000, 0x000000009f700000| Untracked 
| 504|0x000000009f800000, 0x000000009f800000, 0x000000009f900000|  0%| F|  |TAMS 0x000000009f800000, 0x000000009f800000| Untracked 
| 505|0x000000009f900000, 0x000000009f900000, 0x000000009fa00000|  0%| F|  |TAMS 0x000000009f900000, 0x000000009f900000| Untracked 
| 506|0x000000009fa00000, 0x000000009fa00000, 0x000000009fb00000|  0%| F|  |TAMS 0x000000009fa00000, 0x000000009fa00000| Untracked 
| 507|0x000000009fb00000, 0x000000009fb00000, 0x000000009fc00000|  0%| F|  |TAMS 0x000000009fb00000, 0x000000009fb00000| Untracked 
| 508|0x000000009fc00000, 0x000000009fc00000, 0x000000009fd00000|  0%| F|  |TAMS 0x000000009fc00000, 0x000000009fc00000| Untracked 
| 509|0x000000009fd00000, 0x000000009fd00000, 0x000000009fe00000|  0%| F|  |TAMS 0x000000009fd00000, 0x000000009fd00000| Untracked 
| 510|0x000000009fe00000, 0x000000009fe00000, 0x000000009ff00000|  0%| F|  |TAMS 0x000000009fe00000, 0x000000009fe00000| Untracked 
| 511|0x000000009ff00000, 0x000000009ff00000, 0x00000000a0000000|  0%| F|  |TAMS 0x000000009ff00000, 0x000000009ff00000| Untracked 
| 512|0x00000000a0000000, 0x00000000a0000000, 0x00000000a0100000|  0%| F|  |TAMS 0x00000000a0000000, 0x00000000a0000000| Untracked 
| 513|0x00000000a0100000, 0x00000000a0100000, 0x00000000a0200000|  0%| F|  |TAMS 0x00000000a0100000, 0x00000000a0100000| Untracked 
| 514|0x00000000a0200000, 0x00000000a0200000, 0x00000000a0300000|  0%| F|  |TAMS 0x00000000a0200000, 0x00000000a0200000| Untracked 
| 515|0x00000000a0300000, 0x00000000a0300000, 0x00000000a0400000|  0%| F|  |TAMS 0x00000000a0300000, 0x00000000a0300000| Untracked 
| 516|0x00000000a0400000, 0x00000000a0400000, 0x00000000a0500000|  0%| F|  |TAMS 0x00000000a0400000, 0x00000000a0400000| Untracked 
| 517|0x00000000a0500000, 0x00000000a0500000, 0x00000000a0600000|  0%| F|  |TAMS 0x00000000a0500000, 0x00000000a0500000| Untracked 
| 518|0x00000000a0600000, 0x00000000a0600000, 0x00000000a0700000|  0%| F|  |TAMS 0x00000000a0600000, 0x00000000a0600000| Untracked 
| 519|0x00000000a0700000, 0x00000000a0700000, 0x00000000a0800000|  0%| F|  |TAMS 0x00000000a0700000, 0x00000000a0700000| Untracked 
| 520|0x00000000a0800000, 0x00000000a0800000, 0x00000000a0900000|  0%| F|  |TAMS 0x00000000a0800000, 0x00000000a0800000| Untracked 
| 521|0x00000000a0900000, 0x00000000a0900000, 0x00000000a0a00000|  0%| F|  |TAMS 0x00000000a0900000, 0x00000000a0900000| Untracked 
| 522|0x00000000a0a00000, 0x00000000a0a00000, 0x00000000a0b00000|  0%| F|  |TAMS 0x00000000a0a00000, 0x00000000a0a00000| Untracked 
| 523|0x00000000a0b00000, 0x00000000a0b00000, 0x00000000a0c00000|  0%| F|  |TAMS 0x00000000a0b00000, 0x00000000a0b00000| Untracked 
| 524|0x00000000a0c00000, 0x00000000a0c00000, 0x00000000a0d00000|  0%| F|  |TAMS 0x00000000a0c00000, 0x00000000a0c00000| Untracked 
| 525|0x00000000a0d00000, 0x00000000a0d00000, 0x00000000a0e00000|  0%| F|  |TAMS 0x00000000a0d00000, 0x00000000a0d00000| Untracked 
| 526|0x00000000a0e00000, 0x00000000a0e00000, 0x00000000a0f00000|  0%| F|  |TAMS 0x00000000a0e00000, 0x00000000a0e00000| Untracked 
| 527|0x00000000a0f00000, 0x00000000a0f00000, 0x00000000a1000000|  0%| F|  |TAMS 0x00000000a0f00000, 0x00000000a0f00000| Untracked 
| 528|0x00000000a1000000, 0x00000000a1000000, 0x00000000a1100000|  0%| F|  |TAMS 0x00000000a1000000, 0x00000000a1000000| Untracked 
| 529|0x00000000a1100000, 0x00000000a1100000, 0x00000000a1200000|  0%| F|  |TAMS 0x00000000a1100000, 0x00000000a1100000| Untracked 
| 530|0x00000000a1200000, 0x00000000a1200000, 0x00000000a1300000|  0%| F|  |TAMS 0x00000000a1200000, 0x00000000a1200000| Untracked 
| 531|0x00000000a1300000, 0x00000000a1300000, 0x00000000a1400000|  0%| F|  |TAMS 0x00000000a1300000, 0x00000000a1300000| Untracked 
| 532|0x00000000a1400000, 0x00000000a1400000, 0x00000000a1500000|  0%| F|  |TAMS 0x00000000a1400000, 0x00000000a1400000| Untracked 
| 533|0x00000000a1500000, 0x00000000a1500000, 0x00000000a1600000|  0%| F|  |TAMS 0x00000000a1500000, 0x00000000a1500000| Untracked 
| 534|0x00000000a1600000, 0x00000000a1600000, 0x00000000a1700000|  0%| F|  |TAMS 0x00000000a1600000, 0x00000000a1600000| Untracked 
| 535|0x00000000a1700000, 0x00000000a1700000, 0x00000000a1800000|  0%| F|  |TAMS 0x00000000a1700000, 0x00000000a1700000| Untracked 
| 536|0x00000000a1800000, 0x00000000a1800000, 0x00000000a1900000|  0%| F|  |TAMS 0x00000000a1800000, 0x00000000a1800000| Untracked 
| 537|0x00000000a1900000, 0x00000000a1900000, 0x00000000a1a00000|  0%| F|  |TAMS 0x00000000a1900000, 0x00000000a1900000| Untracked 
| 538|0x00000000a1a00000, 0x00000000a1a00000, 0x00000000a1b00000|  0%| F|  |TAMS 0x00000000a1a00000, 0x00000000a1a00000| Untracked 
| 539|0x00000000a1b00000, 0x00000000a1b00000, 0x00000000a1c00000|  0%| F|  |TAMS 0x00000000a1b00000, 0x00000000a1b00000| Untracked 
| 540|0x00000000a1c00000, 0x00000000a1c00000, 0x00000000a1d00000|  0%| F|  |TAMS 0x00000000a1c00000, 0x00000000a1c00000| Untracked 
| 541|0x00000000a1d00000, 0x00000000a1d00000, 0x00000000a1e00000|  0%| F|  |TAMS 0x00000000a1d00000, 0x00000000a1d00000| Untracked 
| 542|0x00000000a1e00000, 0x00000000a1e00000, 0x00000000a1f00000|  0%| F|  |TAMS 0x00000000a1e00000, 0x00000000a1e00000| Untracked 
| 543|0x00000000a1f00000, 0x00000000a1f00000, 0x00000000a2000000|  0%| F|  |TAMS 0x00000000a1f00000, 0x00000000a1f00000| Untracked 
| 544|0x00000000a2000000, 0x00000000a2000000, 0x00000000a2100000|  0%| F|  |TAMS 0x00000000a2000000, 0x00000000a2000000| Untracked 
| 545|0x00000000a2100000, 0x00000000a2100000, 0x00000000a2200000|  0%| F|  |TAMS 0x00000000a2100000, 0x00000000a2100000| Untracked 
| 546|0x00000000a2200000, 0x00000000a2200000, 0x00000000a2300000|  0%| F|  |TAMS 0x00000000a2200000, 0x00000000a2200000| Untracked 
| 547|0x00000000a2300000, 0x00000000a2300000, 0x00000000a2400000|  0%| F|  |TAMS 0x00000000a2300000, 0x00000000a2300000| Untracked 
| 548|0x00000000a2400000, 0x00000000a2400000, 0x00000000a2500000|  0%| F|  |TAMS 0x00000000a2400000, 0x00000000a2400000| Untracked 
| 549|0x00000000a2500000, 0x00000000a2500000, 0x00000000a2600000|  0%| F|  |TAMS 0x00000000a2500000, 0x00000000a2500000| Untracked 
| 550|0x00000000a2600000, 0x00000000a2600000, 0x00000000a2700000|  0%| F|  |TAMS 0x00000000a2600000, 0x00000000a2600000| Untracked 
| 551|0x00000000a2700000, 0x00000000a2700000, 0x00000000a2800000|  0%| F|  |TAMS 0x00000000a2700000, 0x00000000a2700000| Untracked 
| 552|0x00000000a2800000, 0x00000000a2800000, 0x00000000a2900000|  0%| F|  |TAMS 0x00000000a2800000, 0x00000000a2800000| Untracked 
| 553|0x00000000a2900000, 0x00000000a2900000, 0x00000000a2a00000|  0%| F|  |TAMS 0x00000000a2900000, 0x00000000a2900000| Untracked 
| 554|0x00000000a2a00000, 0x00000000a2a00000, 0x00000000a2b00000|  0%| F|  |TAMS 0x00000000a2a00000, 0x00000000a2a00000| Untracked 
| 555|0x00000000a2b00000, 0x00000000a2b00000, 0x00000000a2c00000|  0%| F|  |TAMS 0x00000000a2b00000, 0x00000000a2b00000| Untracked 
| 556|0x00000000a2c00000, 0x00000000a2c00000, 0x00000000a2d00000|  0%| F|  |TAMS 0x00000000a2c00000, 0x00000000a2c00000| Untracked 
| 557|0x00000000a2d00000, 0x00000000a2d00000, 0x00000000a2e00000|  0%| F|  |TAMS 0x00000000a2d00000, 0x00000000a2d00000| Untracked 
| 558|0x00000000a2e00000, 0x00000000a2e00000, 0x00000000a2f00000|  0%| F|  |TAMS 0x00000000a2e00000, 0x00000000a2e00000| Untracked 
| 559|0x00000000a2f00000, 0x00000000a2f00000, 0x00000000a3000000|  0%| F|  |TAMS 0x00000000a2f00000, 0x00000000a2f00000| Untracked 
| 560|0x00000000a3000000, 0x00000000a3000000, 0x00000000a3100000|  0%| F|  |TAMS 0x00000000a3000000, 0x00000000a3000000| Untracked 
| 561|0x00000000a3100000, 0x00000000a3100000, 0x00000000a3200000|  0%| F|  |TAMS 0x00000000a3100000, 0x00000000a3100000| Untracked 
| 562|0x00000000a3200000, 0x00000000a3200000, 0x00000000a3300000|  0%| F|  |TAMS 0x00000000a3200000, 0x00000000a3200000| Untracked 
| 563|0x00000000a3300000, 0x00000000a3300000, 0x00000000a3400000|  0%| F|  |TAMS 0x00000000a3300000, 0x00000000a3300000| Untracked 
| 564|0x00000000a3400000, 0x00000000a3400000, 0x00000000a3500000|  0%| F|  |TAMS 0x00000000a3400000, 0x00000000a3400000| Untracked 
| 565|0x00000000a3500000, 0x00000000a3500000, 0x00000000a3600000|  0%| F|  |TAMS 0x00000000a3500000, 0x00000000a3500000| Untracked 
| 566|0x00000000a3600000, 0x00000000a3600000, 0x00000000a3700000|  0%| F|  |TAMS 0x00000000a3600000, 0x00000000a3600000| Untracked 
| 567|0x00000000a3700000, 0x00000000a3700000, 0x00000000a3800000|  0%| F|  |TAMS 0x00000000a3700000, 0x00000000a3700000| Untracked 
| 568|0x00000000a3800000, 0x00000000a3800000, 0x00000000a3900000|  0%| F|  |TAMS 0x00000000a3800000, 0x00000000a3800000| Untracked 
| 569|0x00000000a3900000, 0x00000000a3900000, 0x00000000a3a00000|  0%| F|  |TAMS 0x00000000a3900000, 0x00000000a3900000| Untracked 
| 570|0x00000000a3a00000, 0x00000000a3a00000, 0x00000000a3b00000|  0%| F|  |TAMS 0x00000000a3a00000, 0x00000000a3a00000| Untracked 
| 571|0x00000000a3b00000, 0x00000000a3b00000, 0x00000000a3c00000|  0%| F|  |TAMS 0x00000000a3b00000, 0x00000000a3b00000| Untracked 
| 572|0x00000000a3c00000, 0x00000000a3c00000, 0x00000000a3d00000|  0%| F|  |TAMS 0x00000000a3c00000, 0x00000000a3c00000| Untracked 
| 573|0x00000000a3d00000, 0x00000000a3d00000, 0x00000000a3e00000|  0%| F|  |TAMS 0x00000000a3d00000, 0x00000000a3d00000| Untracked 
| 574|0x00000000a3e00000, 0x00000000a3e00000, 0x00000000a3f00000|  0%| F|  |TAMS 0x00000000a3e00000, 0x00000000a3e00000| Untracked 
| 575|0x00000000a3f00000, 0x00000000a3f00000, 0x00000000a4000000|  0%| F|  |TAMS 0x00000000a3f00000, 0x00000000a3f00000| Untracked 
| 576|0x00000000a4000000, 0x00000000a4000000, 0x00000000a4100000|  0%| F|  |TAMS 0x00000000a4000000, 0x00000000a4000000| Untracked 
| 577|0x00000000a4100000, 0x00000000a4100000, 0x00000000a4200000|  0%| F|  |TAMS 0x00000000a4100000, 0x00000000a4100000| Untracked 
| 578|0x00000000a4200000, 0x00000000a4200000, 0x00000000a4300000|  0%| F|  |TAMS 0x00000000a4200000, 0x00000000a4200000| Untracked 
| 579|0x00000000a4300000, 0x00000000a4300000, 0x00000000a4400000|  0%| F|  |TAMS 0x00000000a4300000, 0x00000000a4300000| Untracked 
| 580|0x00000000a4400000, 0x00000000a4400000, 0x00000000a4500000|  0%| F|  |TAMS 0x00000000a4400000, 0x00000000a4400000| Untracked 
| 581|0x00000000a4500000, 0x00000000a4500000, 0x00000000a4600000|  0%| F|  |TAMS 0x00000000a4500000, 0x00000000a4500000| Untracked 
| 582|0x00000000a4600000, 0x00000000a4600000, 0x00000000a4700000|  0%| F|  |TAMS 0x00000000a4600000, 0x00000000a4600000| Untracked 
| 583|0x00000000a4700000, 0x00000000a4700000, 0x00000000a4800000|  0%| F|  |TAMS 0x00000000a4700000, 0x00000000a4700000| Untracked 
| 584|0x00000000a4800000, 0x00000000a4800000, 0x00000000a4900000|  0%| F|  |TAMS 0x00000000a4800000, 0x00000000a4800000| Untracked 
| 585|0x00000000a4900000, 0x00000000a4900000, 0x00000000a4a00000|  0%| F|  |TAMS 0x00000000a4900000, 0x00000000a4900000| Untracked 
| 586|0x00000000a4a00000, 0x00000000a4a00000, 0x00000000a4b00000|  0%| F|  |TAMS 0x00000000a4a00000, 0x00000000a4a00000| Untracked 
| 587|0x00000000a4b00000, 0x00000000a4b00000, 0x00000000a4c00000|  0%| F|  |TAMS 0x00000000a4b00000, 0x00000000a4b00000| Untracked 
| 588|0x00000000a4c00000, 0x00000000a4c00000, 0x00000000a4d00000|  0%| F|  |TAMS 0x00000000a4c00000, 0x00000000a4c00000| Untracked 
| 589|0x00000000a4d00000, 0x00000000a4d00000, 0x00000000a4e00000|  0%| F|  |TAMS 0x00000000a4d00000, 0x00000000a4d00000| Untracked 
| 590|0x00000000a4e00000, 0x00000000a4e00000, 0x00000000a4f00000|  0%| F|  |TAMS 0x00000000a4e00000, 0x00000000a4e00000| Untracked 
| 591|0x00000000a4f00000, 0x00000000a4f00000, 0x00000000a5000000|  0%| F|  |TAMS 0x00000000a4f00000, 0x00000000a4f00000| Untracked 
| 592|0x00000000a5000000, 0x00000000a5000000, 0x00000000a5100000|  0%| F|  |TAMS 0x00000000a5000000, 0x00000000a5000000| Untracked 
| 593|0x00000000a5100000, 0x00000000a5100000, 0x00000000a5200000|  0%| F|  |TAMS 0x00000000a5100000, 0x00000000a5100000| Untracked 
| 594|0x00000000a5200000, 0x00000000a5200000, 0x00000000a5300000|  0%| F|  |TAMS 0x00000000a5200000, 0x00000000a5200000| Untracked 
| 595|0x00000000a5300000, 0x00000000a5300000, 0x00000000a5400000|  0%| F|  |TAMS 0x00000000a5300000, 0x00000000a5300000| Untracked 
| 596|0x00000000a5400000, 0x00000000a5400000, 0x00000000a5500000|  0%| F|  |TAMS 0x00000000a5400000, 0x00000000a5400000| Untracked 
| 597|0x00000000a5500000, 0x00000000a5500000, 0x00000000a5600000|  0%| F|  |TAMS 0x00000000a5500000, 0x00000000a5500000| Untracked 
| 598|0x00000000a5600000, 0x00000000a5600000, 0x00000000a5700000|  0%| F|  |TAMS 0x00000000a5600000, 0x00000000a5600000| Untracked 
| 599|0x00000000a5700000, 0x00000000a5700000, 0x00000000a5800000|  0%| F|  |TAMS 0x00000000a5700000, 0x00000000a5700000| Untracked 
| 600|0x00000000a5800000, 0x00000000a5800000, 0x00000000a5900000|  0%| F|  |TAMS 0x00000000a5800000, 0x00000000a5800000| Untracked 
| 601|0x00000000a5900000, 0x00000000a5900000, 0x00000000a5a00000|  0%| F|  |TAMS 0x00000000a5900000, 0x00000000a5900000| Untracked 
| 602|0x00000000a5a00000, 0x00000000a5a00000, 0x00000000a5b00000|  0%| F|  |TAMS 0x00000000a5a00000, 0x00000000a5a00000| Untracked 
| 603|0x00000000a5b00000, 0x00000000a5b00000, 0x00000000a5c00000|  0%| F|  |TAMS 0x00000000a5b00000, 0x00000000a5b00000| Untracked 
| 604|0x00000000a5c00000, 0x00000000a5c00000, 0x00000000a5d00000|  0%| F|  |TAMS 0x00000000a5c00000, 0x00000000a5c00000| Untracked 
| 605|0x00000000a5d00000, 0x00000000a5d00000, 0x00000000a5e00000|  0%| F|  |TAMS 0x00000000a5d00000, 0x00000000a5d00000| Untracked 
| 606|0x00000000a5e00000, 0x00000000a5e00000, 0x00000000a5f00000|  0%| F|  |TAMS 0x00000000a5e00000, 0x00000000a5e00000| Untracked 
| 607|0x00000000a5f00000, 0x00000000a5f00000, 0x00000000a6000000|  0%| F|  |TAMS 0x00000000a5f00000, 0x00000000a5f00000| Untracked 
| 608|0x00000000a6000000, 0x00000000a6000000, 0x00000000a6100000|  0%| F|  |TAMS 0x00000000a6000000, 0x00000000a6000000| Untracked 
| 609|0x00000000a6100000, 0x00000000a6100000, 0x00000000a6200000|  0%| F|  |TAMS 0x00000000a6100000, 0x00000000a6100000| Untracked 
| 610|0x00000000a6200000, 0x00000000a6200000, 0x00000000a6300000|  0%| F|  |TAMS 0x00000000a6200000, 0x00000000a6200000| Untracked 
| 611|0x00000000a6300000, 0x00000000a6300000, 0x00000000a6400000|  0%| F|  |TAMS 0x00000000a6300000, 0x00000000a6300000| Untracked 
| 612|0x00000000a6400000, 0x00000000a6400000, 0x00000000a6500000|  0%| F|  |TAMS 0x00000000a6400000, 0x00000000a6400000| Untracked 
| 613|0x00000000a6500000, 0x00000000a6500000, 0x00000000a6600000|  0%| F|  |TAMS 0x00000000a6500000, 0x00000000a6500000| Untracked 
| 614|0x00000000a6600000, 0x00000000a6600000, 0x00000000a6700000|  0%| F|  |TAMS 0x00000000a6600000, 0x00000000a6600000| Untracked 
| 615|0x00000000a6700000, 0x00000000a6700000, 0x00000000a6800000|  0%| F|  |TAMS 0x00000000a6700000, 0x00000000a6700000| Untracked 
| 616|0x00000000a6800000, 0x00000000a6800000, 0x00000000a6900000|  0%| F|  |TAMS 0x00000000a6800000, 0x00000000a6800000| Untracked 
| 617|0x00000000a6900000, 0x00000000a6900000, 0x00000000a6a00000|  0%| F|  |TAMS 0x00000000a6900000, 0x00000000a6900000| Untracked 
| 618|0x00000000a6a00000, 0x00000000a6a00000, 0x00000000a6b00000|  0%| F|  |TAMS 0x00000000a6a00000, 0x00000000a6a00000| Untracked 
| 619|0x00000000a6b00000, 0x00000000a6b00000, 0x00000000a6c00000|  0%| F|  |TAMS 0x00000000a6b00000, 0x00000000a6b00000| Untracked 
| 620|0x00000000a6c00000, 0x00000000a6c00000, 0x00000000a6d00000|  0%| F|  |TAMS 0x00000000a6c00000, 0x00000000a6c00000| Untracked 
| 621|0x00000000a6d00000, 0x00000000a6d00000, 0x00000000a6e00000|  0%| F|  |TAMS 0x00000000a6d00000, 0x00000000a6d00000| Untracked 
| 622|0x00000000a6e00000, 0x00000000a6e00000, 0x00000000a6f00000|  0%| F|  |TAMS 0x00000000a6e00000, 0x00000000a6e00000| Untracked 
| 623|0x00000000a6f00000, 0x00000000a6f00000, 0x00000000a7000000|  0%| F|  |TAMS 0x00000000a6f00000, 0x00000000a6f00000| Untracked 
| 624|0x00000000a7000000, 0x00000000a7000000, 0x00000000a7100000|  0%| F|  |TAMS 0x00000000a7000000, 0x00000000a7000000| Untracked 
| 625|0x00000000a7100000, 0x00000000a7100000, 0x00000000a7200000|  0%| F|  |TAMS 0x00000000a7100000, 0x00000000a7100000| Untracked 
| 626|0x00000000a7200000, 0x00000000a7200000, 0x00000000a7300000|  0%| F|  |TAMS 0x00000000a7200000, 0x00000000a7200000| Untracked 
| 627|0x00000000a7300000, 0x00000000a7300000, 0x00000000a7400000|  0%| F|  |TAMS 0x00000000a7300000, 0x00000000a7300000| Untracked 
| 628|0x00000000a7400000, 0x00000000a7400000, 0x00000000a7500000|  0%| F|  |TAMS 0x00000000a7400000, 0x00000000a7400000| Untracked 
| 629|0x00000000a7500000, 0x00000000a7500000, 0x00000000a7600000|  0%| F|  |TAMS 0x00000000a7500000, 0x00000000a7500000| Untracked 
| 630|0x00000000a7600000, 0x00000000a7600000, 0x00000000a7700000|  0%| F|  |TAMS 0x00000000a7600000, 0x00000000a7600000| Untracked 
| 631|0x00000000a7700000, 0x00000000a7700000, 0x00000000a7800000|  0%| F|  |TAMS 0x00000000a7700000, 0x00000000a7700000| Untracked 
| 632|0x00000000a7800000, 0x00000000a7800000, 0x00000000a7900000|  0%| F|  |TAMS 0x00000000a7800000, 0x00000000a7800000| Untracked 
| 633|0x00000000a7900000, 0x00000000a7900000, 0x00000000a7a00000|  0%| F|  |TAMS 0x00000000a7900000, 0x00000000a7900000| Untracked 
| 634|0x00000000a7a00000, 0x00000000a7a00000, 0x00000000a7b00000|  0%| F|  |TAMS 0x00000000a7a00000, 0x00000000a7a00000| Untracked 
| 635|0x00000000a7b00000, 0x00000000a7b00000, 0x00000000a7c00000|  0%| F|  |TAMS 0x00000000a7b00000, 0x00000000a7b00000| Untracked 
| 636|0x00000000a7c00000, 0x00000000a7c00000, 0x00000000a7d00000|  0%| F|  |TAMS 0x00000000a7c00000, 0x00000000a7c00000| Untracked 
| 637|0x00000000a7d00000, 0x00000000a7d00000, 0x00000000a7e00000|  0%| F|  |TAMS 0x00000000a7d00000, 0x00000000a7d00000| Untracked 
| 638|0x00000000a7e00000, 0x00000000a7e00000, 0x00000000a7f00000|  0%| F|  |TAMS 0x00000000a7e00000, 0x00000000a7e00000| Untracked 
| 639|0x00000000a7f00000, 0x00000000a7f00000, 0x00000000a8000000|  0%| F|  |TAMS 0x00000000a7f00000, 0x00000000a7f00000| Untracked 
| 640|0x00000000a8000000, 0x00000000a8000000, 0x00000000a8100000|  0%| F|  |TAMS 0x00000000a8000000, 0x00000000a8000000| Untracked 
| 641|0x00000000a8100000, 0x00000000a8100000, 0x00000000a8200000|  0%| F|  |TAMS 0x00000000a8100000, 0x00000000a8100000| Untracked 
| 642|0x00000000a8200000, 0x00000000a8200000, 0x00000000a8300000|  0%| F|  |TAMS 0x00000000a8200000, 0x00000000a8200000| Untracked 
| 643|0x00000000a8300000, 0x00000000a83bc220, 0x00000000a8400000| 73%| S|CS|TAMS 0x00000000a8300000, 0x00000000a8300000| Complete 
| 644|0x00000000a8400000, 0x00000000a8500000, 0x00000000a8500000|100%| S|CS|TAMS 0x00000000a8400000, 0x00000000a8400000| Complete 
| 645|0x00000000a8500000, 0x00000000a8600000, 0x00000000a8600000|100%| S|CS|TAMS 0x00000000a8500000, 0x00000000a8500000| Complete 
| 646|0x00000000a8600000, 0x00000000a8700000, 0x00000000a8700000|100%| S|CS|TAMS 0x00000000a8600000, 0x00000000a8600000| Complete 
| 647|0x00000000a8700000, 0x00000000a8800000, 0x00000000a8800000|100%| S|CS|TAMS 0x00000000a8700000, 0x00000000a8700000| Complete 
| 648|0x00000000a8800000, 0x00000000a8900000, 0x00000000a8900000|100%| S|CS|TAMS 0x00000000a8800000, 0x00000000a8800000| Complete 
| 649|0x00000000a8900000, 0x00000000a8a00000, 0x00000000a8a00000|100%| S|CS|TAMS 0x00000000a8900000, 0x00000000a8900000| Complete 
| 650|0x00000000a8a00000, 0x00000000a8b00000, 0x00000000a8b00000|100%| S|CS|TAMS 0x00000000a8a00000, 0x00000000a8a00000| Complete 
| 651|0x00000000a8b00000, 0x00000000a8c00000, 0x00000000a8c00000|100%| S|CS|TAMS 0x00000000a8b00000, 0x00000000a8b00000| Complete 
| 652|0x00000000a8c00000, 0x00000000a8c00000, 0x00000000a8d00000|  0%| F|  |TAMS 0x00000000a8c00000, 0x00000000a8c00000| Untracked 
| 653|0x00000000a8d00000, 0x00000000a8d00000, 0x00000000a8e00000|  0%| F|  |TAMS 0x00000000a8d00000, 0x00000000a8d00000| Untracked 
| 654|0x00000000a8e00000, 0x00000000a8e00000, 0x00000000a8f00000|  0%| F|  |TAMS 0x00000000a8e00000, 0x00000000a8e00000| Untracked 
| 655|0x00000000a8f00000, 0x00000000a8f00000, 0x00000000a9000000|  0%| F|  |TAMS 0x00000000a8f00000, 0x00000000a8f00000| Untracked 
| 656|0x00000000a9000000, 0x00000000a9000000, 0x00000000a9100000|  0%| F|  |TAMS 0x00000000a9000000, 0x00000000a9000000| Untracked 
| 657|0x00000000a9100000, 0x00000000a9100000, 0x00000000a9200000|  0%| F|  |TAMS 0x00000000a9100000, 0x00000000a9100000| Untracked 
| 658|0x00000000a9200000, 0x00000000a9200000, 0x00000000a9300000|  0%| F|  |TAMS 0x00000000a9200000, 0x00000000a9200000| Untracked 
| 659|0x00000000a9300000, 0x00000000a9300000, 0x00000000a9400000|  0%| F|  |TAMS 0x00000000a9300000, 0x00000000a9300000| Untracked 
| 660|0x00000000a9400000, 0x00000000a9400000, 0x00000000a9500000|  0%| F|  |TAMS 0x00000000a9400000, 0x00000000a9400000| Untracked 
| 661|0x00000000a9500000, 0x00000000a9500000, 0x00000000a9600000|  0%| F|  |TAMS 0x00000000a9500000, 0x00000000a9500000| Untracked 
| 662|0x00000000a9600000, 0x00000000a9600000, 0x00000000a9700000|  0%| F|  |TAMS 0x00000000a9600000, 0x00000000a9600000| Untracked 
| 663|0x00000000a9700000, 0x00000000a9700000, 0x00000000a9800000|  0%| F|  |TAMS 0x00000000a9700000, 0x00000000a9700000| Untracked 
| 664|0x00000000a9800000, 0x00000000a9800000, 0x00000000a9900000|  0%| F|  |TAMS 0x00000000a9800000, 0x00000000a9800000| Untracked 
| 665|0x00000000a9900000, 0x00000000a9900000, 0x00000000a9a00000|  0%| F|  |TAMS 0x00000000a9900000, 0x00000000a9900000| Untracked 
| 666|0x00000000a9a00000, 0x00000000a9a00000, 0x00000000a9b00000|  0%| F|  |TAMS 0x00000000a9a00000, 0x00000000a9a00000| Untracked 
| 667|0x00000000a9b00000, 0x00000000a9b00000, 0x00000000a9c00000|  0%| F|  |TAMS 0x00000000a9b00000, 0x00000000a9b00000| Untracked 
| 668|0x00000000a9c00000, 0x00000000a9c00000, 0x00000000a9d00000|  0%| F|  |TAMS 0x00000000a9c00000, 0x00000000a9c00000| Untracked 
| 669|0x00000000a9d00000, 0x00000000a9d00000, 0x00000000a9e00000|  0%| F|  |TAMS 0x00000000a9d00000, 0x00000000a9d00000| Untracked 
| 670|0x00000000a9e00000, 0x00000000a9e00000, 0x00000000a9f00000|  0%| F|  |TAMS 0x00000000a9e00000, 0x00000000a9e00000| Untracked 
| 671|0x00000000a9f00000, 0x00000000a9f00000, 0x00000000aa000000|  0%| F|  |TAMS 0x00000000a9f00000, 0x00000000a9f00000| Untracked 
| 672|0x00000000aa000000, 0x00000000aa000000, 0x00000000aa100000|  0%| F|  |TAMS 0x00000000aa000000, 0x00000000aa000000| Untracked 
| 673|0x00000000aa100000, 0x00000000aa100000, 0x00000000aa200000|  0%| F|  |TAMS 0x00000000aa100000, 0x00000000aa100000| Untracked 
| 674|0x00000000aa200000, 0x00000000aa200000, 0x00000000aa300000|  0%| F|  |TAMS 0x00000000aa200000, 0x00000000aa200000| Untracked 
| 675|0x00000000aa300000, 0x00000000aa300000, 0x00000000aa400000|  0%| F|  |TAMS 0x00000000aa300000, 0x00000000aa300000| Untracked 
| 676|0x00000000aa400000, 0x00000000aa400000, 0x00000000aa500000|  0%| F|  |TAMS 0x00000000aa400000, 0x00000000aa400000| Untracked 
| 677|0x00000000aa500000, 0x00000000aa500000, 0x00000000aa600000|  0%| F|  |TAMS 0x00000000aa500000, 0x00000000aa500000| Untracked 
| 678|0x00000000aa600000, 0x00000000aa600000, 0x00000000aa700000|  0%| F|  |TAMS 0x00000000aa600000, 0x00000000aa600000| Untracked 
| 679|0x00000000aa700000, 0x00000000aa700000, 0x00000000aa800000|  0%| F|  |TAMS 0x00000000aa700000, 0x00000000aa700000| Untracked 
| 680|0x00000000aa800000, 0x00000000aa847958, 0x00000000aa900000| 28%| E|  |TAMS 0x00000000aa800000, 0x00000000aa800000| Complete 
| 681|0x00000000aa900000, 0x00000000aaa00000, 0x00000000aaa00000|100%| E|CS|TAMS 0x00000000aa900000, 0x00000000aa900000| Complete 
| 682|0x00000000aaa00000, 0x00000000aab00000, 0x00000000aab00000|100%| E|CS|TAMS 0x00000000aaa00000, 0x00000000aaa00000| Complete 
| 683|0x00000000aab00000, 0x00000000aac00000, 0x00000000aac00000|100%| E|  |TAMS 0x00000000aab00000, 0x00000000aab00000| Complete 
| 684|0x00000000aac00000, 0x00000000aad00000, 0x00000000aad00000|100%| E|CS|TAMS 0x00000000aac00000, 0x00000000aac00000| Complete 
| 685|0x00000000aad00000, 0x00000000aae00000, 0x00000000aae00000|100%| E|CS|TAMS 0x00000000aad00000, 0x00000000aad00000| Complete 
| 686|0x00000000aae00000, 0x00000000aaf00000, 0x00000000aaf00000|100%| E|CS|TAMS 0x00000000aae00000, 0x00000000aae00000| Complete 
| 687|0x00000000aaf00000, 0x00000000ab000000, 0x00000000ab000000|100%| E|CS|TAMS 0x00000000aaf00000, 0x00000000aaf00000| Complete 
| 688|0x00000000ab000000, 0x00000000ab100000, 0x00000000ab100000|100%| E|CS|TAMS 0x00000000ab000000, 0x00000000ab000000| Complete 
| 689|0x00000000ab100000, 0x00000000ab200000, 0x00000000ab200000|100%| E|CS|TAMS 0x00000000ab100000, 0x00000000ab100000| Complete 
| 690|0x00000000ab200000, 0x00000000ab300000, 0x00000000ab300000|100%| E|CS|TAMS 0x00000000ab200000, 0x00000000ab200000| Complete 
| 691|0x00000000ab300000, 0x00000000ab400000, 0x00000000ab400000|100%| E|CS|TAMS 0x00000000ab300000, 0x00000000ab300000| Complete 
| 692|0x00000000ab400000, 0x00000000ab500000, 0x00000000ab500000|100%| E|CS|TAMS 0x00000000ab400000, 0x00000000ab400000| Complete 
| 693|0x00000000ab500000, 0x00000000ab600000, 0x00000000ab600000|100%| E|CS|TAMS 0x00000000ab500000, 0x00000000ab500000| Complete 
| 694|0x00000000ab600000, 0x00000000ab700000, 0x00000000ab700000|100%| E|CS|TAMS 0x00000000ab600000, 0x00000000ab600000| Complete 
| 695|0x00000000ab700000, 0x00000000ab800000, 0x00000000ab800000|100%| E|CS|TAMS 0x00000000ab700000, 0x00000000ab700000| Complete 
| 696|0x00000000ab800000, 0x00000000ab900000, 0x00000000ab900000|100%| E|CS|TAMS 0x00000000ab800000, 0x00000000ab800000| Complete 
| 697|0x00000000ab900000, 0x00000000aba00000, 0x00000000aba00000|100%| E|CS|TAMS 0x00000000ab900000, 0x00000000ab900000| Complete 
| 698|0x00000000aba00000, 0x00000000abb00000, 0x00000000abb00000|100%| E|CS|TAMS 0x00000000aba00000, 0x00000000aba00000| Complete 
| 699|0x00000000abb00000, 0x00000000abc00000, 0x00000000abc00000|100%| E|CS|TAMS 0x00000000abb00000, 0x00000000abb00000| Complete 
| 700|0x00000000abc00000, 0x00000000abd00000, 0x00000000abd00000|100%| E|CS|TAMS 0x00000000abc00000, 0x00000000abc00000| Complete 
| 701|0x00000000abd00000, 0x00000000abe00000, 0x00000000abe00000|100%| E|CS|TAMS 0x00000000abd00000, 0x00000000abd00000| Complete 
| 702|0x00000000abe00000, 0x00000000abf00000, 0x00000000abf00000|100%| E|CS|TAMS 0x00000000abe00000, 0x00000000abe00000| Complete 
| 703|0x00000000abf00000, 0x00000000ac000000, 0x00000000ac000000|100%| E|CS|TAMS 0x00000000abf00000, 0x00000000abf00000| Complete 
| 704|0x00000000ac000000, 0x00000000ac100000, 0x00000000ac100000|100%| E|CS|TAMS 0x00000000ac000000, 0x00000000ac000000| Complete 
| 705|0x00000000ac100000, 0x00000000ac200000, 0x00000000ac200000|100%| E|CS|TAMS 0x00000000ac100000, 0x00000000ac100000| Complete 
| 706|0x00000000ac200000, 0x00000000ac300000, 0x00000000ac300000|100%| E|CS|TAMS 0x00000000ac200000, 0x00000000ac200000| Complete 
| 707|0x00000000ac300000, 0x00000000ac400000, 0x00000000ac400000|100%| E|CS|TAMS 0x00000000ac300000, 0x00000000ac300000| Complete 
| 708|0x00000000ac400000, 0x00000000ac500000, 0x00000000ac500000|100%| E|CS|TAMS 0x00000000ac400000, 0x00000000ac400000| Complete 
| 709|0x00000000ac500000, 0x00000000ac600000, 0x00000000ac600000|100%| E|CS|TAMS 0x00000000ac500000, 0x00000000ac500000| Complete 
| 710|0x00000000ac600000, 0x00000000ac700000, 0x00000000ac700000|100%| E|CS|TAMS 0x00000000ac600000, 0x00000000ac600000| Complete 
| 711|0x00000000ac700000, 0x00000000ac800000, 0x00000000ac800000|100%| E|CS|TAMS 0x00000000ac700000, 0x00000000ac700000| Complete 
| 712|0x00000000ac800000, 0x00000000ac900000, 0x00000000ac900000|100%| E|CS|TAMS 0x00000000ac800000, 0x00000000ac800000| Complete 
| 713|0x00000000ac900000, 0x00000000aca00000, 0x00000000aca00000|100%| E|CS|TAMS 0x00000000ac900000, 0x00000000ac900000| Complete 
| 714|0x00000000aca00000, 0x00000000acb00000, 0x00000000acb00000|100%| E|CS|TAMS 0x00000000aca00000, 0x00000000aca00000| Complete 
| 715|0x00000000acb00000, 0x00000000acc00000, 0x00000000acc00000|100%| E|CS|TAMS 0x00000000acb00000, 0x00000000acb00000| Complete 
| 716|0x00000000acc00000, 0x00000000acd00000, 0x00000000acd00000|100%| E|CS|TAMS 0x00000000acc00000, 0x00000000acc00000| Complete 
| 717|0x00000000acd00000, 0x00000000ace00000, 0x00000000ace00000|100%| E|CS|TAMS 0x00000000acd00000, 0x00000000acd00000| Complete 
| 718|0x00000000ace00000, 0x00000000acf00000, 0x00000000acf00000|100%| E|CS|TAMS 0x00000000ace00000, 0x00000000ace00000| Complete 
| 719|0x00000000acf00000, 0x00000000ad000000, 0x00000000ad000000|100%| E|CS|TAMS 0x00000000acf00000, 0x00000000acf00000| Complete 
| 720|0x00000000ad000000, 0x00000000ad100000, 0x00000000ad100000|100%| E|CS|TAMS 0x00000000ad000000, 0x00000000ad000000| Complete 
| 721|0x00000000ad100000, 0x00000000ad200000, 0x00000000ad200000|100%| E|CS|TAMS 0x00000000ad100000, 0x00000000ad100000| Complete 
| 722|0x00000000ad200000, 0x00000000ad300000, 0x00000000ad300000|100%| E|CS|TAMS 0x00000000ad200000, 0x00000000ad200000| Complete 
| 723|0x00000000ad300000, 0x00000000ad400000, 0x00000000ad400000|100%| E|CS|TAMS 0x00000000ad300000, 0x00000000ad300000| Complete 
| 724|0x00000000ad400000, 0x00000000ad500000, 0x00000000ad500000|100%| E|CS|TAMS 0x00000000ad400000, 0x00000000ad400000| Complete 
| 725|0x00000000ad500000, 0x00000000ad600000, 0x00000000ad600000|100%| E|CS|TAMS 0x00000000ad500000, 0x00000000ad500000| Complete 
| 726|0x00000000ad600000, 0x00000000ad700000, 0x00000000ad700000|100%| E|CS|TAMS 0x00000000ad600000, 0x00000000ad600000| Complete 
| 727|0x00000000ad700000, 0x00000000ad800000, 0x00000000ad800000|100%| E|CS|TAMS 0x00000000ad700000, 0x00000000ad700000| Complete 
| 728|0x00000000ad800000, 0x00000000ad900000, 0x00000000ad900000|100%| E|CS|TAMS 0x00000000ad800000, 0x00000000ad800000| Complete 
| 729|0x00000000ad900000, 0x00000000ada00000, 0x00000000ada00000|100%| E|CS|TAMS 0x00000000ad900000, 0x00000000ad900000| Complete 
| 730|0x00000000ada00000, 0x00000000adb00000, 0x00000000adb00000|100%| E|CS|TAMS 0x00000000ada00000, 0x00000000ada00000| Complete 
| 731|0x00000000adb00000, 0x00000000adc00000, 0x00000000adc00000|100%| E|CS|TAMS 0x00000000adb00000, 0x00000000adb00000| Complete 
| 732|0x00000000adc00000, 0x00000000add00000, 0x00000000add00000|100%| E|CS|TAMS 0x00000000adc00000, 0x00000000adc00000| Complete 
| 733|0x00000000add00000, 0x00000000ade00000, 0x00000000ade00000|100%| E|CS|TAMS 0x00000000add00000, 0x00000000add00000| Complete 
| 734|0x00000000ade00000, 0x00000000adf00000, 0x00000000adf00000|100%| E|CS|TAMS 0x00000000ade00000, 0x00000000ade00000| Complete 
| 735|0x00000000adf00000, 0x00000000ae000000, 0x00000000ae000000|100%| E|CS|TAMS 0x00000000adf00000, 0x00000000adf00000| Complete 
| 736|0x00000000ae000000, 0x00000000ae100000, 0x00000000ae100000|100%| E|CS|TAMS 0x00000000ae000000, 0x00000000ae000000| Complete 
| 737|0x00000000ae100000, 0x00000000ae200000, 0x00000000ae200000|100%| E|CS|TAMS 0x00000000ae100000, 0x00000000ae100000| Complete 
| 738|0x00000000ae200000, 0x00000000ae300000, 0x00000000ae300000|100%| E|CS|TAMS 0x00000000ae200000, 0x00000000ae200000| Complete 
| 739|0x00000000ae300000, 0x00000000ae400000, 0x00000000ae400000|100%| E|CS|TAMS 0x00000000ae300000, 0x00000000ae300000| Complete 
| 740|0x00000000ae400000, 0x00000000ae500000, 0x00000000ae500000|100%| E|CS|TAMS 0x00000000ae400000, 0x00000000ae400000| Complete 
| 741|0x00000000ae500000, 0x00000000ae600000, 0x00000000ae600000|100%| E|CS|TAMS 0x00000000ae500000, 0x00000000ae500000| Complete 
| 742|0x00000000ae600000, 0x00000000ae700000, 0x00000000ae700000|100%| E|CS|TAMS 0x00000000ae600000, 0x00000000ae600000| Complete 
| 743|0x00000000ae700000, 0x00000000ae800000, 0x00000000ae800000|100%| E|CS|TAMS 0x00000000ae700000, 0x00000000ae700000| Complete 
| 744|0x00000000ae800000, 0x00000000ae900000, 0x00000000ae900000|100%| E|CS|TAMS 0x00000000ae800000, 0x00000000ae800000| Complete 
| 745|0x00000000ae900000, 0x00000000aea00000, 0x00000000aea00000|100%| E|CS|TAMS 0x00000000ae900000, 0x00000000ae900000| Complete 
| 746|0x00000000aea00000, 0x00000000aeb00000, 0x00000000aeb00000|100%| E|CS|TAMS 0x00000000aea00000, 0x00000000aea00000| Complete 
| 747|0x00000000aeb00000, 0x00000000aec00000, 0x00000000aec00000|100%| E|CS|TAMS 0x00000000aeb00000, 0x00000000aeb00000| Complete 
| 748|0x00000000aec00000, 0x00000000aed00000, 0x00000000aed00000|100%| E|CS|TAMS 0x00000000aec00000, 0x00000000aec00000| Complete 
| 749|0x00000000aed00000, 0x00000000aee00000, 0x00000000aee00000|100%| E|CS|TAMS 0x00000000aed00000, 0x00000000aed00000| Complete 
| 750|0x00000000aee00000, 0x00000000aef00000, 0x00000000aef00000|100%| E|CS|TAMS 0x00000000aee00000, 0x00000000aee00000| Complete 
| 751|0x00000000aef00000, 0x00000000af000000, 0x00000000af000000|100%| E|CS|TAMS 0x00000000aef00000, 0x00000000aef00000| Complete 
| 752|0x00000000af000000, 0x00000000af100000, 0x00000000af100000|100%| E|CS|TAMS 0x00000000af000000, 0x00000000af000000| Complete 
| 753|0x00000000af100000, 0x00000000af200000, 0x00000000af200000|100%| E|CS|TAMS 0x00000000af100000, 0x00000000af100000| Complete 
| 754|0x00000000af200000, 0x00000000af300000, 0x00000000af300000|100%| E|CS|TAMS 0x00000000af200000, 0x00000000af200000| Complete 
| 755|0x00000000af300000, 0x00000000af400000, 0x00000000af400000|100%| E|CS|TAMS 0x00000000af300000, 0x00000000af300000| Complete 
| 756|0x00000000af400000, 0x00000000af500000, 0x00000000af500000|100%| E|CS|TAMS 0x00000000af400000, 0x00000000af400000| Complete 
| 757|0x00000000af500000, 0x00000000af600000, 0x00000000af600000|100%| E|CS|TAMS 0x00000000af500000, 0x00000000af500000| Complete 
| 758|0x00000000af600000, 0x00000000af700000, 0x00000000af700000|100%| E|CS|TAMS 0x00000000af600000, 0x00000000af600000| Complete 
| 759|0x00000000af700000, 0x00000000af800000, 0x00000000af800000|100%| E|CS|TAMS 0x00000000af700000, 0x00000000af700000| Complete 
| 760|0x00000000af800000, 0x00000000af900000, 0x00000000af900000|100%| E|CS|TAMS 0x00000000af800000, 0x00000000af800000| Complete 
| 761|0x00000000af900000, 0x00000000afa00000, 0x00000000afa00000|100%| E|CS|TAMS 0x00000000af900000, 0x00000000af900000| Complete 
| 762|0x00000000afa00000, 0x00000000afb00000, 0x00000000afb00000|100%| E|CS|TAMS 0x00000000afa00000, 0x00000000afa00000| Complete 
| 763|0x00000000afb00000, 0x00000000afc00000, 0x00000000afc00000|100%| E|CS|TAMS 0x00000000afb00000, 0x00000000afb00000| Complete 
| 764|0x00000000afc00000, 0x00000000afd00000, 0x00000000afd00000|100%| E|CS|TAMS 0x00000000afc00000, 0x00000000afc00000| Complete 
| 765|0x00000000afd00000, 0x00000000afe00000, 0x00000000afe00000|100%| E|CS|TAMS 0x00000000afd00000, 0x00000000afd00000| Complete 
| 766|0x00000000afe00000, 0x00000000aff00000, 0x00000000aff00000|100%| E|CS|TAMS 0x00000000afe00000, 0x00000000afe00000| Complete 
| 767|0x00000000aff00000, 0x00000000b0000000, 0x00000000b0000000|100%| E|CS|TAMS 0x00000000aff00000, 0x00000000aff00000| Complete 
| 768|0x00000000b0000000, 0x00000000b0100000, 0x00000000b0100000|100%| E|CS|TAMS 0x00000000b0000000, 0x00000000b0000000| Complete 
| 769|0x00000000b0100000, 0x00000000b0200000, 0x00000000b0200000|100%| E|CS|TAMS 0x00000000b0100000, 0x00000000b0100000| Complete 
| 770|0x00000000b0200000, 0x00000000b0300000, 0x00000000b0300000|100%| E|CS|TAMS 0x00000000b0200000, 0x00000000b0200000| Complete 
| 771|0x00000000b0300000, 0x00000000b0400000, 0x00000000b0400000|100%| E|CS|TAMS 0x00000000b0300000, 0x00000000b0300000| Complete 
| 772|0x00000000b0400000, 0x00000000b0500000, 0x00000000b0500000|100%| E|CS|TAMS 0x00000000b0400000, 0x00000000b0400000| Complete 
| 773|0x00000000b0500000, 0x00000000b0600000, 0x00000000b0600000|100%| E|CS|TAMS 0x00000000b0500000, 0x00000000b0500000| Complete 
| 774|0x00000000b0600000, 0x00000000b0700000, 0x00000000b0700000|100%| E|CS|TAMS 0x00000000b0600000, 0x00000000b0600000| Complete 
| 775|0x00000000b0700000, 0x00000000b0800000, 0x00000000b0800000|100%| E|CS|TAMS 0x00000000b0700000, 0x00000000b0700000| Complete 
| 776|0x00000000b0800000, 0x00000000b0900000, 0x00000000b0900000|100%| E|CS|TAMS 0x00000000b0800000, 0x00000000b0800000| Complete 
| 777|0x00000000b0900000, 0x00000000b0a00000, 0x00000000b0a00000|100%| E|CS|TAMS 0x00000000b0900000, 0x00000000b0900000| Complete 
| 778|0x00000000b0a00000, 0x00000000b0b00000, 0x00000000b0b00000|100%| E|CS|TAMS 0x00000000b0a00000, 0x00000000b0a00000| Complete 
| 779|0x00000000b0b00000, 0x00000000b0c00000, 0x00000000b0c00000|100%| E|CS|TAMS 0x00000000b0b00000, 0x00000000b0b00000| Complete 

Card table byte_map: [0x0000029962b50000,0x0000029962f50000] _byte_map_base: 0x0000029962750000

Marking Bits (Prev, Next): (CMBitMap*) 0x000002994b92c2e0, (CMBitMap*) 0x000002994b92c320
 Prev Bits: [0x0000029963350000, 0x0000029965350000)
 Next Bits: [0x0000029965350000, 0x0000029967350000)

Polling page: 0x00000299497d0000

Metaspace:

Usage:
  Non-class:    140.27 MB used.
      Class:     21.95 MB used.
       Both:    162.22 MB used.

Virtual space:
  Non-class space:      192.00 MB reserved,     141.19 MB ( 74%) committed,  3 nodes.
      Class space:      416.00 MB reserved,      22.81 MB (  5%) committed,  1 nodes.
             Both:      608.00 MB reserved,     164.00 MB ( 27%) committed. 

Chunk freelists:
   Non-Class:  2.41 MB
       Class:  9.04 MB
        Both:  11.45 MB

MaxMetaspaceSize: 512.00 MB
CompressedClassSpaceSize: 416.00 MB
Initial GC threshold: 21.00 MB
Current GC threshold: 271.19 MB
CDS: on
MetaspaceReclaimPolicy: balanced
 - commit_granule_bytes: 65536.
 - commit_granule_words: 8192.
 - virtual_space_node_default_size: 8388608.
 - enlarge_chunks_in_place: 1.
 - new_chunks_are_fully_committed: 0.
 - uncommit_free_chunks: 1.
 - use_allocation_guard: 0.
 - handle_deallocations: 1.


Internal statistics:

num_allocs_failed_limit: 6.
num_arena_births: 2882.
num_arena_deaths: 40.
num_vsnodes_births: 4.
num_vsnodes_deaths: 0.
num_space_committed: 2630.
num_space_uncommitted: 8.
num_chunks_returned_to_freelist: 109.
num_chunks_taken_from_freelist: 10681.
num_chunk_merges: 29.
num_chunk_splits: 6837.
num_chunks_enlarged: 4306.
num_inconsistent_stats: 0.

CodeHeap 'non-profiled nmethods': size=120000Kb used=22343Kb max_used=22343Kb free=97656Kb
 bounds [0x000002995aef0000, 0x000002995c4d0000, 0x0000029962420000]
CodeHeap 'profiled nmethods': size=120000Kb used=52278Kb max_used=52278Kb free=67721Kb
 bounds [0x0000029953420000, 0x0000029956740000, 0x000002995a950000]
CodeHeap 'non-nmethods': size=5760Kb used=1872Kb max_used=1967Kb free=3887Kb
 bounds [0x000002995a950000, 0x000002995abc0000, 0x000002995aef0000]
 total_blobs=26807 nmethods=25815 adapters=903
 compilation: enabled
              stopped_count=0, restarted_count=0
 full_count=0

Compilation events (20 events):
Event: 200.969 Thread 0x0000029969dcc7f0 nmethod 32998 0x000002995c4b5510 code [0x000002995c4b56c0, 0x000002995c4b5e68]
Event: 202.920 Thread 0x0000029969dcd2a0 32999       3       java.util.concurrent.ScheduledThreadPoolExecutor$DelayedWorkQueue::take (5 bytes)
Event: 202.920 Thread 0x0000029969dcd2a0 nmethod 32999 0x0000029956726310 code [0x00000299567264c0, 0x0000029956726608]
Event: 202.920 Thread 0x0000029969dcd2a0 33000   !   3       java.util.concurrent.ScheduledThreadPoolExecutor$DelayedWorkQueue::take (203 bytes)
Event: 202.924 Thread 0x0000029969dcd2a0 nmethod 33000 0x0000029956726690 code [0x0000029956726a40, 0x0000029956728268]
Event: 206.001 Thread 0x0000029969dcd2a0 33001       3       java.util.concurrent.ScheduledThreadPoolExecutor$ScheduledFutureTask::run (57 bytes)
Event: 206.002 Thread 0x0000029969dcd2a0 nmethod 33001 0x0000029956728d10 code [0x0000029956728f20, 0x0000029956729398]
Event: 206.002 Thread 0x0000029969dcd2a0 33002   !   3       java.util.concurrent.FutureTask::runAndReset (125 bytes)
Event: 206.006 Thread 0x0000029969dcd2a0 nmethod 33002 0x0000029956729510 code [0x0000029956729960, 0x000002995672bac8]
Event: 209.920 Thread 0x0000029969dcd2a0 33003       3       java.util.concurrent.LinkedBlockingDeque::linkLast (69 bytes)
Event: 209.921 Thread 0x0000029969dcd2a0 nmethod 33003 0x000002995672c590 code [0x000002995672c7a0, 0x000002995672cdc8]
Event: 212.923 Thread 0x0000029969dcc7f0 33004 %     4       javax.management.ObjectName::construct @ 86 (1135 bytes)
Event: 213.830 Thread 0x0000029969dcc7f0 nmethod 33004% 0x000002995c4b6290 code [0x000002995c4b66e0, 0x000002995c4be038]
Event: 220.489 Thread 0x0000029969dcd2a0 33005       3       org.gradle.internal.serialize.InputStreamBackedDecoder::readBoolean (8 bytes)
Event: 220.490 Thread 0x0000029969dcd2a0 nmethod 33005 0x000002995672d010 code [0x000002995672d1e0, 0x000002995672d5b8]
Event: 220.490 Thread 0x0000029969dcd2a0 33006       3       java.io.DataInputStream::readBoolean (13 bytes)
Event: 220.491 Thread 0x0000029969dcd2a0 nmethod 33006 0x000002995672d710 code [0x000002995672d8e0, 0x000002995672dc58]
Event: 228.920 Thread 0x0000029969dcc7f0 33007       4       java.util.HashMap$HashMapSpliterator::getFence (53 bytes)
Event: 228.921 Thread 0x0000029969dcc7f0 nmethod 33007 0x000002995c4c1b90 code [0x000002995c4c1d20, 0x000002995c4c1dd8]
Event: 233.925 Thread 0x0000029969dcc7f0 33008 %     4       javax.management.ObjectName::construct @ 448 (1135 bytes)

GC Heap History (20 events):
Event: 144.445 GC heap before
{Heap before GC invocations=89 (full 0):
 garbage-first heap   total 585728K, used 469060K [0x0000000080000000, 0x0000000100000000)
  region size 1024K, 155 young (158720K), 3 survivors (3072K)
 Metaspace       used 160706K, committed 162368K, reserved 622592K
  class space    used 21922K, committed 22720K, reserved 425984K
}
Event: 144.535 GC heap after
{Heap after GC invocations=90 (full 0):
 garbage-first heap   total 585728K, used 368547K [0x0000000080000000, 0x0000000100000000)
  region size 1024K, 20 young (20480K), 20 survivors (20480K)
 Metaspace       used 160706K, committed 162368K, reserved 622592K
  class space    used 21922K, committed 22720K, reserved 425984K
}
Event: 145.975 GC heap before
{Heap before GC invocations=90 (full 0):
 garbage-first heap   total 585728K, used 460707K [0x0000000080000000, 0x0000000100000000)
  region size 1024K, 111 young (113664K), 20 survivors (20480K)
 Metaspace       used 160967K, committed 162688K, reserved 622592K
  class space    used 21950K, committed 22784K, reserved 425984K
}
Event: 146.087 GC heap after
{Heap after GC invocations=91 (full 0):
 garbage-first heap   total 585728K, used 413696K [0x0000000080000000, 0x0000000100000000)
  region size 1024K, 14 young (14336K), 14 survivors (14336K)
 Metaspace       used 160967K, committed 162688K, reserved 622592K
  class space    used 21950K, committed 22784K, reserved 425984K
}
Event: 149.003 GC heap before
{Heap before GC invocations=92 (full 0):
 garbage-first heap   total 705536K, used 466944K [0x0000000080000000, 0x0000000100000000)
  region size 1024K, 72 young (73728K), 14 survivors (14336K)
 Metaspace       used 162321K, committed 164032K, reserved 622592K
  class space    used 22085K, committed 22912K, reserved 425984K
}
Event: 149.052 GC heap after
{Heap after GC invocations=93 (full 0):
 garbage-first heap   total 705536K, used 417125K [0x0000000080000000, 0x0000000100000000)
  region size 1024K, 7 young (7168K), 7 survivors (7168K)
 Metaspace       used 162321K, committed 164032K, reserved 622592K
  class space    used 22085K, committed 22912K, reserved 425984K
}
Event: 152.860 GC heap before
{Heap before GC invocations=93 (full 0):
 garbage-first heap   total 705536K, used 443749K [0x0000000080000000, 0x0000000100000000)
  region size 1024K, 34 young (34816K), 7 survivors (7168K)
 Metaspace       used 163186K, committed 164928K, reserved 622592K
  class space    used 22181K, committed 23040K, reserved 425984K
}
Event: 152.891 GC heap after
{Heap after GC invocations=94 (full 0):
 garbage-first heap   total 705536K, used 412542K [0x0000000080000000, 0x0000000100000000)
  region size 1024K, 2 young (2048K), 2 survivors (2048K)
 Metaspace       used 163186K, committed 164928K, reserved 622592K
  class space    used 22181K, committed 23040K, reserved 425984K
}
Event: 162.586 GC heap before
{Heap before GC invocations=94 (full 0):
 garbage-first heap   total 705536K, used 541566K [0x0000000080000000, 0x0000000100000000)
  region size 1024K, 129 young (132096K), 2 survivors (2048K)
 Metaspace       used 164540K, committed 166272K, reserved 622592K
  class space    used 22328K, committed 23168K, reserved 425984K
}
Event: 162.615 GC heap after
{Heap after GC invocations=95 (full 0):
 garbage-first heap   total 705536K, used 422400K [0x0000000080000000, 0x0000000100000000)
  region size 1024K, 11 young (11264K), 11 survivors (11264K)
 Metaspace       used 164540K, committed 166272K, reserved 622592K
  class space    used 22328K, committed 23168K, reserved 425984K
}
Event: 162.758 GC heap before
{Heap before GC invocations=95 (full 0):
 garbage-first heap   total 705536K, used 423424K [0x0000000080000000, 0x0000000100000000)
  region size 1024K, 13 young (13312K), 11 survivors (11264K)
 Metaspace       used 164541K, committed 166272K, reserved 622592K
  class space    used 22328K, committed 23168K, reserved 425984K
}
Event: 162.780 GC heap after
{Heap after GC invocations=96 (full 0):
 garbage-first heap   total 705536K, used 423540K [0x0000000080000000, 0x0000000100000000)
  region size 1024K, 2 young (2048K), 2 survivors (2048K)
 Metaspace       used 164541K, committed 166272K, reserved 622592K
  class space    used 22328K, committed 23168K, reserved 425984K
}
Event: 168.489 GC heap before
{Heap before GC invocations=97 (full 0):
 garbage-first heap   total 723968K, used 561780K [0x0000000080000000, 0x0000000100000000)
  region size 1024K, 137 young (140288K), 2 survivors (2048K)
 Metaspace       used 164688K, committed 166400K, reserved 622592K
  class space    used 22338K, committed 23168K, reserved 425984K
}
Event: 168.529 GC heap after
{Heap after GC invocations=98 (full 0):
 garbage-first heap   total 723968K, used 433461K [0x0000000080000000, 0x0000000100000000)
  region size 1024K, 11 young (11264K), 11 survivors (11264K)
 Metaspace       used 164688K, committed 166400K, reserved 622592K
  class space    used 22338K, committed 23168K, reserved 425984K
}
Event: 169.169 GC heap before
{Heap before GC invocations=98 (full 0):
 garbage-first heap   total 723968K, used 459061K [0x0000000080000000, 0x0000000100000000)
  region size 1024K, 35 young (35840K), 11 survivors (11264K)
 Metaspace       used 164695K, committed 166400K, reserved 622592K
  class space    used 22338K, committed 23168K, reserved 425984K
}
Event: 169.244 GC heap after
{Heap after GC invocations=99 (full 0):
 garbage-first heap   total 723968K, used 423808K [0x0000000080000000, 0x0000000100000000)
  region size 1024K, 5 young (5120K), 5 survivors (5120K)
 Metaspace       used 164695K, committed 166400K, reserved 622592K
  class space    used 22338K, committed 23168K, reserved 425984K
}
Event: 171.221 GC heap before
{Heap before GC invocations=99 (full 0):
 garbage-first heap   total 723968K, used 551808K [0x0000000080000000, 0x0000000100000000)
  region size 1024K, 118 young (120832K), 5 survivors (5120K)
 Metaspace       used 164789K, committed 166528K, reserved 622592K
  class space    used 22339K, committed 23168K, reserved 425984K
}
Event: 171.234 GC heap after
{Heap after GC invocations=100 (full 0):
 garbage-first heap   total 723968K, used 442000K [0x0000000080000000, 0x0000000100000000)
  region size 1024K, 10 young (10240K), 10 survivors (10240K)
 Metaspace       used 164789K, committed 166528K, reserved 622592K
  class space    used 22339K, committed 23168K, reserved 425984K
}
Event: 172.199 GC heap before
{Heap before GC invocations=100 (full 0):
 garbage-first heap   total 723968K, used 507536K [0x0000000080000000, 0x0000000100000000)
  region size 1024K, 65 young (66560K), 10 survivors (10240K)
 Metaspace       used 164813K, committed 166528K, reserved 622592K
  class space    used 22339K, committed 23168K, reserved 425984K
}
Event: 172.210 GC heap after
{Heap after GC invocations=101 (full 0):
 garbage-first heap   total 723968K, used 451953K [0x0000000080000000, 0x0000000100000000)
  region size 1024K, 9 young (9216K), 9 survivors (9216K)
 Metaspace       used 164813K, committed 166528K, reserved 622592K
  class space    used 22339K, committed 23168K, reserved 425984K
}

Dll operation events (16 events):
Event: 0.042 Loaded shared library C:\Program Files\Eclipse Adoptium\jdk-17.0.16.8-hotspot\bin\java.dll
Event: 0.115 Loaded shared library C:\Program Files\Eclipse Adoptium\jdk-17.0.16.8-hotspot\bin\jsvml.dll
Event: 0.327 Loaded shared library C:\Program Files\Eclipse Adoptium\jdk-17.0.16.8-hotspot\bin\zip.dll
Event: 0.334 Loaded shared library C:\Program Files\Eclipse Adoptium\jdk-17.0.16.8-hotspot\bin\instrument.dll
Event: 0.344 Loaded shared library C:\Program Files\Eclipse Adoptium\jdk-17.0.16.8-hotspot\bin\net.dll
Event: 0.348 Loaded shared library C:\Program Files\Eclipse Adoptium\jdk-17.0.16.8-hotspot\bin\nio.dll
Event: 0.357 Loaded shared library C:\Program Files\Eclipse Adoptium\jdk-17.0.16.8-hotspot\bin\zip.dll
Event: 1.882 Loaded shared library C:\Program Files\Eclipse Adoptium\jdk-17.0.16.8-hotspot\bin\jimage.dll
Event: 3.273 Loaded shared library C:\Program Files\Eclipse Adoptium\jdk-17.0.16.8-hotspot\bin\verify.dll
Event: 3.389 Loaded shared library C:\Users\dell\.gradle\native\1def1411415f61bf3af743bc5b6707747c0891f09f0c88961ee8f79bc544acac\windows-amd64\native-platform.dll
Event: 3.432 Loaded shared library C:\Users\dell\.gradle\native\0.2.8\x86_64-windows-gnu\gradle-fileevents.dll
Event: 7.808 Loaded shared library C:\Program Files\Eclipse Adoptium\jdk-17.0.16.8-hotspot\bin\management.dll
Event: 7.817 Loaded shared library C:\Program Files\Eclipse Adoptium\jdk-17.0.16.8-hotspot\bin\management_ext.dll
Event: 9.436 Loaded shared library C:\Program Files\Eclipse Adoptium\jdk-17.0.16.8-hotspot\bin\extnet.dll
Event: 10.597 Loaded shared library C:\Program Files\Eclipse Adoptium\jdk-17.0.16.8-hotspot\bin\sunmscapi.dll
Event: 121.523 Loaded shared library C:\Program Files\Eclipse Adoptium\jdk-17.0.16.8-hotspot\bin\rmi.dll

Deoptimization events (20 events):
Event: 195.793 Thread 0x000002996e836f90 Uncommon trap: trap_request=0xffffffc6 fr.pc=0x000002995b3ab0b4 relative=0x0000000000000094
Event: 195.793 Thread 0x000002996e836f90 Uncommon trap: reason=bimorphic_or_optimized_type_check action=maybe_recompile pc=0x000002995b3ab0b4 method=com.google.common.collect.AbstractMapBasedMultimap$KeySet$1.hasNext()Z @ 4 c2
Event: 195.793 Thread 0x000002996e836f90 DEOPT PACKING pc=0x000002995b3ab0b4 sp=0x000000b2819fa850
Event: 195.793 Thread 0x000002996e836f90 DEOPT UNPACKING pc=0x000002995a9a69a3 sp=0x000000b2819fa7d8 mode 2
Event: 195.793 Thread 0x000002996e836f90 Uncommon trap: trap_request=0xffffffc6 fr.pc=0x000002995b8f26a8 relative=0x0000000000000668
Event: 195.793 Thread 0x000002996e836f90 Uncommon trap: reason=bimorphic_or_optimized_type_check action=maybe_recompile pc=0x000002995b8f26a8 method=com.google.common.collect.AbstractMapBasedMultimap$KeySet$1.next()Ljava/lang/Object; @ 5 c2
Event: 195.793 Thread 0x000002996e836f90 DEOPT PACKING pc=0x000002995b8f26a8 sp=0x000000b2819fa810
Event: 195.793 Thread 0x000002996e836f90 DEOPT UNPACKING pc=0x000002995a9a69a3 sp=0x000000b2819fa7d0 mode 2
Event: 195.793 Thread 0x000002996e836f90 Uncommon trap: trap_request=0xffffffc6 fr.pc=0x000002995b3ab0b4 relative=0x0000000000000094
Event: 195.793 Thread 0x000002996e836f90 Uncommon trap: reason=bimorphic_or_optimized_type_check action=maybe_recompile pc=0x000002995b3ab0b4 method=com.google.common.collect.AbstractMapBasedMultimap$KeySet$1.hasNext()Z @ 4 c2
Event: 195.793 Thread 0x000002996e836f90 DEOPT PACKING pc=0x000002995b3ab0b4 sp=0x000000b2819fa850
Event: 195.793 Thread 0x000002996e836f90 DEOPT UNPACKING pc=0x000002995a9a69a3 sp=0x000000b2819fa7d8 mode 2
Event: 195.894 Thread 0x0000029972ae3d10 Uncommon trap: trap_request=0xffffffde fr.pc=0x000002995be519e8 relative=0x00000000000009c8
Event: 195.894 Thread 0x0000029972ae3d10 Uncommon trap: reason=class_check action=maybe_recompile pc=0x000002995be519e8 method=com.google.common.collect.ImmutableMap.copyOf(Ljava/util/Map;)Lcom/google/common/collect/ImmutableMap; @ 49 c2
Event: 195.894 Thread 0x0000029972ae3d10 DEOPT PACKING pc=0x000002995be519e8 sp=0x000000b2818fab90
Event: 195.894 Thread 0x0000029972ae3d10 DEOPT UNPACKING pc=0x000002995a9a69a3 sp=0x000000b2818fab68 mode 2
Event: 195.894 Thread 0x0000029972ae3d10 Uncommon trap: trap_request=0xffffffde fr.pc=0x000002995b52af3c relative=0x000000000000085c
Event: 195.894 Thread 0x0000029972ae3d10 Uncommon trap: reason=class_check action=maybe_recompile pc=0x000002995b52af3c method=com.google.common.collect.Iterables.castOrCopyToCollection(Ljava/lang/Iterable;)Ljava/util/Collection; @ 1 c2
Event: 195.894 Thread 0x0000029972ae3d10 DEOPT PACKING pc=0x000002995b52af3c sp=0x000000b2818fab20
Event: 195.894 Thread 0x0000029972ae3d10 DEOPT UNPACKING pc=0x000002995a9a69a3 sp=0x000000b2818faa20 mode 2

Classes loaded (20 events):
Event: 141.613 Loading class java/util/concurrent/atomic/AtomicIntegerFieldUpdater$AtomicIntegerFieldUpdaterImpl$1
Event: 141.613 Loading class java/util/concurrent/atomic/AtomicIntegerFieldUpdater$AtomicIntegerFieldUpdaterImpl$1 done
Event: 141.696 Loading class java/util/concurrent/atomic/AtomicLongFieldUpdater
Event: 141.696 Loading class java/util/concurrent/atomic/AtomicLongFieldUpdater done
Event: 141.697 Loading class java/util/concurrent/atomic/AtomicLongFieldUpdater$CASUpdater
Event: 141.697 Loading class java/util/concurrent/atomic/AtomicLongFieldUpdater$CASUpdater done
Event: 141.697 Loading class java/util/concurrent/atomic/AtomicLongFieldUpdater$CASUpdater$1
Event: 141.697 Loading class java/util/concurrent/atomic/AtomicLongFieldUpdater$CASUpdater$1 done
Event: 142.443 Loading class java/util/concurrent/ForkJoinTask$AdaptedCallable
Event: 142.443 Loading class java/util/concurrent/ForkJoinTask$AdaptedCallable done
Event: 142.443 Loading class java/util/concurrent/ForkJoinPool$DefaultForkJoinWorkerThreadFactory$1
Event: 142.444 Loading class java/util/concurrent/ForkJoinPool$DefaultForkJoinWorkerThreadFactory$1 done
Event: 142.579 Loading class java/nio/HeapShortBuffer
Event: 142.580 Loading class java/nio/HeapShortBuffer done
Event: 147.070 Loading class jdk/internal/reflect/UnsafeQualifiedBooleanFieldAccessorImpl
Event: 147.071 Loading class jdk/internal/reflect/UnsafeQualifiedBooleanFieldAccessorImpl done
Event: 192.384 Loading class jdk/internal/reflect/UnsafeByteFieldAccessorImpl
Event: 192.386 Loading class jdk/internal/reflect/UnsafeByteFieldAccessorImpl done
Event: 196.804 Loading class java/rmi/server/Unreferenced
Event: 196.804 Loading class java/rmi/server/Unreferenced done

Classes unloaded (20 events):
Event: 136.739 Thread 0x0000029969da29a0 Unloading class 0x0000029902236dc8 'jdk/internal/jimage/BasicImageReader$2'
Event: 136.739 Thread 0x0000029969da29a0 Unloading class 0x0000029902236b98 'jdk/internal/jimage/BasicImageReader$1'
Event: 136.739 Thread 0x0000029969da29a0 Unloading class 0x0000029902236930 'jdk/internal/jimage/ImageReader$Resource'
Event: 136.739 Thread 0x0000029969da29a0 Unloading class 0x00000299022366c8 'jdk/internal/jimage/ImageReader$LinkNode'
Event: 136.739 Thread 0x0000029969da29a0 Unloading class 0x0000029902236460 'jdk/internal/jimage/ImageReader$Directory'
Event: 136.739 Thread 0x0000029969da29a0 Unloading class 0x00000299022361f8 'jdk/internal/jimage/ImageReader$Node'
Event: 136.739 Thread 0x0000029969da29a0 Unloading class 0x0000029902236000 'jdk/internal/jimage/ImageStrings'
Event: 136.739 Thread 0x0000029969da29a0 Unloading class 0x0000029902235b50 'jdk/internal/jimage/ImageReader$SharedImageReader'
Event: 136.739 Thread 0x0000029969da29a0 Unloading class 0x0000029902235890 'jdk/internal/jimage/BasicImageReader'
Event: 136.739 Thread 0x0000029969da29a0 Unloading class 0x0000029902235670 'jdk/internal/jimage/ImageReader'
Event: 136.739 Thread 0x0000029969da29a0 Unloading class 0x0000029902235448 'jdk/internal/jrtfs/SystemImage$2'
Event: 136.739 Thread 0x0000029969da29a0 Unloading class 0x0000029902235230 'jdk/internal/jrtfs/SystemImage$$Lambda$2789+0x0000029902235230'
Event: 136.739 Thread 0x0000029969da29a0 Unloading class 0x0000029902235000 'jdk/internal/jrtfs/ExplodedImage'
Event: 136.739 Thread 0x0000029969da29a0 Unloading class 0x0000029902234dc8 'jdk/internal/jrtfs/SystemImage$1'
Event: 136.739 Thread 0x0000029969da29a0 Unloading class 0x0000029902234bb0 'jdk/internal/jrtfs/SystemImage'
Event: 136.739 Thread 0x0000029969da29a0 Unloading class 0x0000029902234950 'jdk/internal/jrtfs/JrtFileStore'
Event: 136.739 Thread 0x0000029969da29a0 Unloading class 0x00000299022345d8 'jdk/internal/jrtfs/JrtPath'
Event: 136.739 Thread 0x0000029969da29a0 Unloading class 0x00000299022342e0 'jdk/internal/jrtfs/JrtFileSystem'
Event: 136.739 Thread 0x0000029969da29a0 Unloading class 0x0000029902234000 'jdk/internal/jrtfs/JrtFileSystemProvider'
Event: 146.850 Thread 0x0000029969da29a0 Unloading class 0x0000029902510800 'java/lang/invoke/LambdaForm$DMH+0x0000029902510800'

Classes redefined (0 events):
No events

Internal exceptions (20 events):
Event: 195.887 Thread 0x000002997bf6f5c0 Exception <a 'sun/nio/fs/WindowsException'{0x00000000aab8d258}> (0x00000000aab8d258) 
thrown [s\src\hotspot\share\prims\jni.cpp, line 516]
Event: 195.890 Thread 0x000002997bf6f5c0 Exception <a 'sun/nio/fs/WindowsException'{0x00000000aab8f8e8}> (0x00000000aab8f8e8) 
thrown [s\src\hotspot\share\prims\jni.cpp, line 516]
Event: 195.894 Thread 0x000002997bf6f5c0 Exception <a 'sun/nio/fs/WindowsException'{0x00000000aab91f20}> (0x00000000aab91f20) 
thrown [s\src\hotspot\share\prims\jni.cpp, line 516]
Event: 195.897 Thread 0x000002997bf6f5c0 Exception <a 'sun/nio/fs/WindowsException'{0x00000000aab945d8}> (0x00000000aab945d8) 
thrown [s\src\hotspot\share\prims\jni.cpp, line 516]
Event: 195.900 Thread 0x000002997bf6f5c0 Exception <a 'sun/nio/fs/WindowsException'{0x00000000aab96c68}> (0x00000000aab96c68) 
thrown [s\src\hotspot\share\prims\jni.cpp, line 516]
Event: 195.903 Thread 0x000002997bf6f5c0 Exception <a 'sun/nio/fs/WindowsException'{0x00000000aab99f70}> (0x00000000aab99f70) 
thrown [s\src\hotspot\share\prims\jni.cpp, line 516]
Event: 195.907 Thread 0x000002997bf6f5c0 Exception <a 'sun/nio/fs/WindowsException'{0x00000000aab9c630}> (0x00000000aab9c630) 
thrown [s\src\hotspot\share\prims\jni.cpp, line 516]
Event: 195.910 Thread 0x000002997bf6f5c0 Exception <a 'sun/nio/fs/WindowsException'{0x00000000aab9ed78}> (0x00000000aab9ed78) 
thrown [s\src\hotspot\share\prims\jni.cpp, line 516]
Event: 195.915 Thread 0x000002997bf6f5c0 Exception <a 'sun/nio/fs/WindowsException'{0x00000000aaba1450}> (0x00000000aaba1450) 
thrown [s\src\hotspot\share\prims\jni.cpp, line 516]
Event: 195.918 Thread 0x000002997bf6f5c0 Exception <a 'sun/nio/fs/WindowsException'{0x00000000aaba3d20}> (0x00000000aaba3d20) 
thrown [s\src\hotspot\share\prims\jni.cpp, line 516]
Event: 195.921 Thread 0x000002997bf6f5c0 Exception <a 'sun/nio/fs/WindowsException'{0x00000000aaba63e8}> (0x00000000aaba63e8) 
thrown [s\src\hotspot\share\prims\jni.cpp, line 516]
Event: 195.923 Thread 0x000002997bf6f5c0 Exception <a 'sun/nio/fs/WindowsException'{0x00000000aaba8aa0}> (0x00000000aaba8aa0) 
thrown [s\src\hotspot\share\prims\jni.cpp, line 516]
Event: 195.926 Thread 0x000002997bf6f5c0 Exception <a 'sun/nio/fs/WindowsException'{0x00000000aabab180}> (0x00000000aabab180) 
thrown [s\src\hotspot\share\prims\jni.cpp, line 516]
Event: 195.932 Thread 0x000002997bf6f5c0 Exception <a 'sun/nio/fs/WindowsException'{0x00000000aabb2390}> (0x00000000aabb2390) 
thrown [s\src\hotspot\share\prims\jni.cpp, line 516]
Event: 195.944 Thread 0x000002997bf6f5c0 Exception <a 'sun/nio/fs/WindowsException'{0x00000000aabd7448}> (0x00000000aabd7448) 
thrown [s\src\hotspot\share\prims\jni.cpp, line 516]
Event: 195.947 Thread 0x000002997bf6f5c0 Exception <a 'sun/nio/fs/WindowsException'{0x00000000aabda3c8}> (0x00000000aabda3c8) 
thrown [s\src\hotspot\share\prims\jni.cpp, line 516]
Event: 195.956 Thread 0x000002997bf6f5c0 Exception <a 'sun/nio/fs/WindowsException'{0x00000000aabdce68}> (0x00000000aabdce68) 
thrown [s\src\hotspot\share\prims\jni.cpp, line 516]
Event: 195.959 Thread 0x000002997bf6f5c0 Exception <a 'sun/nio/fs/WindowsException'{0x00000000aabe05c0}> (0x00000000aabe05c0) 
thrown [s\src\hotspot\share\prims\jni.cpp, line 516]
Event: 195.963 Thread 0x000002997bf6f5c0 Exception <a 'sun/nio/fs/WindowsException'{0x00000000aabe62b8}> (0x00000000aabe62b8) 
thrown [s\src\hotspot\share\prims\jni.cpp, line 516]
Event: 195.966 Thread 0x000002997bf6f5c0 Exception <a 'sun/nio/fs/WindowsException'{0x00000000aabe8c20}> (0x00000000aabe8c20) 
thrown [s\src\hotspot\share\prims\jni.cpp, line 516]

VM Operations (20 events):
Event: 190.390 Executing VM operation: Cleanup
Event: 190.391 Executing VM operation: Cleanup done
Event: 191.391 Executing VM operation: Cleanup
Event: 191.391 Executing VM operation: Cleanup done
Event: 192.392 Executing VM operation: Cleanup
Event: 192.392 Executing VM operation: Cleanup done
Event: 193.392 Executing VM operation: Cleanup
Event: 193.393 Executing VM operation: Cleanup done
Event: 194.393 Executing VM operation: Cleanup
Event: 194.393 Executing VM operation: Cleanup done
Event: 195.172 Executing VM operation: HandshakeAllThreads
Event: 195.173 Executing VM operation: HandshakeAllThreads done
Event: 195.815 Executing VM operation: ICBufferFull
Event: 195.815 Executing VM operation: ICBufferFull done
Event: 196.816 Executing VM operation: Cleanup
Event: 196.816 Executing VM operation: Cleanup done
Event: 202.818 Executing VM operation: Cleanup
Event: 202.818 Executing VM operation: Cleanup done
Event: 231.832 Executing VM operation: Cleanup
Event: 231.832 Executing VM operation: Cleanup done

Memory protections (0 events):
No events

Nmethod flushes (20 events):
Event: 171.939 Thread 0x000002996e016870 flushing  nmethod 0x000002995653d090
Event: 171.939 Thread 0x000002996e016870 flushing  nmethod 0x000002995653d510
Event: 171.939 Thread 0x000002996e016870 flushing  nmethod 0x000002995653ed10
Event: 171.939 Thread 0x000002996e016870 flushing  nmethod 0x000002995653f290
Event: 171.939 Thread 0x000002996e016870 flushing  nmethod 0x000002995653f710
Event: 171.939 Thread 0x000002996e016870 flushing  nmethod 0x000002995653fb90
Event: 171.939 Thread 0x000002996e016870 flushing  nmethod 0x0000029956540190
Event: 171.939 Thread 0x000002996e016870 flushing  nmethod 0x0000029956540b90
Event: 171.939 Thread 0x000002996e016870 flushing  nmethod 0x0000029956540f10
Event: 171.939 Thread 0x000002996e016870 flushing  nmethod 0x0000029956541310
Event: 171.939 Thread 0x000002996e016870 flushing  nmethod 0x0000029956544410
Event: 171.939 Thread 0x000002996e016870 flushing  nmethod 0x0000029956544990
Event: 171.939 Thread 0x000002996e016870 flushing  nmethod 0x0000029956544f90
Event: 171.939 Thread 0x000002996e016870 flushing  nmethod 0x0000029956545a10
Event: 171.939 Thread 0x000002996e016870 flushing  nmethod 0x0000029956549990
Event: 171.939 Thread 0x000002996e016870 flushing  nmethod 0x000002995654a290
Event: 171.939 Thread 0x000002996e016870 flushing  nmethod 0x000002995654d710
Event: 171.939 Thread 0x000002996e016870 flushing  nmethod 0x000002995654da90
Event: 171.939 Thread 0x000002996e016870 flushing  nmethod 0x000002995654e110
Event: 171.939 Thread 0x000002996e016870 flushing  nmethod 0x000002995654e710

Events (20 events):
Event: 167.032 Thread 0x0000029970c250c0 Thread exited: 0x0000029970c250c0
Event: 167.124 Thread 0x0000029969dcd2a0 Thread added: 0x000002997b6d3690
Event: 167.233 Thread 0x000002997b6d3690 Thread exited: 0x000002997b6d3690
Event: 167.484 Thread 0x0000029969dcd2a0 Thread added: 0x000002997b6d3690
Event: 167.565 Thread 0x0000029969dcd2a0 Thread added: 0x000002997b6d3140
Event: 172.572 Thread 0x000002997b6d3140 Thread exited: 0x000002997b6d3140
Event: 172.572 Thread 0x000002997b6d3690 Thread exited: 0x000002997b6d3690
Event: 172.766 Thread 0x0000029969dcd2a0 Thread added: 0x0000029970c26600
Event: 177.687 Thread 0x0000029970c26600 Thread exited: 0x0000029970c26600
Event: 191.964 Thread 0x0000029969dcd2a0 Thread added: 0x0000029970c26600
Event: 192.025 Thread 0x0000029970c26600 Thread added: 0x000002997a61f2f0
Event: 192.387 Thread 0x000002997a61f2f0 Thread exited: 0x000002997a61f2f0
Event: 192.387 Thread 0x0000029970c26600 Thread exited: 0x0000029970c26600
Event: 192.513 Thread 0x0000029969dcd2a0 Thread added: 0x0000029970c26600
Event: 192.857 Thread 0x0000029970c26600 Thread exited: 0x0000029970c26600
Event: 194.972 Thread 0x0000029969dcd2a0 Thread added: 0x000002997b6d3140
Event: 195.997 Thread 0x000002997b6d3140 Thread exited: 0x000002997b6d3140
Event: 196.948 Thread 0x000002997b4b9bd0 Thread exited: 0x000002997b4b9bd0
Event: 197.706 Thread 0x000002997561c520 Thread exited: 0x000002997561c520
Event: 200.640 Thread 0x0000029972ae6590 Thread exited: 0x0000029972ae6590


Dynamic libraries:
0x00007ff69f060000 - 0x00007ff69f06e000 	C:\Program Files\Eclipse Adoptium\jdk-17.0.16.8-hotspot\bin\java.exe
0x00007ffde3ba0000 - 0x00007ffde3e07000 	C:\WINDOWS\SYSTEM32\ntdll.dll
0x00007ffde1a60000 - 0x00007ffde1b29000 	C:\WINDOWS\System32\KERNEL32.DLL
0x00007ffde1540000 - 0x00007ffde1931000 	C:\WINDOWS\System32\KERNELBASE.dll
0x00007ffde0cf0000 - 0x00007ffde0e3b000 	C:\WINDOWS\System32\ucrtbase.dll
0x00007ffdc0ec0000 - 0x00007ffdc0ede000 	C:\Program Files\Eclipse Adoptium\jdk-17.0.16.8-hotspot\bin\VCRUNTIME140.dll
0x00007ffdc0ee0000 - 0x00007ffdc0ef7000 	C:\Program Files\Eclipse Adoptium\jdk-17.0.16.8-hotspot\bin\jli.dll
0x00007ffde3980000 - 0x00007ffde3b45000 	C:\WINDOWS\System32\USER32.dll
0x00007ffde11b0000 - 0x00007ffde11d7000 	C:\WINDOWS\System32\win32u.dll
0x00007ffdc67d0000 - 0x00007ffdc6a63000 	C:\WINDOWS\WinSxS\amd64_microsoft.windows.common-controls_6595b64144ccf1df_6.0.26100.8037_none_3e092faae333b53b\COMCTL32.dll
0x00007ffde30c0000 - 0x00007ffde30eb000 	C:\WINDOWS\System32\GDI32.dll
0x00007ffde0f00000 - 0x00007ffde102b000 	C:\WINDOWS\System32\gdi32full.dll
0x00007ffde1290000 - 0x00007ffde1333000 	C:\WINDOWS\System32\msvcp_win.dll
0x00007ffde2610000 - 0x00007ffde26b9000 	C:\WINDOWS\System32\msvcrt.dll
0x00007ffde3170000 - 0x00007ffde31a1000 	C:\WINDOWS\System32\IMM32.DLL
0x00007ffdc0eb0000 - 0x00007ffdc0ebc000 	C:\Program Files\Eclipse Adoptium\jdk-17.0.16.8-hotspot\bin\vcruntime140_1.dll
0x00007ffdc0e20000 - 0x00007ffdc0ead000 	C:\Program Files\Eclipse Adoptium\jdk-17.0.16.8-hotspot\bin\msvcp140.dll
0x00007ffd106e0000 - 0x00007ffd1134b000 	C:\Program Files\Eclipse Adoptium\jdk-17.0.16.8-hotspot\bin\server\jvm.dll
0x00007ffde3390000 - 0x00007ffde344b000 	C:\WINDOWS\System32\ADVAPI32.dll
0x00007ffde36b0000 - 0x00007ffde3757000 	C:\WINDOWS\System32\sechost.dll
0x00007ffde1940000 - 0x00007ffde1a58000 	C:\WINDOWS\System32\RPCRT4.dll
0x00007ffde30f0000 - 0x00007ffde3164000 	C:\WINDOWS\System32\WS2_32.dll
0x00007ffde02e0000 - 0x00007ffde033e000 	C:\WINDOWS\SYSTEM32\POWRPROF.dll
0x00007ffdb8090000 - 0x00007ffdb80c5000 	C:\WINDOWS\SYSTEM32\WINMM.dll
0x00007ffdd7ab0000 - 0x00007ffdd7abb000 	C:\WINDOWS\SYSTEM32\VERSION.dll
0x00007ffde02c0000 - 0x00007ffde02d4000 	C:\WINDOWS\SYSTEM32\UMPDC.dll
0x00007ffddf1d0000 - 0x00007ffddf1eb000 	C:\WINDOWS\SYSTEM32\kernel.appcore.dll
0x00007ffdc0e10000 - 0x00007ffdc0e1a000 	C:\Program Files\Eclipse Adoptium\jdk-17.0.16.8-hotspot\bin\jimage.dll
0x00007ffdde270000 - 0x00007ffdde4b2000 	C:\WINDOWS\SYSTEM32\DBGHELP.DLL
0x00007ffde26c0000 - 0x00007ffde2a42000 	C:\WINDOWS\System32\combase.dll
0x00007ffde2f10000 - 0x00007ffde2fe7000 	C:\WINDOWS\System32\OLEAUT32.dll
0x00007ffdc2320000 - 0x00007ffdc235b000 	C:\WINDOWS\SYSTEM32\dbgcore.DLL
0x00007ffde11e0000 - 0x00007ffde1285000 	C:\WINDOWS\System32\bcryptPrimitives.dll
0x00007ffdc3230000 - 0x00007ffdc323e000 	C:\Program Files\Eclipse Adoptium\jdk-17.0.16.8-hotspot\bin\instrument.dll
0x00007ffdc0de0000 - 0x00007ffdc0e05000 	C:\Program Files\Eclipse Adoptium\jdk-17.0.16.8-hotspot\bin\java.dll
0x00007ffd4a2a0000 - 0x00007ffd4a377000 	C:\Program Files\Eclipse Adoptium\jdk-17.0.16.8-hotspot\bin\jsvml.dll
0x00007ffde1bd0000 - 0x00007ffde232f000 	C:\WINDOWS\System32\SHELL32.dll
0x00007ffde13d0000 - 0x00007ffde153a000 	C:\WINDOWS\System32\wintypes.dll
0x00007ffde0480000 - 0x00007ffde0ce4000 	C:\WINDOWS\System32\windows.storage.dll
0x00007ffde2340000 - 0x00007ffde2437000 	C:\WINDOWS\System32\SHCORE.dll
0x00007ffde2ff0000 - 0x00007ffde3057000 	C:\WINDOWS\System32\shlwapi.dll
0x00007ffde03a0000 - 0x00007ffde03c9000 	C:\WINDOWS\SYSTEM32\profapi.dll
0x00007ffdc0d80000 - 0x00007ffdc0d98000 	C:\Program Files\Eclipse Adoptium\jdk-17.0.16.8-hotspot\bin\zip.dll
0x00007ffdc0dc0000 - 0x00007ffdc0dd9000 	C:\Program Files\Eclipse Adoptium\jdk-17.0.16.8-hotspot\bin\net.dll
0x00007ffdd2f60000 - 0x00007ffdd3087000 	C:\WINDOWS\SYSTEM32\WINHTTP.dll
0x00007ffddf720000 - 0x00007ffddf78b000 	C:\WINDOWS\system32\mswsock.dll
0x00007ffdc0da0000 - 0x00007ffdc0db6000 	C:\Program Files\Eclipse Adoptium\jdk-17.0.16.8-hotspot\bin\nio.dll
0x00007ffdb35e0000 - 0x00007ffdb35f0000 	C:\Program Files\Eclipse Adoptium\jdk-17.0.16.8-hotspot\bin\verify.dll
0x00007ffd90a20000 - 0x00007ffd90a47000 	C:\Users\dell\.gradle\native\1def1411415f61bf3af743bc5b6707747c0891f09f0c88961ee8f79bc544acac\windows-amd64\native-platform.dll
0x00007ffd74400000 - 0x00007ffd74477000 	C:\Users\dell\.gradle\native\0.2.8\x86_64-windows-gnu\gradle-fileevents.dll
0x00007ffdc0d50000 - 0x00007ffdc0d5a000 	C:\Program Files\Eclipse Adoptium\jdk-17.0.16.8-hotspot\bin\management.dll
0x00007ffdc0d40000 - 0x00007ffdc0d4b000 	C:\Program Files\Eclipse Adoptium\jdk-17.0.16.8-hotspot\bin\management_ext.dll
0x00007ffde3450000 - 0x00007ffde3458000 	C:\WINDOWS\System32\PSAPI.DLL
0x00007ffddebc0000 - 0x00007ffddebf3000 	C:\WINDOWS\SYSTEM32\IPHLPAPI.DLL
0x00007ffde2500000 - 0x00007ffde250a000 	C:\WINDOWS\System32\NSI.dll
0x00007ffdd69b0000 - 0x00007ffdd69cd000 	C:\WINDOWS\SYSTEM32\dhcpcsvc6.DLL
0x00007ffdd6830000 - 0x00007ffdd6853000 	C:\WINDOWS\SYSTEM32\dhcpcsvc.DLL
0x00007ffddec00000 - 0x00007ffdded2a000 	C:\WINDOWS\SYSTEM32\DNSAPI.dll
0x00007ffdab650000 - 0x00007ffdab659000 	C:\Program Files\Eclipse Adoptium\jdk-17.0.16.8-hotspot\bin\extnet.dll
0x00007ffddfb20000 - 0x00007ffddfb3b000 	C:\WINDOWS\SYSTEM32\CRYPTSP.dll
0x00007ffddf130000 - 0x00007ffddf169000 	C:\WINDOWS\system32\rsaenh.dll
0x00007ffddf7d0000 - 0x00007ffddf802000 	C:\WINDOWS\SYSTEM32\USERENV.dll
0x00007ffde0370000 - 0x00007ffde039a000 	C:\WINDOWS\SYSTEM32\bcrypt.dll
0x00007ffddf980000 - 0x00007ffddf98c000 	C:\WINDOWS\SYSTEM32\CRYPTBASE.dll
0x00007ffdc3220000 - 0x00007ffdc322e000 	C:\Program Files\Eclipse Adoptium\jdk-17.0.16.8-hotspot\bin\sunmscapi.dll
0x00007ffde1030000 - 0x00007ffde11a7000 	C:\WINDOWS\System32\CRYPT32.dll
0x00007ffddfc80000 - 0x00007ffddfcb0000 	C:\WINDOWS\SYSTEM32\ncrypt.dll
0x00007ffddfc30000 - 0x00007ffddfc6f000 	C:\WINDOWS\SYSTEM32\NTASN1.dll
0x00007ffddd730000 - 0x00007ffddd738000 	C:\WINDOWS\system32\wshunix.dll
0x00007ffddf2f0000 - 0x00007ffddf326000 	C:\WINDOWS\SYSTEM32\ntmarta.dll
0x00007ffdd8490000 - 0x00007ffdd8497000 	C:\Program Files\Eclipse Adoptium\jdk-17.0.16.8-hotspot\bin\rmi.dll

dbghelp: loaded successfully - version: 4.0.5 - missing functions: none
symbol engine: initialized successfully - sym options: 0x614 - pdb path: .;C:\Program Files\Eclipse Adoptium\jdk-17.0.16.8-hotspot\bin;C:\WINDOWS\SYSTEM32;C:\WINDOWS\WinSxS\amd64_microsoft.windows.common-controls_6595b64144ccf1df_6.0.26100.8037_none_3e092faae333b53b;C:\Program Files\Eclipse Adoptium\jdk-17.0.16.8-hotspot\bin\server;C:\Users\dell\.gradle\native\1def1411415f61bf3af743bc5b6707747c0891f09f0c88961ee8f79bc544acac\windows-amd64;C:\Users\dell\.gradle\native\0.2.8\x86_64-windows-gnu

VM Arguments:
jvm_args: --add-opens=java.base/java.lang=ALL-UNNAMED --add-opens=java.base/java.lang.invoke=ALL-UNNAMED --add-opens=java.base/java.util=ALL-UNNAMED --add-opens=java.prefs/java.util.prefs=ALL-UNNAMED --add-exports=jdk.compiler/com.sun.tools.javac.api=ALL-UNNAMED --add-exports=jdk.compiler/com.sun.tools.javac.util=ALL-UNNAMED --add-opens=java.base/java.util=ALL-UNNAMED --add-opens=java.prefs/java.util.prefs=ALL-UNNAMED --add-opens=java.base/java.nio.charset=ALL-UNNAMED --add-opens=java.base/java.net=ALL-UNNAMED --add-opens=java.base/java.util.concurrent=ALL-UNNAMED --add-opens=java.base/java.util.concurrent.atomic=ALL-UNNAMED --add-opens=java.xml/javax.xml.namespace=ALL-UNNAMED -XX:MaxMetaspaceSize=512m -Xmx2048m -Dfile.encoding=windows-1252 -Duser.country=US -Duser.language=en -Duser.variant -javaagent:C:\Users\dell\.gradle\wrapper\dists\gradle-9.0.0-bin\d6wjpkvcgsg3oed0qlfss3wgl\gradle-9.0.0\lib\agents\gradle-instrumentation-agent-9.0.0.jar 
java_command: org.gradle.launcher.daemon.bootstrap.GradleDaemon 9.0.0
java_class_path (initial): C:\Users\dell\.gradle\wrapper\dists\gradle-9.0.0-bin\d6wjpkvcgsg3oed0qlfss3wgl\gradle-9.0.0\lib\gradle-daemon-main-9.0.0.jar
Launcher Type: SUN_STANDARD

[Global flags]
     intx CICompilerCount                          = 4                                         {product} {ergonomic}
   size_t CompressedClassSpaceSize                 = 436207616                                 {product} {ergonomic}
     uint ConcGCThreads                            = 2                                         {product} {ergonomic}
     uint G1ConcRefinementThreads                  = 8                                         {product} {ergonomic}
   size_t G1HeapRegionSize                         = 1048576                                   {product} {ergonomic}
    uintx GCDrainStackTargetSize                   = 64                                        {product} {ergonomic}
   size_t InitialHeapSize                          = 132120576                                 {product} {ergonomic}
   size_t MarkStackSize                            = 4194304                                   {product} {ergonomic}
   size_t MaxHeapSize                              = 2147483648                                {product} {command line}
   size_t MaxMetaspaceSize                         = 536870912                                 {product} {command line}
   size_t MaxNewSize                               = 1287651328                                {product} {ergonomic}
   size_t MinHeapDeltaBytes                        = 1048576                                   {product} {ergonomic}
   size_t MinHeapSize                              = 8388608                                   {product} {ergonomic}
    uintx NonNMethodCodeHeapSize                   = 5839372                                {pd product} {ergonomic}
    uintx NonProfiledCodeHeapSize                  = 122909434                              {pd product} {ergonomic}
    uintx ProfiledCodeHeapSize                     = 122909434                              {pd product} {ergonomic}
    uintx ReservedCodeCacheSize                    = 251658240                              {pd product} {ergonomic}
     bool SegmentedCodeCache                       = true                                      {product} {ergonomic}
   size_t SoftMaxHeapSize                          = 2147483648                             {manageable} {ergonomic}
     bool UseCompressedClassPointers               = true                           {product lp64_product} {ergonomic}
     bool UseCompressedOops                        = true                           {product lp64_product} {ergonomic}
     bool UseG1GC                                  = true                                      {product} {ergonomic}
     bool UseLargePagesIndividualAllocation        = false                                  {pd product} {ergonomic}

Logging:
Log output configuration:
 #0: stdout all=warning uptime,level,tags
 #1: stderr all=off uptime,level,tags

Environment Variables:
JAVA_HOME=C:\Program Files\Eclipse Adoptium\jdk-17.0.16.8-hotspot\
PATH=C:\Users\dell\Desktop\SWIPS\samwega-pos-bare\node_modules\.bin;C:\Users\dell\Desktop\SWIPS\samwega-pos-bare\node_modules\.bin;C:\Users\dell\Desktop\SWIPS\node_modules\.bin;C:\Users\dell\Desktop\node_modules\.bin;C:\Users\dell\node_modules\.bin;C:\Users\node_modules\.bin;C:\node_modules\.bin;C:\Users\dell\AppData\Roaming\npm\node_modules\npm\node_modules\@npmcli\run-script\lib\node-gyp-bin;C:\Program Files\Eclipse Adoptium\jdk-17.0.16.8-hotspot\bin;C:\WINDOWS\system32;C:\WINDOWS;C:\WINDOWS\System32\Wbem;C:\WINDOWS\System32\WindowsPowerShell\v1.0\;C:\WINDOWS\System32\OpenSSH\;C:\Program Files\nodejs\;C:\Program Files\Git\cmd;C:\Program Files\Gammu 1.42.0\bin;C:\Users\dell\.cargo\bin;C:\Users\dell\AppData\Local\Programs\Python\Python313\Scripts\;C:\Users\dell\AppData\Local\Programs\Python\Python313\;C:\Users\dell\AppData\Local\Programs\Python\Launcher\;C:\Users\dell\AppData\Local\Microsoft\WindowsApps;C:\Users\dell\AppData\Roaming\npm;C:\Users\dell\AppData\Local\Programs\Microsoft VS Code\bin;C:\Users\dell\.cargo\bin;C:\Android\sdk\platform-tools;C:\Users\dell\AppData\Local\Programs\Antigravity\bin
USERNAME=dell
OS=Windows_NT
PROCESSOR_IDENTIFIER=Intel64 Family 6 Model 142 Stepping 12, GenuineIntel
TMP=C:\Users\dell\AppData\Local\Temp
TEMP=C:\Users\dell\AppData\Local\Temp



Periodic native trim disabled


---------------  S Y S T E M  ---------------

OS:
 Windows 11 , 64 bit Build 26100 (10.0.26100.7920)
OS uptime: 0 days 14:45 hours
Hyper-V role detected

CPU: total 8 (initial active 8) (4 cores per cpu, 2 threads per core) family 6 model 142 stepping 12 microcode 0xfc, cx8, cmov, fxsr, ht, mmx, 3dnowpref, sse, sse2, sse3, ssse3, sse4.1, sse4.2, popcnt, lzcnt, tsc, tscinvbit, avx, avx2, aes, erms, clmul, bmi1, bmi2, adx, fma, vzeroupper, clflush, clflushopt, hv
Processor Information for processor 0
  Max Mhz: 1800, Current Mhz: 1500, Mhz Limit: 1584
Processor Information for processor 1
  Max Mhz: 1800, Current Mhz: 1500, Mhz Limit: 1584
Processor Information for processor 2
  Max Mhz: 1800, Current Mhz: 1500, Mhz Limit: 1584
Processor Information for processor 3
  Max Mhz: 1800, Current Mhz: 1500, Mhz Limit: 1584
Processor Information for processor 4
  Max Mhz: 1800, Current Mhz: 1500, Mhz Limit: 1584
Processor Information for processor 5
  Max Mhz: 1800, Current Mhz: 1600, Mhz Limit: 1584
Processor Information for processor 6
  Max Mhz: 1800, Current Mhz: 1500, Mhz Limit: 1584
Processor Information for processor 7
  Max Mhz: 1800, Current Mhz: 1500, Mhz Limit: 1584

Memory: 4k page, system-wide physical 8012M (474M free)
TotalPageFile size 20804M (AvailPageFile size 4M)
current process WorkingSet (physical memory assigned to process): 915M, peak: 1093M
current process commit charge ("private bytes"): 1335M, peak: 1337M

vm_info: OpenJDK 64-Bit Server VM (17.0.16+8) for windows-amd64 JRE (17.0.16+8), built on Jul 16 2025 10:37:56 by "admin" with MS VC++ 17.7 (VS2022)

END.
